460903 resourcemgmtdaeomon node-25 server subsys 1145552216 1 failed to configure resourcemgmt subsystem err = 10
460919 resourcemgmtdaeomon node-25 server subsys 1145552221 1 failed to configure resourcemgmt subsystem err = 10
460932 resourcemgmtdaeomon node-25 server subsys 1145552226 1 failed to configure resourcemgmt subsystem err = 10
460949 resourcemgmtdaeomon node-25 server subsys 1145552232 1 failed to configure resourcemgmt subsystem err = 10
460971 resourcemgmtdaeomon node-25 server subsys 1145552237 1 failed to configure resourcemgmt subsystem err = 10
462410 resourcemgmtdaeomon node-25 server subsys 1145552885 1 failed to configure resourcemgmt subsystem err = 10
462413 resourcemgmtdaeomon node-25 server subsys 1145552891 1 failed to configure resourcemgmt subsystem err = 10
462415 resourcemgmtdaeomon node-25 server subsys 1145552896 1 failed to configure resourcemgmt subsystem err = 10
462417 resourcemgmtdaeomon node-25 server subsys 1145552902 1 failed to configure resourcemgmt subsystem err = 10
462419 resourcemgmtdaeomon node-25 server subsys 1145552907 1 failed to configure resourcemgmt subsystem err = 10
462425 resourcemgmtdaeomon node-25 server subsys 1145552913 1 failed to configure resourcemgmt subsystem err = 10
462450 resourcemgmtdaeomon node-31 server subsys 1145552927 1 failed to configure resourcemgmt subsystem err = 10
462467 resourcemgmtdaeomon node-31 server subsys 1145552932 1 failed to configure resourcemgmt subsystem err = 10
462481 resourcemgmtdaeomon node-31 server subsys 1145552937 1 failed to configure resourcemgmt subsystem err = 10
462489 resourcemgmtdaeomon node-31 server subsys 1145552943 1 failed to configure resourcemgmt subsystem err = 10
462496 resourcemgmtdaeomon node-31 server subsys 1145552948 1 failed to configure resourcemgmt subsystem err = 10
463304 resourcemgmtdaeomon node-25 server subsys 1145553546 1 failed to configure resourcemgmt subsystem err = 10
463309 resourcemgmtdaeomon node-25 server subsys 1145553551 1 failed to configure resourcemgmt subsystem err = 10
463310 resourcemgmtdaeomon node-25 server subsys 1145553556 1 failed to configure resourcemgmt subsystem err = 10
463311 resourcemgmtdaeomon node-25 server subsys 1145553562 1 failed to configure resourcemgmt subsystem err = 10
463312 resourcemgmtdaeomon node-25 server subsys 1145553567 1 failed to configure resourcemgmt subsystem err = 10
463317 resourcemgmtdaeomon node-25 server subsys 1145553572 1 failed to configure resourcemgmt subsystem err = 10
463322 resourcemgmtdaeomon node-31 server subsys 1145553605 1 failed to configure resourcemgmt subsystem err = 10
463325 resourcemgmtdaeomon node-31 server subsys 1145553610 1 failed to configure resourcemgmt subsystem err = 10
463328 resourcemgmtdaeomon node-31 server subsys 1145553616 1 failed to configure resourcemgmt subsystem err = 10
463329 resourcemgmtdaeomon node-31 server subsys 1145553621 1 failed to configure resourcemgmt subsystem err = 10
463330 resourcemgmtdaeomon node-31 server subsys 1145553627 1 failed to configure resourcemgmt subsystem err = 10
463335 resourcemgmtdaeomon node-31 server subsys 1145553632 1 failed to configure resourcemgmt subsystem err = 10
463466 resourcemgmtdaeomon node-25 server subsys 1145554206 1 failed to configure resourcemgmt subsystem err = 10
463467 resourcemgmtdaeomon node-25 server subsys 1145554211 1 failed to configure resourcemgmt subsystem err = 10
463473 resourcemgmtdaeomon node-25 server subsys 1145554217 1 failed to configure resourcemgmt subsystem err = 10
463474 resourcemgmtdaeomon node-25 server subsys 1145554222 1 failed to configure resourcemgmt subsystem err = 10
463475 resourcemgmtdaeomon node-25 server subsys 1145554227 1 failed to configure resourcemgmt subsystem err = 10
463478 resourcemgmtdaeomon node-25 server subsys 1145554232 1 failed to configure resourcemgmt subsystem err = 10
463487 resourcemgmtdaeomon node-31 server subsys 1145554266 1 failed to configure resourcemgmt subsystem err = 10
463488 resourcemgmtdaeomon node-31 server subsys 1145554271 1 failed to configure resourcemgmt subsystem err = 10
463491 resourcemgmtdaeomon node-31 server subsys 1145554276 1 failed to configure resourcemgmt subsystem err = 10
463492 resourcemgmtdaeomon node-31 server subsys 1145554282 1 failed to configure resourcemgmt subsystem err = 10
463493 resourcemgmtdaeomon node-31 server subsys 1145554287 1 failed to configure resourcemgmt subsystem err = 10
463494 resourcemgmtdaeomon node-31 server subsys 1145554292 1 failed to configure resourcemgmt subsystem err = 10
463515 resourcemgmtdaeomon node-31 server subsys 1145554490 1 failed to configure resourcemgmt subsystem err = 10
463516 resourcemgmtdaeomon node-31 server subsys 1145554496 1 failed to configure resourcemgmt subsystem err = 10
463517 resourcemgmtdaeomon node-31 server subsys 1145554501 1 failed to configure resourcemgmt subsystem err = 10
463520 resourcemgmtdaeomon node-31 server subsys 1145554506 1 failed to configure resourcemgmt subsystem err = 10
463521 resourcemgmtdaeomon node-31 server subsys 1145554512 1 failed to configure resourcemgmt subsystem err = 10
463779 resourcemgmtdaeomon node-25 server subsys 1145554547 1 failed to configure resourcemgmt subsystem err = 10
463780 resourcemgmtdaeomon node-25 server subsys 1145554552 1 failed to configure resourcemgmt subsystem err = 10
463781 resourcemgmtdaeomon node-25 server subsys 1145554558 1 failed to configure resourcemgmt subsystem err = 10
463782 resourcemgmtdaeomon node-25 server subsys 1145554563 1 failed to configure resourcemgmt subsystem err = 10
463785 resourcemgmtdaeomon node-25 server subsys 1145554568 1 failed to configure resourcemgmt subsystem err = 10
2557285 node-233 unix.hw state_change.unavailable 1072945921 1 Component State Change: Component \042alt0\042 is in the unavailable state (HWID=1328)
2562603 node-233 unix.hw state_change.unavailable 1073550845 1 Component State Change: Component \042alt0\042 is in the unavailable state (HWID=1328)
2561225 node-228 unix.hw state_change.unavailable 1073373907 1 Component State Change: Component \042alt0\042 is in the unavailable state (HWID=252)
2598209 node-ms0 unix.hw state_change.unavailable 1074291273 1 Component State Change: Component \042alt0\042 is in the unavailable state (HWID=61)
2598216 node-ms0 unix.hw state_change.unavailable 1074291570 1 Component State Change: Component \042alt0\042 is in the unavailable state (HWID=61)
2602252 node-128 unix.hw state_change.unavailable 1074300563 1 Component State Change: Component \042alt0\042 is in the unavailable state (HWID=41)
2602253 node-160 unix.hw state_change.unavailable 1074300563 1 Component State Change: Component \042alt0\042 is in the unavailable state (HWID=41)
2602254 node-158 unix.hw state_change.unavailable 1074300563 1 Component State Change: Component \042alt0\042 is in the unavailable state (HWID=4442)
2602255 node-191 unix.hw state_change.unavailable 1074300563 1 Component State Change: Component \042alt0\042 is in the unavailable state (HWID=4513)
2602256 node-159 unix.hw state_change.unavailable 1074300563 1 Component State Change: Component \042alt0\042 is in the unavailable state (HWID=4512)
2602257 node-183 unix.hw state_change.unavailable 1074300563 1 Component State Change: Component \042alt0\042 is in the unavailable state (HWID=3949)
2602258 node-156 unix.hw state_change.unavailable 1074300563 1 Component State Change: Component \042alt0\042 is in the unavailable state (HWID=4228)
2602259 node-188 unix.hw state_change.unavailable 1074300563 1 Component State Change: Component \042alt0\042 is in the unavailable state (HWID=4229)
2602260 node-155 unix.hw state_change.unavailable 1074300563 1 Component State Change: Component \042alt0\042 is in the unavailable state (HWID=2898)
2602261 node-186 unix.hw state_change.unavailable 1074300563 1 Component State Change: Component \042alt0\042 is in the unavailable state (HWID=2899)
2602262 node-150 unix.hw state_change.unavailable 1074300563 1 Component State Change: Component \042alt0\042 is in the unavailable state (HWID=3878)
2602263 node-190 unix.hw state_change.unavailable 1074300563 1 Component State Change: Component \042alt0\042 is in the unavailable state (HWID=4443)
2602264 node-148 unix.hw state_change.unavailable 1074300563 1 Component State Change: Component \042alt0\042 is in the unavailable state (HWID=3738)
2602265 node-173 unix.hw state_change.unavailable 1074300563 1 Component State Change: Component \042alt0\042 is in the unavailable state (HWID=3249)
2602266 node-142 unix.hw state_change.unavailable 1074300563 1 Component State Change: Component \042alt0\042 is in the unavailable state (HWID=3318)
2602267 node-184 unix.hw state_change.unavailable 1074300563 1 Component State Change: Component \042alt0\042 is in the unavailable state (HWID=4019)
2602268 node-153 unix.hw state_change.unavailable 1074300563 1 Component State Change: Component \042alt0\042 is in the unavailable state (HWID=4088)
2602269 node-177 unix.hw state_change.unavailable 1074300563 1 Component State Change: Component \042alt0\042 is in the unavailable state (HWID=3529)
2602270 node-139 unix.hw state_change.unavailable 1074300563 1 Component State Change: Component \042alt0\042 is in the unavailable state (HWID=3108)
2602271 node-174 unix.hw state_change.unavailable 1074300563 1 Component State Change: Component \042alt0\042 is in the unavailable state (HWID=3319)
2602272 node-143 unix.hw state_change.unavailable 1074300563 1 Component State Change: Component \042alt0\042 is in the unavailable state (HWID=3388)
2602273 node-182 unix.hw state_change.unavailable 1074300563 1 Component State Change: Component \042alt0\042 is in the unavailable state (HWID=3879)
2602274 node-145 unix.hw state_change.unavailable 1074300563 1 Component State Change: Component \042alt0\042 is in the unavailable state (HWID=3528)
2602275 node-146 unix.hw state_change.unavailable 1074300563 1 Component State Change: Component \042alt0\042 is in the unavailable state (HWID=3598)
2602276 node-169 unix.hw state_change.unavailable 1074300564 1 Component State Change: Component \042alt0\042 is in the unavailable state (HWID=2969)
2602277 node-167 unix.hw state_change.unavailable 1074300564 1 Component State Change: Component \042alt0\042 is in the unavailable state (HWID=2479)
2602278 node-137 unix.hw state_change.unavailable 1074300563 1 Component State Change: Component \042alt0\042 is in the unavailable state (HWID=2968)
2602279 node-172 unix.hw state_change.unavailable 1074300564 1 Component State Change: Component \042alt0\042 is in the unavailable state (HWID=3179)
2602280 node-141 unix.hw state_change.unavailable 1074300564 1 Component State Change: Component \042alt0\042 is in the unavailable state (HWID=3248)
2602281 node-131 unix.hw state_change.unavailable 1074300564 1 Component State Change: Component \042alt0\042 is in the unavailable state (HWID=2618)
2602282 node-179 unix.hw state_change.unavailable 1074300564 1 Component State Change: Component \042alt0\042 is in the unavailable state (HWID=3669)
2602283 node-130 unix.hw state_change.unavailable 1074300564 1 Component State Change: Component \042alt0\042 is in the unavailable state (HWID=2478)
2602284 node-170 unix.hw state_change.unavailable 1074300564 1 Component State Change: Component \042alt0\042 is in the unavailable state (HWID=3039)
2602285 node-134 unix.hw state_change.unavailable 1074300564 1 Component State Change: Component \042alt0\042 is in the unavailable state (HWID=2688)
2602286 node-166 unix.hw state_change.unavailable 1074300564 1 Component State Change: Component \042alt0\042 is in the unavailable state (HWID=2689)
2602287 node-135 unix.hw state_change.unavailable 1074300564 1 Component State Change: Component \042alt0\042 is in the unavailable state (HWID=2828)
2602288 node-171 unix.hw state_change.unavailable 1074300564 1 Component State Change: Component \042alt0\042 is in the unavailable state (HWID=3109)
2602289 node-136 unix.hw state_change.unavailable 1074300564 1 Component State Change: Component \042alt0\042 is in the unavailable state (HWID=2408)
2602290 node-187 unix.hw state_change.unavailable 1074300564 1 Component State Change: Component \042alt0\042 is in the unavailable state (HWID=4159)
2602291 node-152 unix.hw state_change.unavailable 1074300564 1 Component State Change: Component \042alt0\042 is in the unavailable state (HWID=4018)
2602292 node-185 unix.hw state_change.unavailable 1074300564 1 Component State Change: Component \042alt0\042 is in the unavailable state (HWID=4089)
2602293 node-157 unix.hw state_change.unavailable 1074300564 1 Component State Change: Component \042alt0\042 is in the unavailable state (HWID=4372)
2602294 node-132 unix.hw state_change.unavailable 1074300564 1 Component State Change: Component \042alt0\042 is in the unavailable state (HWID=2548)
2602295 node-163 unix.hw state_change.unavailable 1074300564 1 Component State Change: Component \042alt0\042 is in the unavailable state (HWID=2759)
2602296 node-154 unix.hw state_change.unavailable 1074300564 1 Component State Change: Component \042alt0\042 is in the unavailable state (HWID=4158)
2602297 node-175 unix.hw state_change.unavailable 1074300564 1 Component State Change: Component \042alt0\042 is in the unavailable state (HWID=3389)
2602298 node-151 unix.hw state_change.unavailable 1074300564 1 Component State Change: Component \042alt0\042 is in the unavailable state (HWID=3948)
2602299 node-162 unix.hw state_change.unavailable 1074300564 1 Component State Change: Component \042alt0\042 is in the unavailable state (HWID=2829)
2602300 node-144 unix.hw state_change.unavailable 1074300564 1 Component State Change: Component \042alt0\042 is in the unavailable state (HWID=3458)
2602301 node-189 unix.hw state_change.unavailable 1074300564 1 Component State Change: Component \042alt0\042 is in the unavailable state (HWID=4373)
2602302 node-149 unix.hw state_change.unavailable 1074300564 1 Component State Change: Component \042alt0\042 is in the unavailable state (HWID=3808)
2602303 node-180 unix.hw state_change.unavailable 1074300564 1 Component State Change: Component \042alt0\042 is in the unavailable state (HWID=3739)
2602304 node-138 unix.hw state_change.unavailable 1074300564 1 Component State Change: Component \042alt0\042 is in the unavailable state (HWID=3038)
2602305 node-181 unix.hw state_change.unavailable 1074300564 1 Component State Change: Component \042alt0\042 is in the unavailable state (HWID=3809)
2602306 node-147 unix.hw state_change.unavailable 1074300564 1 Component State Change: Component \042alt0\042 is in the unavailable state (HWID=3668)
2602307 node-178 unix.hw state_change.unavailable 1074300564 1 Component State Change: Component \042alt0\042 is in the unavailable state (HWID=3599)
2602308 node-140 unix.hw state_change.unavailable 1074300564 1 Component State Change: Component \042alt0\042 is in the unavailable state (HWID=3178)
2602309 node-176 unix.hw state_change.unavailable 1074300564 1 Component State Change: Component \042alt0\042 is in the unavailable state (HWID=3459)
2602310 node-129 unix.hw state_change.unavailable 1074300564 1 Component State Change: Component \042alt0\042 is in the unavailable state (HWID=4302)
2602311 node-168 unix.hw state_change.unavailable 1074300564 1 Component State Change: Component \042alt0\042 is in the unavailable state (HWID=2409)
2602312 node-133 unix.hw state_change.unavailable 1074300564 1 Component State Change: Component \042alt0\042 is in the unavailable state (HWID=2758)
2602313 node-165 unix.hw state_change.unavailable 1074300564 1 Component State Change: Component \042alt0\042 is in the unavailable state (HWID=2549)
2602314 node-164 unix.hw state_change.unavailable 1074300564 1 Component State Change: Component \042alt0\042 is in the unavailable state (HWID=4583)
2602315 node-161 unix.hw state_change.unavailable 1074300564 1 Component State Change: Component \042alt0\042 is in the unavailable state (HWID=4303)
2598209 node-ms0 unix.hw state_change.unavailable 1074291273 1 Component State Change: Component \042alt0\042 is in the unavailable state (HWID=61)
2598216 node-ms0 unix.hw state_change.unavailable 1074291570 1 Component State Change: Component \042alt0\042 is in the unavailable state (HWID=61)
2602252 node-128 unix.hw state_change.unavailable 1074300563 1 Component State Change: Component \042alt0\042 is in the unavailable state (HWID=41)
2602253 node-160 unix.hw state_change.unavailable 1074300563 1 Component State Change: Component \042alt0\042 is in the unavailable state (HWID=41)
2602254 node-158 unix.hw state_change.unavailable 1074300563 1 Component State Change: Component \042alt0\042 is in the unavailable state (HWID=4442)
2602255 node-191 unix.hw state_change.unavailable 1074300563 1 Component State Change: Component \042alt0\042 is in the unavailable state (HWID=4513)
2602256 node-159 unix.hw state_change.unavailable 1074300563 1 Component State Change: Component \042alt0\042 is in the unavailable state (HWID=4512)
2602257 node-183 unix.hw state_change.unavailable 1074300563 1 Component State Change: Component \042alt0\042 is in the unavailable state (HWID=3949)
2602258 node-156 unix.hw state_change.unavailable 1074300563 1 Component State Change: Component \042alt0\042 is in the unavailable state (HWID=4228)
2602259 node-188 unix.hw state_change.unavailable 1074300563 1 Component State Change: Component \042alt0\042 is in the unavailable state (HWID=4229)
2602260 node-155 unix.hw state_change.unavailable 1074300563 1 Component State Change: Component \042alt0\042 is in the unavailable state (HWID=2898)
2602261 node-186 unix.hw state_change.unavailable 1074300563 1 Component State Change: Component \042alt0\042 is in the unavailable state (HWID=2899)
2602262 node-150 unix.hw state_change.unavailable 1074300563 1 Component State Change: Component \042alt0\042 is in the unavailable state (HWID=3878)
2602263 node-190 unix.hw state_change.unavailable 1074300563 1 Component State Change: Component \042alt0\042 is in the unavailable state (HWID=4443)
2602264 node-148 unix.hw state_change.unavailable 1074300563 1 Component State Change: Component \042alt0\042 is in the unavailable state (HWID=3738)
2602265 node-173 unix.hw state_change.unavailable 1074300563 1 Component State Change: Component \042alt0\042 is in the unavailable state (HWID=3249)
2602266 node-142 unix.hw state_change.unavailable 1074300563 1 Component State Change: Component \042alt0\042 is in the unavailable state (HWID=3318)
2602267 node-184 unix.hw state_change.unavailable 1074300563 1 Component State Change: Component \042alt0\042 is in the unavailable state (HWID=4019)
2602268 node-153 unix.hw state_change.unavailable 1074300563 1 Component State Change: Component \042alt0\042 is in the unavailable state (HWID=4088)
2602269 node-177 unix.hw state_change.unavailable 1074300563 1 Component State Change: Component \042alt0\042 is in the unavailable state (HWID=3529)
2602270 node-139 unix.hw state_change.unavailable 1074300563 1 Component State Change: Component \042alt0\042 is in the unavailable state (HWID=3108)
2602271 node-174 unix.hw state_change.unavailable 1074300563 1 Component State Change: Component \042alt0\042 is in the unavailable state (HWID=3319)
2602272 node-143 unix.hw state_change.unavailable 1074300563 1 Component State Change: Component \042alt0\042 is in the unavailable state (HWID=3388)
2602273 node-182 unix.hw state_change.unavailable 1074300563 1 Component State Change: Component \042alt0\042 is in the unavailable state (HWID=3879)
2602274 node-145 unix.hw state_change.unavailable 1074300563 1 Component State Change: Component \042alt0\042 is in the unavailable state (HWID=3528)
2602275 node-146 unix.hw state_change.unavailable 1074300563 1 Component State Change: Component \042alt0\042 is in the unavailable state (HWID=3598)
2602276 node-169 unix.hw state_change.unavailable 1074300564 1 Component State Change: Component \042alt0\042 is in the unavailable state (HWID=2969)
2602277 node-167 unix.hw state_change.unavailable 1074300564 1 Component State Change: Component \042alt0\042 is in the unavailable state (HWID=2479)
2602278 node-137 unix.hw state_change.unavailable 1074300563 1 Component State Change: Component \042alt0\042 is in the unavailable state (HWID=2968)
2602279 node-172 unix.hw state_change.unavailable 1074300564 1 Component State Change: Component \042alt0\042 is in the unavailable state (HWID=3179)
2602280 node-141 unix.hw state_change.unavailable 1074300564 1 Component State Change: Component \042alt0\042 is in the unavailable state (HWID=3248)
2602281 node-131 unix.hw state_change.unavailable 1074300564 1 Component State Change: Component \042alt0\042 is in the unavailable state (HWID=2618)
2602282 node-179 unix.hw state_change.unavailable 1074300564 1 Component State Change: Component \042alt0\042 is in the unavailable state (HWID=3669)
2602283 node-130 unix.hw state_change.unavailable 1074300564 1 Component State Change: Component \042alt0\042 is in the unavailable state (HWID=2478)
2602284 node-170 unix.hw state_change.unavailable 1074300564 1 Component State Change: Component \042alt0\042 is in the unavailable state (HWID=3039)
2602285 node-134 unix.hw state_change.unavailable 1074300564 1 Component State Change: Component \042alt0\042 is in the unavailable state (HWID=2688)
2602286 node-166 unix.hw state_change.unavailable 1074300564 1 Component State Change: Component \042alt0\042 is in the unavailable state (HWID=2689)
2602287 node-135 unix.hw state_change.unavailable 1074300564 1 Component State Change: Component \042alt0\042 is in the unavailable state (HWID=2828)
2602288 node-171 unix.hw state_change.unavailable 1074300564 1 Component State Change: Component \042alt0\042 is in the unavailable state (HWID=3109)
2602289 node-136 unix.hw state_change.unavailable 1074300564 1 Component State Change: Component \042alt0\042 is in the unavailable state (HWID=2408)
2602290 node-187 unix.hw state_change.unavailable 1074300564 1 Component State Change: Component \042alt0\042 is in the unavailable state (HWID=4159)
2602291 node-152 unix.hw state_change.unavailable 1074300564 1 Component State Change: Component \042alt0\042 is in the unavailable state (HWID=4018)
2602292 node-185 unix.hw state_change.unavailable 1074300564 1 Component State Change: Component \042alt0\042 is in the unavailable state (HWID=4089)
2602293 node-157 unix.hw state_change.unavailable 1074300564 1 Component State Change: Component \042alt0\042 is in the unavailable state (HWID=4372)
2602294 node-132 unix.hw state_change.unavailable 1074300564 1 Component State Change: Component \042alt0\042 is in the unavailable state (HWID=2548)
2602295 node-163 unix.hw state_change.unavailable 1074300564 1 Component State Change: Component \042alt0\042 is in the unavailable state (HWID=2759)
2602296 node-154 unix.hw state_change.unavailable 1074300564 1 Component State Change: Component \042alt0\042 is in the unavailable state (HWID=4158)
2602297 node-175 unix.hw state_change.unavailable 1074300564 1 Component State Change: Component \042alt0\042 is in the unavailable state (HWID=3389)
2602298 node-151 unix.hw state_change.unavailable 1074300564 1 Component State Change: Component \042alt0\042 is in the unavailable state (HWID=3948)
2602299 node-162 unix.hw state_change.unavailable 1074300564 1 Component State Change: Component \042alt0\042 is in the unavailable state (HWID=2829)
2602300 node-144 unix.hw state_change.unavailable 1074300564 1 Component State Change: Component \042alt0\042 is in the unavailable state (HWID=3458)
2602301 node-189 unix.hw state_change.unavailable 1074300564 1 Component State Change: Component \042alt0\042 is in the unavailable state (HWID=4373)
2602302 node-149 unix.hw state_change.unavailable 1074300564 1 Component State Change: Component \042alt0\042 is in the unavailable state (HWID=3808)
2602303 node-180 unix.hw state_change.unavailable 1074300564 1 Component State Change: Component \042alt0\042 is in the unavailable state (HWID=3739)
2602304 node-138 unix.hw state_change.unavailable 1074300564 1 Component State Change: Component \042alt0\042 is in the unavailable state (HWID=3038)
2602305 node-181 unix.hw state_change.unavailable 1074300564 1 Component State Change: Component \042alt0\042 is in the unavailable state (HWID=3809)
2602306 node-147 unix.hw state_change.unavailable 1074300564 1 Component State Change: Component \042alt0\042 is in the unavailable state (HWID=3668)
2602307 node-178 unix.hw state_change.unavailable 1074300564 1 Component State Change: Component \042alt0\042 is in the unavailable state (HWID=3599)
2602308 node-140 unix.hw state_change.unavailable 1074300564 1 Component State Change: Component \042alt0\042 is in the unavailable state (HWID=3178)
2602309 node-176 unix.hw state_change.unavailable 1074300564 1 Component State Change: Component \042alt0\042 is in the unavailable state (HWID=3459)
2602310 node-129 unix.hw state_change.unavailable 1074300564 1 Component State Change: Component \042alt0\042 is in the unavailable state (HWID=4302)
2602311 node-168 unix.hw state_change.unavailable 1074300564 1 Component State Change: Component \042alt0\042 is in the unavailable state (HWID=2409)
2602312 node-133 unix.hw state_change.unavailable 1074300564 1 Component State Change: Component \042alt0\042 is in the unavailable state (HWID=2758)
2602313 node-165 unix.hw state_change.unavailable 1074300564 1 Component State Change: Component \042alt0\042 is in the unavailable state (HWID=2549)
2602314 node-164 unix.hw state_change.unavailable 1074300564 1 Component State Change: Component \042alt0\042 is in the unavailable state (HWID=4583)
2602315 node-161 unix.hw state_change.unavailable 1074300564 1 Component State Change: Component \042alt0\042 is in the unavailable state (HWID=4303)
504 node-30 unix.hw state_change.unavailable 1075509419 1 Component State Change: Component \042alt0\042 is in the unavailable state (HWID=5353)
505 node-29 unix.hw state_change.unavailable 1075509420 1 Component State Change: Component \042alt0\042 is in the unavailable state (HWID=5267)
506 node-31 unix.hw state_change.unavailable 1075509420 1 Component State Change: Component \042alt0\042 is in the unavailable state (HWID=5439)
507 node-28 unix.hw state_change.unavailable 1075509420 1 Component State Change: Component \042alt0\042 is in the unavailable state (HWID=5181)
508 node-25 unix.hw state_change.unavailable 1075509420 1 Component State Change: Component \042alt0\042 is in the unavailable state (HWID=5009)
509 node-26 unix.hw state_change.unavailable 1075509420 1 Component State Change: Component \042alt0\042 is in the unavailable state (HWID=5095)
510 node-27 unix.hw state_change.unavailable 1075509420 1 Component State Change: Component \042alt0\042 is in the unavailable state (HWID=3461)
511 node-32 unix.hw state_change.unavailable 1075509420 1 Component State Change: Component \042alt0\042 is in the unavailable state (HWID=41)
512 node-34 unix.hw state_change.unavailable 1075509420 1 Component State Change: Component \042alt0\042 is in the unavailable state (HWID=2688)
513 node-35 unix.hw state_change.unavailable 1075509420 1 Component State Change: Component \042alt0\042 is in the unavailable state (HWID=2898)
35467 node-235 unix.hw state_change.unavailable 1076518186 1 Component State Change: Component \042SCSI-WWID:0c000008:00e0-9e00-307d-af79\042 is in the unavailable state (HWID=723)
34609 node-126 unix.hw state_change.unavailable 1076468609 1 Component State Change: Component \042alt0\042 is in the unavailable state (HWID=4304)
34608 node-124 unix.hw state_change.unavailable 1076468609 1 Component State Change: Component \042alt0\042 is in the unavailable state (HWID=4164)
34607 node-118 unix.hw state_change.unavailable 1076468609 1 Component State Change: Component \042alt0\042 is in the unavailable state (HWID=3740)
34606 node-127 unix.hw state_change.unavailable 1076468608 1 Component State Change: Component \042alt0\042 is in the unavailable state (HWID=4374)
34605 node-112 unix.hw state_change.unavailable 1076468608 1 Component State Change: Component \042alt0\042 is in the unavailable state (HWID=3390)
34604 node-125 unix.hw state_change.unavailable 1076468608 1 Component State Change: Component \042alt0\042 is in the unavailable state (HWID=4234)
80361 node-110 unix.hw state_change.unavailable 1077292552 1 Component State Change: Component \042alt0\042 is in the unavailable state (HWID=3250)
80360 node-104 unix.hw state_change.unavailable 1077292552 1 Component State Change: Component \042alt0\042 is in the unavailable state (HWID=2690)
80359 node-106 unix.hw state_change.unavailable 1077292552 1 Component State Change: Component \042alt0\042 is in the unavailable state (HWID=3040)
80358 node-108 unix.hw state_change.unavailable 1077292552 1 Component State Change: Component \042alt0\042 is in the unavailable state (HWID=4444)
80357 node-105 unix.hw state_change.unavailable 1077292551 1 Component State Change: Component \042alt0\042 is in the unavailable state (HWID=2970)
80356 node-111 unix.hw state_change.unavailable 1077292551 1 Component State Change: Component \042alt0\042 is in the unavailable state (HWID=3320)
80355 node-107 unix.hw state_change.unavailable 1077292551 1 Component State Change: Component \042alt0\042 is in the unavailable state (HWID=3110)
80354 node-102 unix.hw state_change.unavailable 1077292551 1 Component State Change: Component \042alt0\042 is in the unavailable state (HWID=2620)
80353 node-109 unix.hw state_change.unavailable 1077292551 1 Component State Change: Component \042alt0\042 is in the unavailable state (HWID=3180)
80352 node-103 unix.hw state_change.unavailable 1077292551 1 Component State Change: Component \042alt0\042 is in the unavailable state (HWID=2410)
80351 node-100 unix.hw state_change.unavailable 1077292551 1 Component State Change: Component \042alt0\042 is in the unavailable state (HWID=2900)
80350 node-101 unix.hw state_change.unavailable 1077292550 1 Component State Change: Component \042alt0\042 is in the unavailable state (HWID=2550)
119040 node-10 unix.hw state_change.unavailable 1077804059 1 Component State Change: Component \042SCSI-WWID:01000010:6005-08b4-0001-4048-0008-a000-0047-0000\042 is in the unavailable state (HWID=2770)
118765 node-250 unix.hw state_change.unavailable 1077804057 1 Component State Change: Component \042SCSI-WWID:01000010:6005-08b4-0001-017f-0001-3000-003c-0000\042 is in the unavailable state (HWID=921)
118720 node-249 unix.hw state_change.unavailable 1077804056 1 Component State Change: Component \042SCSI-WWID:01000010:6005-08b4-0001-0198-0002-0000-0016-0000\042 is in the unavailable state (HWID=917)
118691 node-250 unix.hw state_change.unavailable 1077804056 1 Component State Change: Component \042SCSI-WWID:01000010:6005-08b4-0001-0134-0001-e000-0045-0000\042 is in the unavailable state (HWID=926)
118688 node-249 unix.hw state_change.unavailable 1077804056 1 Component State Change: Component \042SCSI-WWID:01000010:6005-08b4-0001-0134-0001-e000-0045-0000\042 is in the unavailable state (HWID=926)
118477 node-8 unix.hw state_change.unavailable 1077804053 1 Component State Change: Component \042SCSI-WWID:01000010:6005-08b4-0001-0127-0000-d000-0048-0000\042 is in the unavailable state (HWID=2774)
118476 node-10 unix.hw state_change.unavailable 1077804053 1 Component State Change: Component \042SCSI-WWID:01000010:6005-08b4-0001-0127-0000-d000-0048-0000\042 is in the unavailable state (HWID=2774)
118438 node-9 unix.hw state_change.unavailable 1077804053 1 Component State Change: Component \042SCSI-WWID:01000010:6005-08b4-0001-0127-0000-d000-0048-0000\042 is in the unavailable state (HWID=2774)
118371 node-9 unix.hw state_change.unavailable 1077804052 1 Component State Change: Component \042SCSI-WWID:01000010:6005-08b4-0001-0120-0001-0000-003d-0000\042 is in the unavailable state (HWID=2765)
118259 node-251 unix.hw state_change.unavailable 1077804050 1 Component State Change: Component \042SCSI-WWID:01000010:6005-08b4-0001-0134-0001-e000-0045-0000\042 is in the unavailable state (HWID=926)
118165 node-11 unix.hw state_change.unavailable 1077804047 1 Component State Change: Component \042SCSI-WWID:01000010:6005-08b4-0001-0127-0000-d000-0048-0000\042 is in the unavailable state (HWID=2774)
104378 node-13 unix.hw state_change.unavailable 1077739042 1 Component State Change: Component \042SCSI-WWID:01000010:6005-08b4-0001-009d-0001-c000-003e-0000\042 is in the unavailable state (HWID=2746)
104367 node-12 unix.hw state_change.unavailable 1077739042 1 Component State Change: Component \042SCSI-WWID:01000010:6005-08b4-0001-009d-0001-c000-003e-0000\042 is in the unavailable state (HWID=2746)
104330 node-13 unix.hw state_change.unavailable 1077739035 1 Component State Change: Component \042SCSI-WWID:01000010:6005-08b4-0001-009d-0001-c000-0035-0000\042 is in the unavailable state (HWID=2745)
104319 node-12 unix.hw state_change.unavailable 1077739035 1 Component State Change: Component \042SCSI-WWID:01000010:6005-08b4-0001-009d-0001-c000-0035-0000\042 is in the unavailable state (HWID=2745)
104280 node-13 unix.hw state_change.unavailable 1077739027 1 Component State Change: Component \042SCSI-WWID:01000010:6005-08b4-0001-009d-0001-c000-002c-0000\042 is in the unavailable state (HWID=2744)
104273 node-12 unix.hw state_change.unavailable 1077739027 1 Component State Change: Component \042SCSI-WWID:01000010:6005-08b4-0001-009d-0001-c000-002c-0000\042 is in the unavailable state (HWID=2744)
101540 node-ms0 unix.hw state_change.unavailable 1077730832 1 Component State Change: Component \042ee0\042 is in the unavailable state (HWID=23)
101439 node-ms0 unix.hw state_change.unavailable 1077729033 1 Component State Change: Component \042ee0\042 is in the unavailable state (HWID=23)
101437 node-ms0 unix.hw state_change.unavailable 1077729021 1 Component State Change: Component \042ee0\042 is in the unavailable state (HWID=23)
101435 node-ms0 unix.hw state_change.unavailable 1077728987 1 Component State Change: Component \042ee0\042 is in the unavailable state (HWID=23)
101432 node-ms0 unix.hw state_change.unavailable 1077728962 1 Component State Change: Component \042alt0\042 is in the unavailable state (HWID=61)
101403 node-ms0 unix.hw state_change.unavailable 1077727385 1 Component State Change: Component \042ee0\042 is in the unavailable state (HWID=23)
101401 node-ms0 unix.hw state_change.unavailable 1077727379 1 Component State Change: Component \042ee0\042 is in the unavailable state (HWID=23)
101394 node-ms0 unix.hw state_change.unavailable 1077727343 1 Component State Change: Component \042ee0\042 is in the unavailable state (HWID=23)
100669 node-179 unix.hw state_change.unavailable 1077723327 1 Component State Change: Component \042alt0\042 is in the unavailable state (HWID=3669)
100668 node-183 unix.hw state_change.unavailable 1077723327 1 Component State Change: Component \042alt0\042 is in the unavailable state (HWID=3949)
100667 node-182 unix.hw state_change.unavailable 1077723327 1 Component State Change: Component \042alt0\042 is in the unavailable state (HWID=3879)
100666 node-177 unix.hw state_change.unavailable 1077723327 1 Component State Change: Component \042alt0\042 is in the unavailable state (HWID=3529)
100665 node-176 unix.hw state_change.unavailable 1077723327 1 Component State Change: Component \042alt0\042 is in the unavailable state (HWID=3459)
100664 node-180 unix.hw state_change.unavailable 1077723327 1 Component State Change: Component \042alt0\042 is in the unavailable state (HWID=3739)
100663 node-184 unix.hw state_change.unavailable 1077723327 1 Component State Change: Component \042alt0\042 is in the unavailable state (HWID=4019)
100662 node-186 unix.hw state_change.unavailable 1077723327 1 Component State Change: Component \042alt0\042 is in the unavailable state (HWID=2899)
100661 node-187 unix.hw state_change.unavailable 1077723327 1 Component State Change: Component \042alt0\042 is in the unavailable state (HWID=4159)
100660 node-178 unix.hw state_change.unavailable 1077723327 1 Component State Change: Component \042alt0\042 is in the unavailable state (HWID=3599)
100659 node-185 unix.hw state_change.unavailable 1077723327 1 Component State Change: Component \042alt0\042 is in the unavailable state (HWID=4089)
100658 node-181 unix.hw state_change.unavailable 1077723327 1 Component State Change: Component \042alt0\042 is in the unavailable state (HWID=3809)
90416 node-228 unix.hw state_change.unavailable 1077619211 1 Component State Change: Component \042SCSI-WWID:01000010:6005-08b4-0000-c06d-0002-e000-003b-0000\042 is in the unavailable state (HWID=292)
119342 node-10 unix.hw state_change.unavailable 1077804063 1 Component State Change: Component \042SCSI-WWID:01000010:6005-08b4-0001-0120-0001-0000-003d-0000\042 is in the unavailable state (HWID=2765)
119371 node-8 unix.hw state_change.unavailable 1077804064 1 Component State Change: Component \042SCSI-WWID:01000010:6005-08b4-0001-0120-0001-0000-003d-0000\042 is in the unavailable state (HWID=2765)
119386 node-11 unix.hw state_change.unavailable 1077804064 1 Component State Change: Component \042SCSI-WWID:01000010:6005-08b4-0001-0120-0001-0000-003d-0000\042 is in the unavailable state (HWID=2765)
119853 node-248 unix.hw state_change.unavailable 1077804068 1 Component State Change: Component \042SCSI-WWID:01000010:6005-08b4-0001-0134-0001-e000-0045-0000\042 is in the unavailable state (HWID=926)
119864 node-248 unix.hw state_change.unavailable 1077804068 1 Component State Change: Component \042SCSI-WWID:01000010:6005-08b4-0001-011c-0001-7000-0038-0000\042 is in the unavailable state (HWID=912)
119865 node-8 unix.hw state_change.unavailable 1077804068 1 Component State Change: Component \042SCSI-WWID:01000010:6005-08b4-0000-c06e-0001-3000-003c-0000\042 is in the unavailable state (HWID=2761)
119964 node-248 unix.hw state_change.unavailable 1077804069 1 Component State Change: Component \042SCSI-WWID:01000010:6005-08b4-0001-0198-0002-0000-0016-0000\042 is in the unavailable state (HWID=917)
120035 node-251 unix.hw state_change.unavailable 1077804069 1 Component State Change: Component \042SCSI-WWID:01000010:6005-08b4-0001-0198-0002-0000-0016-0000\042 is in the unavailable state (HWID=917)
120041 node-250 unix.hw state_change.unavailable 1077804069 1 Component State Change: Component \042SCSI-WWID:01000010:6005-08b4-0001-0198-0002-0000-0016-0000\042 is in the unavailable state (HWID=917)
120062 node-248 unix.hw state_change.unavailable 1077804069 1 Component State Change: Component \042SCSI-WWID:01000010:6005-08b4-0001-017f-0001-3000-003c-0000\042 is in the unavailable state (HWID=921)
120140 node-249 unix.hw state_change.unavailable 1077804070 1 Component State Change: Component \042SCSI-WWID:01000010:6005-08b4-0001-017f-0001-3000-003c-0000\042 is in the unavailable state (HWID=921)
120142 node-251 unix.hw state_change.unavailable 1077804070 1 Component State Change: Component \042SCSI-WWID:01000010:6005-08b4-0001-017f-0001-3000-003c-0000\042 is in the unavailable state (HWID=921)
120291 node-8 unix.hw state_change.unavailable 1077804071 1 Component State Change: Component \042SCSI-WWID:01000010:6005-08b4-0001-4048-0008-a000-0047-0000\042 is in the unavailable state (HWID=2770)
120331 node-9 unix.hw state_change.unavailable 1077804071 1 Component State Change: Component \042SCSI-WWID:01000010:6005-08b4-0001-4048-0008-a000-0047-0000\042 is in the unavailable state (HWID=2770)
120337 node-11 unix.hw state_change.unavailable 1077804071 1 Component State Change: Component \042SCSI-WWID:01000010:6005-08b4-0001-4048-0008-a000-0047-0000\042 is in the unavailable state (HWID=2770)
121245 node-11 unix.hw state_change.unavailable 1077804078 1 Component State Change: Component \042SCSI-WWID:01000010:6005-08b4-0000-c06e-0001-3000-003c-0000\042 is in the unavailable state (HWID=2761)
121785 node-250 unix.hw state_change.unavailable 1077804084 1 Component State Change: Component \042SCSI-WWID:01000010:6005-08b4-0001-011c-0001-7000-0038-0000\042 is in the unavailable state (HWID=912)
121797 node-249 unix.hw state_change.unavailable 1077804084 1 Component State Change: Component \042SCSI-WWID:01000010:6005-08b4-0001-011c-0001-7000-0038-0000\042 is in the unavailable state (HWID=912)
121800 node-251 unix.hw state_change.unavailable 1077804084 1 Component State Change: Component \042SCSI-WWID:01000010:6005-08b4-0001-011c-0001-7000-0038-0000\042 is in the unavailable state (HWID=912)
122230 node-248 unix.hw state_change.unavailable 1077804092 1 Component State Change: Component \042SCSI-WWID:01000010:6005-08b4-0001-011c-0001-7000-0041-0000\042 is in the unavailable state (HWID=913)
122429 node-251 unix.hw state_change.unavailable 1077804097 1 Component State Change: Component \042SCSI-WWID:01000010:6005-08b4-0001-0134-0001-e000-003c-0000\042 is in the unavailable state (HWID=925)
122600 node-249 unix.hw state_change.unavailable 1077804100 1 Component State Change: Component \042SCSI-WWID:01000010:6005-08b4-0001-0134-0001-e000-003c-0000\042 is in the unavailable state (HWID=925)
122601 node-250 unix.hw state_change.unavailable 1077804100 1 Component State Change: Component \042SCSI-WWID:01000010:6005-08b4-0001-0134-0001-e000-003c-0000\042 is in the unavailable state (HWID=925)
122832 node-251 unix.hw state_change.unavailable 1077804104 1 Component State Change: Component \042SCSI-WWID:01000010:6005-08b4-0001-0134-0001-e000-0033-0000\042 is in the unavailable state (HWID=924)
123025 node-250 unix.hw state_change.unavailable 1077804109 1 Component State Change: Component \042SCSI-WWID:01000010:6005-08b4-0001-0134-0001-e000-0033-0000\042 is in the unavailable state (HWID=924)
123027 node-249 unix.hw state_change.unavailable 1077804109 1 Component State Change: Component \042SCSI-WWID:01000010:6005-08b4-0001-0134-0001-e000-0033-0000\042 is in the unavailable state (HWID=924)
123406 node-248 unix.hw state_change.unavailable 1077804126 1 Component State Change: Component \042SCSI-WWID:01000010:6005-08b4-0001-0134-0001-e000-003c-0000\042 is in the unavailable state (HWID=925)
123440 node-248 unix.hw state_change.unavailable 1077804139 1 Component State Change: Component \042SCSI-WWID:01000010:6005-08b4-0001-0134-0001-e000-0045-0000\042 is in the unavailable state (HWID=926)
123476 node-249 unix.hw state_change.unavailable 1077804151 1 Component State Change: Component \042SCSI-WWID:01000010:6005-08b4-0001-0176-0002-1000-0005-0000\042 is in the unavailable state (HWID=918)
123477 node-250 unix.hw state_change.unavailable 1077804151 1 Component State Change: Component \042SCSI-WWID:01000010:6005-08b4-0001-017f-0001-3000-0045-0000\042 is in the unavailable state (HWID=922)
123747 node-248 unix.hw state_change.unavailable 1077804157 1 Component State Change: Component \042SCSI-WWID:01000010:6005-08b4-0001-011c-0001-7000-002f-0000\042 is in the unavailable state (HWID=911)
123758 node-248 unix.hw state_change.unavailable 1077804158 1 Component State Change: Component \042SCSI-WWID:01000010:6005-08b4-0001-0134-0001-e000-0033-0000\042 is in the unavailable state (HWID=924)
123839 node-248 unix.hw state_change.unavailable 1077804159 1 Component State Change: Component \042SCSI-WWID:01000010:6005-08b4-0001-017f-0001-3000-0045-0000\042 is in the unavailable state (HWID=922)
123848 node-248 unix.hw state_change.unavailable 1077804160 1 Component State Change: Component \042SCSI-WWID:01000010:6005-08b4-0001-0176-0002-1000-0005-0000\042 is in the unavailable state (HWID=918)
123881 node-249 unix.hw state_change.unavailable 1077804161 1 Component State Change: Component \042SCSI-WWID:01000010:6005-08b4-0001-017f-0001-3000-0045-0000\042 is in the unavailable state (HWID=922)
123885 node-250 unix.hw state_change.unavailable 1077804162 1 Component State Change: Component \042SCSI-WWID:01000010:6005-08b4-0001-0176-0002-1000-0005-0000\042 is in the unavailable state (HWID=918)
123886 node-251 unix.hw state_change.unavailable 1077804162 1 Component State Change: Component \042SCSI-WWID:01000010:6005-08b4-0001-017f-0001-3000-0045-0000\042 is in the unavailable state (HWID=922)
123896 node-251 unix.hw state_change.unavailable 1077804162 1 Component State Change: Component \042SCSI-WWID:01000010:6005-08b4-0001-0176-0002-1000-0005-0000\042 is in the unavailable state (HWID=918)
125226 node-251 unix.hw state_change.unavailable 1077804183 1 Component State Change: Component \042SCSI-WWID:01000010:6005-08b4-0001-0134-0001-e000-002a-0000\042 is in the unavailable state (HWID=923)
125295 node-249 unix.hw state_change.unavailable 1077804185 1 Component State Change: Component \042SCSI-WWID:01000010:6005-08b4-0001-0198-0002-0000-0016-0000\042 is in the unavailable state (HWID=917)
125501 node-249 unix.hw state_change.unavailable 1077804192 1 Component State Change: Component \042SCSI-WWID:01000010:6005-08b4-0001-0134-0001-e000-002a-0000\042 is in the unavailable state (HWID=923)
125503 node-248 unix.hw state_change.unavailable 1077804192 1 Component State Change: Component \042SCSI-WWID:01000010:6005-08b4-0001-0134-0001-e000-002a-0000\042 is in the unavailable state (HWID=923)
125505 node-250 unix.hw state_change.unavailable 1077804192 1 Component State Change: Component \042SCSI-WWID:01000010:6005-08b4-0001-0134-0001-e000-002a-0000\042 is in the unavailable state (HWID=923)
125657 node-248 unix.hw state_change.unavailable 1077804195 1 Component State Change: Component \042SCSI-WWID:01000010:6005-08b4-0001-0198-0002-0000-0016-0000\042 is in the unavailable state (HWID=917)
126032 node-251 unix.hw state_change.unavailable 1077804203 1 Component State Change: Component \042SCSI-WWID:01000010:6005-08b4-0001-0198-0002-0000-0016-0000\042 is in the unavailable state (HWID=917)
126184 node-32 unix.hw state_change.unavailable 1077804206 1 Component State Change: Component \042SCSI-WWID:01000010:6000-1fe1-0010-ed90-0009-0390-9323-007a\042 is in the unavailable state (HWID=69)
126189 node-96 unix.hw state_change.unavailable 1077804206 1 Component State Change: Component \042SCSI-WWID:01000010:6000-1fe1-0010-ed90-0009-0390-9323-0084\042 is in the unavailable state (HWID=69)
126199 node-64 unix.hw state_change.unavailable 1077804206 1 Component State Change: Component \042SCSI-WWID:01000010:6000-1fe1-0010-ed90-0009-0390-9323-007f\042 is in the unavailable state (HWID=69)
126927 node-14 unix.hw state_change.unavailable 1077804272 1 Component State Change: Component \042SCSI-WWID:01000010:6005-08b4-0001-00fc-0001-2000-003e-0000\042 is in the unavailable state (HWID=2753)
126934 node-14 unix.hw state_change.unavailable 1077804272 1 Component State Change: Component \042SCSI-WWID:01000010:6005-08b4-0001-00fc-0001-2000-002c-0000\042 is in the unavailable state (HWID=2751)
126941 node-14 unix.hw state_change.unavailable 1077804272 1 Component State Change: Component \042SCSI-WWID:01000010:6005-08b4-0001-00fc-0001-2000-0047-0000\042 is in the unavailable state (HWID=2754)
126947 node-15 unix.hw state_change.unavailable 1077804272 1 Component State Change: Component \042SCSI-WWID:01000010:6005-08b4-0001-4045-0001-f000-0036-0000\042 is in the unavailable state (HWID=2756)
126954 node-15 unix.hw state_change.unavailable 1077804272 1 Component State Change: Component \042SCSI-WWID:01000010:6005-08b4-0001-4045-0001-f000-002d-0000\042 is in the unavailable state (HWID=2755)
127577 node-12 unix.hw state_change.unavailable 1077804284 1 Component State Change: Component \042SCSI-WWID:01000010:6005-08b4-0001-4045-0001-f000-0036-0000\042 is in the unavailable state (HWID=2756)
127586 node-12 unix.hw state_change.unavailable 1077804284 1 Component State Change: Component \042SCSI-WWID:01000010:6005-08b4-0001-4045-0001-f000-002d-0000\042 is in the unavailable state (HWID=2755)
127604 node-14 unix.hw state_change.unavailable 1077804284 1 Component State Change: Component \042SCSI-WWID:01000010:6005-08b4-0001-4045-0001-f000-0036-0000\042 is in the unavailable state (HWID=2756)
127613 node-14 unix.hw state_change.unavailable 1077804284 1 Component State Change: Component \042SCSI-WWID:01000010:6005-08b4-0001-4045-0001-f000-002d-0000\042 is in the unavailable state (HWID=2755)
127621 node-15 unix.hw state_change.unavailable 1077804284 1 Component State Change: Component \042SCSI-WWID:01000010:6005-08b4-0001-00fc-0001-2000-002c-0000\042 is in the unavailable state (HWID=2751)
127630 node-15 unix.hw state_change.unavailable 1077804284 1 Component State Change: Component \042SCSI-WWID:01000010:6005-08b4-0001-00fc-0001-2000-003e-0000\042 is in the unavailable state (HWID=2753)
127639 node-12 unix.hw state_change.unavailable 1077804284 1 Component State Change: Component \042SCSI-WWID:01000010:6005-08b4-0001-00fc-0001-2000-003e-0000\042 is in the unavailable state (HWID=2753)
127648 node-12 unix.hw state_change.unavailable 1077804285 1 Component State Change: Component \042SCSI-WWID:01000010:6005-08b4-0001-00fc-0001-2000-002c-0000\042 is in the unavailable state (HWID=2751)
128084 node-96 unix.hw state_change.unavailable 1077804368 1 Component State Change: Component \042SCSI-WWID:01000010:6000-1fe1-0010-ed90-0009-0390-9323-0084\042 is in the unavailable state (HWID=69)
128085 node-32 unix.hw state_change.unavailable 1077804368 1 Component State Change: Component \042SCSI-WWID:01000010:6000-1fe1-0010-ed90-0009-0390-9323-007a\042 is in the unavailable state (HWID=69)
128172 node-246 unix.hw state_change.unavailable 1077804460 1 Component State Change: Component \042SCSI-WWID:01000010:6005-08b4-0001-0152-0001-3000-0046-0000\042 is in the unavailable state (HWID=1978)
128173 node-247 unix.hw state_change.unavailable 1077804460 1 Component State Change: Component \042SCSI-WWID:01000010:6005-08b4-0001-0140-0001-3000-0046-0000\042 is in the unavailable state (HWID=1982)
128420 node-245 unix.hw state_change.unavailable 1077804464 1 Component State Change: Component \042SCSI-WWID:01000010:6005-08b4-0001-00c6-0006-3000-0046-0000\042 is in the unavailable state (HWID=1974)
128477 node-245 unix.hw state_change.unavailable 1077804466 1 Component State Change: Component \042SCSI-WWID:01000010:6005-08b4-0001-0152-0001-3000-0046-0000\042 is in the unavailable state (HWID=1978)
128486 node-245 unix.hw state_change.unavailable 1077804466 1 Component State Change: Component \042SCSI-WWID:01000010:6005-08b4-0001-0140-0001-3000-0046-0000\042 is in the unavailable state (HWID=1982)
128503 node-247 unix.hw state_change.unavailable 1077804466 1 Component State Change: Component \042SCSI-WWID:01000010:6005-08b4-0001-0152-0001-3000-0046-0000\042 is in the unavailable state (HWID=1978)
128512 node-246 unix.hw state_change.unavailable 1077804467 1 Component State Change: Component \042SCSI-WWID:01000010:6005-08b4-0001-0140-0001-3000-0046-0000\042 is in the unavailable state (HWID=1982)
129040 node-246 unix.hw state_change.unavailable 1077804476 1 Component State Change: Component \042SCSI-WWID:01000010:6005-08b4-0001-00c6-0006-3000-0046-0000\042 is in the unavailable state (HWID=1974)
129041 node-247 unix.hw state_change.unavailable 1077804476 1 Component State Change: Component \042SCSI-WWID:01000010:6005-08b4-0001-00c6-0006-3000-0046-0000\042 is in the unavailable state (HWID=1974)
129205 node-244 unix.hw state_change.unavailable 1077804492 1 Component State Change: Component \042SCSI-WWID:01000010:6005-08b4-0001-0158-0000-c000-0034-0000\042 is in the unavailable state (HWID=1968)
129409 node-33 unix.hw state_change.unavailable 1077804546 1 Component State Change: Component \042SCSI-WWID:01000010:6000-1fe1-0010-ed90-0009-0390-9323-007a\042 is in the unavailable state (HWID=69)
129456 node-97 unix.hw state_change.unavailable 1077804580 1 Component State Change: Component \042SCSI-WWID:01000010:6000-1fe1-0010-ed90-0009-0390-9323-0084\042 is in the unavailable state (HWID=69)
129504 node-245 unix.hw state_change.unavailable 1077804601 1 Component State Change: Component \042SCSI-WWID:01000010:6005-08b4-0001-00c6-0006-3000-002b-0000\042 is in the unavailable state (HWID=1971)
129508 node-245 unix.hw state_change.unavailable 1077804601 1 Component State Change: Component \042SCSI-WWID:01000010:6005-08b4-0001-00c6-0006-3000-0046-0000\042 is in the unavailable state (HWID=1974)
129512 node-246 unix.hw state_change.unavailable 1077804601 1 Component State Change: Component \042SCSI-WWID:01000010:6005-08b4-0001-0152-0001-3000-0046-0000\042 is in the unavailable state (HWID=1978)
129515 node-247 unix.hw state_change.unavailable 1077804601 1 Component State Change: Component \042SCSI-WWID:01000010:6005-08b4-0001-0140-0001-3000-0046-0000\042 is in the unavailable state (HWID=1982)
129631 node-246 unix.hw state_change.unavailable 1077804603 1 Component State Change: Component \042SCSI-WWID:01000010:6005-08b4-0001-0152-0001-3000-003d-0000\042 is in the unavailable state (HWID=1977)
130114 node-244 unix.hw state_change.unavailable 1077804613 1 Component State Change: Component \042SCSI-WWID:01000010:6005-08b4-0001-0158-0000-c000-0046-0000\042 is in the unavailable state (HWID=1970)
130176 node-244 unix.hw state_change.unavailable 1077804615 1 Component State Change: Component \042SCSI-WWID:01000010:6005-08b4-0001-00c6-0006-3000-002b-0000\042 is in the unavailable state (HWID=1971)
130177 node-247 unix.hw state_change.unavailable 1077804615 1 Component State Change: Component \042SCSI-WWID:01000010:6005-08b4-0001-00c6-0006-3000-002b-0000\042 is in the unavailable state (HWID=1971)
130182 node-246 unix.hw state_change.unavailable 1077804615 1 Component State Change: Component \042SCSI-WWID:01000010:6005-08b4-0001-00c6-0006-3000-002b-0000\042 is in the unavailable state (HWID=1971)
130189 node-244 unix.hw state_change.unavailable 1077804615 1 Component State Change: Component \042SCSI-WWID:01000010:6005-08b4-0001-00c6-0006-3000-0046-0000\042 is in the unavailable state (HWID=1974)
130192 node-247 unix.hw state_change.unavailable 1077804615 1 Component State Change: Component \042SCSI-WWID:01000010:6005-08b4-0001-00c6-0006-3000-0046-0000\042 is in the unavailable state (HWID=1974)
130198 node-246 unix.hw state_change.unavailable 1077804615 1 Component State Change: Component \042SCSI-WWID:01000010:6005-08b4-0001-00c6-0006-3000-0046-0000\042 is in the unavailable state (HWID=1974)
130201 node-244 unix.hw state_change.unavailable 1077804616 1 Component State Change: Component \042SCSI-WWID:01000010:6005-08b4-0001-0152-0001-3000-0046-0000\042 is in the unavailable state (HWID=1978)
130206 node-244 unix.hw state_change.unavailable 1077804616 1 Component State Change: Component \042SCSI-WWID:01000010:6005-08b4-0001-0140-0001-3000-0046-0000\042 is in the unavailable state (HWID=1982)
130451 node-244 unix.hw state_change.unavailable 1077804627 1 Component State Change: Component \042SCSI-WWID:01000010:6005-08b4-0001-0152-0001-3000-003d-0000\042 is in the unavailable state (HWID=1977)
130457 node-247 unix.hw state_change.unavailable 1077804627 1 Component State Change: Component \042SCSI-WWID:01000010:6005-08b4-0001-0152-0001-3000-003d-0000\042 is in the unavailable state (HWID=1977)
130526 node-245 unix.hw state_change.unavailable 1077804629 1 Component State Change: Component \042SCSI-WWID:01000010:6005-08b4-0001-0152-0001-3000-003d-0000\042 is in the unavailable state (HWID=1977)
131392 node-245 unix.hw state_change.unavailable 1077804646 1 Component State Change: Component \042SCSI-WWID:01000010:6005-08b4-0001-0158-0000-c000-0046-0000\042 is in the unavailable state (HWID=1970)
131425 node-246 unix.hw state_change.unavailable 1077804647 1 Component State Change: Component \042SCSI-WWID:01000010:6005-08b4-0001-0158-0000-c000-0046-0000\042 is in the unavailable state (HWID=1970)
131631 node-245 unix.hw state_change.unavailable 1077804651 1 Component State Change: Component \042SCSI-WWID:01000010:6005-08b4-0001-00c6-0006-3000-003d-0000\042 is in the unavailable state (HWID=1973)
131760 node-247 unix.hw state_change.unavailable 1077804678 1 Component State Change: Component \042SCSI-WWID:01000010:6005-08b4-0001-0140-0001-3000-0034-0000\042 is in the unavailable state (HWID=1980)
131889 node-246 unix.hw state_change.unavailable 1077804684 1 Component State Change: Component \042SCSI-WWID:01000010:6005-08b4-0001-0140-0001-3000-0034-0000\042 is in the unavailable state (HWID=1980)
131936 node-246 unix.hw state_change.unavailable 1077804687 1 Component State Change: Component \042SCSI-WWID:01000010:6005-08b4-0001-0152-0001-3000-0034-0000\042 is in the unavailable state (HWID=1976)
132131 node-245 unix.hw state_change.unavailable 1077804691 1 Component State Change: Component \042SCSI-WWID:01000010:6005-08b4-0001-00c6-0006-3000-0034-0000\042 is in the unavailable state (HWID=1972)
132140 node-245 unix.hw state_change.unavailable 1077804691 1 Component State Change: Component \042SCSI-WWID:01000010:6005-08b4-0001-0140-0001-3000-0034-0000\042 is in the unavailable state (HWID=1980)
132142 node-245 unix.hw state_change.unavailable 1077804691 1 Component State Change: Component \042SCSI-WWID:01000010:6005-08b4-0001-00c6-0006-3000-002b-0000\042 is in the unavailable state (HWID=1971)
132183 node-245 unix.hw state_change.unavailable 1077804692 1 Component State Change: Component \042SCSI-WWID:01000010:6005-08b4-0001-0152-0001-3000-0034-0000\042 is in the unavailable state (HWID=1976)
132216 node-247 unix.hw state_change.unavailable 1077804693 1 Component State Change: Component \042SCSI-WWID:01000010:6005-08b4-0001-0152-0001-3000-0034-0000\042 is in the unavailable state (HWID=1976)
132745 node-244 unix.hw state_change.unavailable 1077804702 1 Component State Change: Component \042SCSI-WWID:01000010:6005-08b4-0001-0140-0001-3000-0034-0000\042 is in the unavailable state (HWID=1980)
132751 node-244 unix.hw state_change.unavailable 1077804703 1 Component State Change: Component \042SCSI-WWID:01000010:6005-08b4-0001-0158-0000-c000-0034-0000\042 is in the unavailable state (HWID=1968)
132754 node-244 unix.hw state_change.unavailable 1077804703 1 Component State Change: Component \042SCSI-WWID:01000010:6005-08b4-0001-0158-0000-c000-003d-0000\042 is in the unavailable state (HWID=1969)
132763 node-244 unix.hw state_change.unavailable 1077804703 1 Component State Change: Component \042SCSI-WWID:01000010:6005-08b4-0001-0152-0001-3000-0034-0000\042 is in the unavailable state (HWID=1976)
132860 node-244 unix.hw state_change.unavailable 1077804705 1 Component State Change: Component \042SCSI-WWID:01000010:6005-08b4-0001-00c6-0006-3000-0034-0000\042 is in the unavailable state (HWID=1972)
132884 node-246 unix.hw state_change.unavailable 1077804706 1 Component State Change: Component \042SCSI-WWID:01000010:6005-08b4-0001-00c6-0006-3000-0034-0000\042 is in the unavailable state (HWID=1972)
132885 node-247 unix.hw state_change.unavailable 1077804706 1 Component State Change: Component \042SCSI-WWID:01000010:6005-08b4-0001-00c6-0006-3000-0034-0000\042 is in the unavailable state (HWID=1972)
132889 node-246 unix.hw state_change.unavailable 1077804706 1 Component State Change: Component \042SCSI-WWID:01000010:6005-08b4-0001-00c6-0006-3000-002b-0000\042 is in the unavailable state (HWID=1971)
132907 node-244 unix.hw state_change.unavailable 1077804706 1 Component State Change: Component \042SCSI-WWID:01000010:6005-08b4-0001-00c6-0006-3000-002b-0000\042 is in the unavailable state (HWID=1971)
133971 node-247 unix.hw state_change.unavailable 1077804729 1 Component State Change: Component \042SCSI-WWID:01000010:6005-08b4-0001-0158-0000-c000-0034-0000\042 is in the unavailable state (HWID=1968)
133980 node-247 unix.hw state_change.unavailable 1077804729 1 Component State Change: Component \042SCSI-WWID:01000010:6005-08b4-0001-0158-0000-c000-003d-0000\042 is in the unavailable state (HWID=1969)
133989 node-246 unix.hw state_change.unavailable 1077804729 1 Component State Change: Component \042SCSI-WWID:01000010:6005-08b4-0001-0158-0000-c000-0034-0000\042 is in the unavailable state (HWID=1968)
133998 node-246 unix.hw state_change.unavailable 1077804729 1 Component State Change: Component \042SCSI-WWID:01000010:6005-08b4-0001-0158-0000-c000-003d-0000\042 is in the unavailable state (HWID=1969)
134007 node-245 unix.hw state_change.unavailable 1077804729 1 Component State Change: Component \042SCSI-WWID:01000010:6005-08b4-0001-0158-0000-c000-0034-0000\042 is in the unavailable state (HWID=1968)
134016 node-245 unix.hw state_change.unavailable 1077804730 1 Component State Change: Component \042SCSI-WWID:01000010:6005-08b4-0001-0158-0000-c000-003d-0000\042 is in the unavailable state (HWID=1969)
134240 node-245 unix.hw state_change.unavailable 1077804735 1 Component State Change: Component \042SCSI-WWID:01000010:6005-08b4-0001-00c6-0006-3000-003d-0000\042 is in the unavailable state (HWID=1973)
134373 node-247 unix.hw state_change.unavailable 1077804737 1 Component State Change: Component \042SCSI-WWID:01000010:6005-08b4-0001-0140-0001-3000-002b-0000\042 is in the unavailable state (HWID=1979)
134502 node-247 unix.hw state_change.unavailable 1077804739 1 Component State Change: Component \042SCSI-WWID:01000010:6005-08b4-0001-00c6-0006-3000-003d-0000\042 is in the unavailable state (HWID=1973)
134505 node-244 unix.hw state_change.unavailable 1077804739 1 Component State Change: Component \042SCSI-WWID:01000010:6005-08b4-0001-00c6-0006-3000-003d-0000\042 is in the unavailable state (HWID=1973)
134681 node-246 unix.hw state_change.unavailable 1077804742 1 Component State Change: Component \042SCSI-WWID:01000010:6005-08b4-0001-00c6-0006-3000-003d-0000\042 is in the unavailable state (HWID=1973)
134815 node-247 unix.hw state_change.unavailable 1077804745 1 Component State Change: Component \042SCSI-WWID:01000010:6005-08b4-0001-0140-0001-3000-003d-0000\042 is in the unavailable state (HWID=1981)
135406 node-128 unix.hw state_change.unavailable 1077805752 1 Component State Change: Component \042SCSI-WWID:01000010:6000-1fe1-0014-2180-0009-1280-7171-0041\042 is in the unavailable state (HWID=68)
0 node-192 unix.hw state_change.unavailable 1077805753 1 Component State Change: Component \042SCSI-WWID:01000010:6000-1fe1-0014-2180-0009-1280-7171-004f\042 is in the unavailable state (HWID=68)
135411 node-160 unix.hw state_change.unavailable 1077805753 1 Component State Change: Component \042SCSI-WWID:01000010:6000-1fe1-0014-2180-0009-1280-7171-004c\042 is in the unavailable state (HWID=68)
210019 node-1 unix.hw state_change.unavailable 1078453156 1 Component State Change: Component \042SCSI-WWID:01000010:6005-08b4-0000-c066-0001-5000-003d-0000\042 is in the unavailable state (HWID=2698)
210010 node-1 unix.hw state_change.unavailable 1078453156 1 Component State Change: Component \042SCSI-WWID:01000010:6005-08b4-0000-c066-0001-5000-0046-0000\042 is in the unavailable state (HWID=2699)
210001 node-0 unix.hw state_change.unavailable 1078453155 1 Component State Change: Component \042SCSI-WWID:01000010:6005-08b4-0000-c066-0001-5000-0046-0000\042 is in the unavailable state (HWID=2699)
209998 node-0 unix.hw state_change.unavailable 1078453154 1 Component State Change: Component \042SCSI-WWID:01000010:6005-08b4-0000-c066-0001-5000-003d-0000\042 is in the unavailable state (HWID=2698)
209983 node-2 unix.hw state_change.unavailable 1078453152 1 Component State Change: Component \042SCSI-WWID:01000010:6005-08b4-0000-c066-0001-5000-0046-0000\042 is in the unavailable state (HWID=2699)
209981 node-2 unix.hw state_change.unavailable 1078453152 1 Component State Change: Component \042SCSI-WWID:01000010:6005-08b4-0000-c066-0001-5000-003d-0000\042 is in the unavailable state (HWID=2698)
209965 node-1 unix.hw state_change.unavailable 1078453142 1 Component State Change: Component \042SCSI-WWID:01000010:6005-08b4-0001-013b-0001-9000-003c-0000\042 is in the unavailable state (HWID=2706)
209956 node-1 unix.hw state_change.unavailable 1078453142 1 Component State Change: Component \042SCSI-WWID:01000010:6005-08b4-0001-010b-0001-4000-0051-0000\042 is in the unavailable state (HWID=2711)
209951 node-1 unix.hw state_change.unavailable 1078453142 1 Component State Change: Component \042SCSI-WWID:01000010:6005-08b4-0001-011f-0002-4000-0033-0000\042 is in the unavailable state (HWID=2701)
209949 node-1 unix.hw state_change.unavailable 1078453142 1 Component State Change: Component \042SCSI-WWID:01000010:6005-08b4-0001-010b-0001-4000-003f-0000\042 is in the unavailable state (HWID=2709)
209929 node-1 unix.hw state_change.unavailable 1078453142 1 Component State Change: Component \042SCSI-WWID:01000010:6005-08b4-0001-011f-0002-4000-0045-0000\042 is in the unavailable state (HWID=2703)
209926 node-1 unix.hw state_change.unavailable 1078453142 1 Component State Change: Component \042SCSI-WWID:01000010:6005-08b4-0001-013b-0001-9000-002a-0000\042 is in the unavailable state (HWID=2704)
209921 node-1 unix.hw state_change.unavailable 1078453142 1 Component State Change: Component \042SCSI-WWID:01000010:6005-08b4-0001-010b-0001-4000-0048-0000\042 is in the unavailable state (HWID=2710)
209905 node-1 unix.hw state_change.unavailable 1078453141 1 Component State Change: Component \042SCSI-WWID:01000010:6005-08b4-0001-010b-0001-4000-0036-0000\042 is in the unavailable state (HWID=2708)
209904 node-1 unix.hw state_change.unavailable 1078453141 1 Component State Change: Component \042SCSI-WWID:01000010:6005-08b4-0001-013b-0001-9000-0033-0000\042 is in the unavailable state (HWID=2705)
209898 node-1 unix.hw state_change.unavailable 1078453141 1 Component State Change: Component \042SCSI-WWID:01000010:6005-08b4-0001-011f-0002-4000-002a-0000\042 is in the unavailable state (HWID=2700)
209875 node-1 unix.hw state_change.unavailable 1078453141 1 Component State Change: Component \042SCSI-WWID:01000010:6005-08b4-0001-011f-0002-4000-003c-0000\042 is in the unavailable state (HWID=2702)
209866 node-1 unix.hw state_change.unavailable 1078453141 1 Component State Change: Component \042SCSI-WWID:01000010:6005-08b4-0001-013b-0001-9000-0045-0000\042 is in the unavailable state (HWID=2707)
209857 node-0 unix.hw state_change.unavailable 1078453141 1 Component State Change: Component \042SCSI-WWID:01000010:6005-08b4-0001-010b-0001-4000-0036-0000\042 is in the unavailable state (HWID=2708)
209854 node-0 unix.hw state_change.unavailable 1078453141 1 Component State Change: Component \042SCSI-WWID:01000010:6005-08b4-0001-013b-0001-9000-002a-0000\042 is in the unavailable state (HWID=2704)
209839 node-0 unix.hw state_change.unavailable 1078453140 1 Component State Change: Component \042SCSI-WWID:01000010:6005-08b4-0001-010b-0001-4000-003f-0000\042 is in the unavailable state (HWID=2709)
209835 node-0 unix.hw state_change.unavailable 1078453140 1 Component State Change: Component \042SCSI-WWID:01000010:6005-08b4-0001-010b-0001-4000-0048-0000\042 is in the unavailable state (HWID=2710)
209822 node-0 unix.hw state_change.unavailable 1078453140 1 Component State Change: Component \042SCSI-WWID:01000010:6005-08b4-0001-011f-0002-4000-003c-0000\042 is in the unavailable state (HWID=2702)
209820 node-0 unix.hw state_change.unavailable 1078453140 1 Component State Change: Component \042SCSI-WWID:01000010:6005-08b4-0001-013b-0001-9000-0045-0000\042 is in the unavailable state (HWID=2707)
209813 node-0 unix.hw state_change.unavailable 1078453139 1 Component State Change: Component \042SCSI-WWID:01000010:6005-08b4-0001-011f-0002-4000-0033-0000\042 is in the unavailable state (HWID=2701)
209794 node-0 unix.hw state_change.unavailable 1078453139 1 Component State Change: Component \042SCSI-WWID:01000010:6005-08b4-0001-013b-0001-9000-0033-0000\042 is in the unavailable state (HWID=2705)
209791 node-0 unix.hw state_change.unavailable 1078453139 1 Component State Change: Component \042SCSI-WWID:01000010:6005-08b4-0001-013b-0001-9000-003c-0000\042 is in the unavailable state (HWID=2706)
209777 node-0 unix.hw state_change.unavailable 1078453138 1 Component State Change: Component \042SCSI-WWID:01000010:6005-08b4-0001-010b-0001-4000-0051-0000\042 is in the unavailable state (HWID=2711)
209775 node-0 unix.hw state_change.unavailable 1078453138 1 Component State Change: Component \042SCSI-WWID:01000010:6005-08b4-0001-011f-0002-4000-0045-0000\042 is in the unavailable state (HWID=2703)
209766 node-0 unix.hw state_change.unavailable 1078453138 1 Component State Change: Component \042SCSI-WWID:01000010:6005-08b4-0001-011f-0002-4000-002a-0000\042 is in the unavailable state (HWID=2700)
209749 node-2 unix.hw state_change.unavailable 1078453138 1 Component State Change: Component \042SCSI-WWID:01000010:6005-08b4-0001-013b-0001-9000-0033-0000\042 is in the unavailable state (HWID=2705)
209746 node-2 unix.hw state_change.unavailable 1078453138 1 Component State Change: Component \042SCSI-WWID:01000010:6005-08b4-0001-010b-0001-4000-0036-0000\042 is in the unavailable state (HWID=2708)
209737 node-2 unix.hw state_change.unavailable 1078453137 1 Component State Change: Component \042SCSI-WWID:01000010:6005-08b4-0001-011f-0002-4000-003c-0000\042 is in the unavailable state (HWID=2702)
209728 node-2 unix.hw state_change.unavailable 1078453137 1 Component State Change: Component \042SCSI-WWID:01000010:6005-08b4-0001-011f-0002-4000-0033-0000\042 is in the unavailable state (HWID=2701)
209715 node-2 unix.hw state_change.unavailable 1078453137 1 Component State Change: Component \042SCSI-WWID:01000010:6005-08b4-0001-013b-0001-9000-002a-0000\042 is in the unavailable state (HWID=2704)
209713 node-2 unix.hw state_change.unavailable 1078453137 1 Component State Change: Component \042SCSI-WWID:01000010:6005-08b4-0001-011f-0002-4000-002a-0000\042 is in the unavailable state (HWID=2700)
209706 node-2 unix.hw state_change.unavailable 1078453137 1 Component State Change: Component \042SCSI-WWID:01000010:6005-08b4-0001-011f-0002-4000-0045-0000\042 is in the unavailable state (HWID=2703)
209697 node-2 unix.hw state_change.unavailable 1078453137 1 Component State Change: Component \042SCSI-WWID:01000010:6005-08b4-0001-013b-0001-9000-0045-0000\042 is in the unavailable state (HWID=2707)
209686 node-2 unix.hw state_change.unavailable 1078453137 1 Component State Change: Component \042SCSI-WWID:01000010:6005-08b4-0001-010b-0001-4000-0048-0000\042 is in the unavailable state (HWID=2710)
209683 node-2 unix.hw state_change.unavailable 1078453137 1 Component State Change: Component \042SCSI-WWID:01000010:6005-08b4-0001-010b-0001-4000-0051-0000\042 is in the unavailable state (HWID=2711)
209664 node-2 unix.hw state_change.unavailable 1078453136 1 Component State Change: Component \042SCSI-WWID:01000010:6005-08b4-0001-010b-0001-4000-003f-0000\042 is in the unavailable state (HWID=2709)
209655 node-2 unix.hw state_change.unavailable 1078453136 1 Component State Change: Component \042SCSI-WWID:01000010:6005-08b4-0001-013b-0001-9000-003c-0000\042 is in the unavailable state (HWID=2706)
209434 node-3 unix.hw state_change.unavailable 1078438413 1 Component State Change: Component \042SCSI-WWID:01000010:6005-08b4-0000-c066-0001-5000-002b-0000\042 is in the unavailable state (HWID=2696)
209295 node-2 unix.hw state_change.unavailable 1078438408 1 Component State Change: Component \042SCSI-WWID:01000010:6005-08b4-0000-c066-0001-5000-002b-0000\042 is in the unavailable state (HWID=2696)
209276 node-1 unix.hw state_change.unavailable 1078438406 1 Component State Change: Component \042SCSI-WWID:01000010:6005-08b4-0000-c066-0001-5000-002b-0000\042 is in the unavailable state (HWID=2696)
209147 node-0 unix.hw state_change.unavailable 1078438402 1 Component State Change: Component \042SCSI-WWID:01000010:6005-08b4-0000-c066-0001-5000-002b-0000\042 is in the unavailable state (HWID=2696)
240351 node-224 unix.hw state_change.unavailable 1079030800 1 Component State Change: Component \042SCSI-WWID:01000010:6005-08b4-0001-00c7-0001-2000-0029-0000\042 is in the unavailable state (HWID=88)
240341 node-224 unix.hw state_change.unavailable 1079030800 1 Component State Change: Component \042SCSI-WWID:01000010:6005-08b4-0001-0093-0001-3000-004d-0000\042 is in the unavailable state (HWID=86)
240330 node-225 unix.hw state_change.unavailable 1079030799 1 Component State Change: Component \042SCSI-WWID:01000010:6005-08b4-0001-0093-0001-3000-0056-0000\042 is in the unavailable state (HWID=87)
240323 node-225 unix.hw state_change.unavailable 1079030799 1 Component State Change: Component \042SCSI-WWID:01000010:6005-08b4-0001-00c7-0001-2000-003b-0000\042 is in the unavailable state (HWID=90)
240308 node-225 unix.hw state_change.unavailable 1079030798 1 Component State Change: Component \042SCSI-WWID:01000010:6005-08b4-0001-0093-0001-3000-004d-0000\042 is in the unavailable state (HWID=86)
240299 node-225 unix.hw state_change.unavailable 1079030798 1 Component State Change: Component \042SCSI-WWID:01000010:6005-08b4-0001-00c7-0001-2000-0032-0000\042 is in the unavailable state (HWID=89)
240290 node-226 unix.hw state_change.unavailable 1079030798 1 Component State Change: Component \042SCSI-WWID:01000010:6005-08b4-0001-00c7-0001-2000-0029-0000\042 is in the unavailable state (HWID=88)
240279 node-226 unix.hw state_change.unavailable 1079030798 1 Component State Change: Component \042SCSI-WWID:01000010:6005-08b4-0001-00c7-0001-2000-003b-0000\042 is in the unavailable state (HWID=90)
240270 node-226 unix.hw state_change.unavailable 1079030798 1 Component State Change: Component \042SCSI-WWID:01000010:6005-08b4-0001-0093-0001-3000-0056-0000\042 is in the unavailable state (HWID=87)
240261 node-226 unix.hw state_change.unavailable 1079030797 1 Component State Change: Component \042SCSI-WWID:01000010:6005-08b4-0001-00c7-0001-2000-0032-0000\042 is in the unavailable state (HWID=89)
240245 node-224 unix.hw state_change.unavailable 1079030791 1 Component State Change: Component \042SCSI-WWID:01000010:6005-08b4-0001-0093-0001-3000-0056-0000\042 is in the unavailable state (HWID=87)
240243 node-224 unix.hw state_change.unavailable 1079030791 1 Component State Change: Component \042SCSI-WWID:01000010:6005-08b4-0001-00c7-0001-2000-0032-0000\042 is in the unavailable state (HWID=89)
240227 node-224 unix.hw state_change.unavailable 1079030790 1 Component State Change: Component \042SCSI-WWID:01000010:6005-08b4-0001-00c7-0001-2000-003b-0000\042 is in the unavailable state (HWID=90)
240223 node-224 unix.hw state_change.unavailable 1079030790 1 Component State Change: Component \042SCSI-WWID:01000010:6005-08b4-0001-00c7-0001-2000-0044-0000\042 is in the unavailable state (HWID=91)
240207 node-224 unix.hw state_change.unavailable 1079030789 1 Component State Change: Component \042SCSI-WWID:01000010:6005-08b4-0000-c063-0001-c000-0032-0000\042 is in the unavailable state (HWID=97)
240199 node-224 unix.hw state_change.unavailable 1079030789 1 Component State Change: Component \042SCSI-WWID:01000010:6005-08b4-0000-c063-0001-c000-0029-0000\042 is in the unavailable state (HWID=96)
240197 node-224 unix.hw state_change.unavailable 1079030789 1 Component State Change: Component \042SCSI-WWID:01000010:6005-08b4-0001-00cf-0001-5000-0044-0000\042 is in the unavailable state (HWID=95)
240180 node-224 unix.hw state_change.unavailable 1079030789 1 Component State Change: Component \042SCSI-WWID:01000010:6005-08b4-0000-c063-0001-c000-0044-0000\042 is in the unavailable state (HWID=99)
240176 node-224 unix.hw state_change.unavailable 1079030789 1 Component State Change: Component \042SCSI-WWID:01000010:6005-08b4-0001-00cf-0001-5000-003b-0000\042 is in the unavailable state (HWID=94)
240163 node-224 unix.hw state_change.unavailable 1079030789 1 Component State Change: Component \042SCSI-WWID:01000010:6005-08b4-0000-c063-0001-c000-003b-0000\042 is in the unavailable state (HWID=98)
240156 node-224 unix.hw state_change.unavailable 1079030788 1 Component State Change: Component \042SCSI-WWID:01000010:6005-08b4-0001-00cf-0001-5000-0032-0000\042 is in the unavailable state (HWID=93)
240150 node-224 unix.hw state_change.unavailable 1079030788 1 Component State Change: Component \042SCSI-WWID:01000010:6005-08b4-0001-00cf-0001-5000-0029-0000\042 is in the unavailable state (HWID=92)
240135 node-226 unix.hw state_change.unavailable 1079030788 1 Component State Change: Component \042SCSI-WWID:01000010:6005-08b4-0001-0093-0001-3000-004d-0000\042 is in the unavailable state (HWID=86)
240126 node-225 unix.hw state_change.unavailable 1079030788 1 Component State Change: Component \042SCSI-WWID:01000010:6005-08b4-0001-00c7-0001-2000-0044-0000\042 is in the unavailable state (HWID=91)
240117 node-225 unix.hw state_change.unavailable 1079030788 1 Component State Change: Component \042SCSI-WWID:01000010:6005-08b4-0001-00c7-0001-2000-0029-0000\042 is in the unavailable state (HWID=88)
240108 node-225 unix.hw state_change.unavailable 1079030788 1 Component State Change: Component \042SCSI-WWID:01000010:6005-08b4-0001-00cf-0001-5000-0044-0000\042 is in the unavailable state (HWID=95)
240106 node-225 unix.hw state_change.unavailable 1079030788 1 Component State Change: Component \042SCSI-WWID:01000010:6005-08b4-0000-c063-0001-c000-0032-0000\042 is in the unavailable state (HWID=97)
240095 node-225 unix.hw state_change.unavailable 1079030787 1 Component State Change: Component \042SCSI-WWID:01000010:6005-08b4-0001-00cf-0001-5000-003b-0000\042 is in the unavailable state (HWID=94)
240086 node-225 unix.hw state_change.unavailable 1079030787 1 Component State Change: Component \042SCSI-WWID:01000010:6005-08b4-0001-00cf-0001-5000-0029-0000\042 is in the unavailable state (HWID=92)
240073 node-225 unix.hw state_change.unavailable 1079030787 1 Component State Change: Component \042SCSI-WWID:01000010:6005-08b4-0001-00c7-0001-5000-007b-0000\042 is in the unavailable state (HWID=6275)
240070 node-225 unix.hw state_change.unavailable 1079030787 1 Component State Change: Component \042SCSI-WWID:01000010:6005-08b4-0001-00c7-0001-5000-0084-0000\042 is in the unavailable state (HWID=6276)
240054 node-225 unix.hw state_change.unavailable 1079030786 1 Component State Change: Component \042SCSI-WWID:01000010:6005-08b4-0000-c063-0001-c000-003b-0000\042 is in the unavailable state (HWID=98)
240048 node-225 unix.hw state_change.unavailable 1079030786 1 Component State Change: Component \042SCSI-WWID:01000010:6005-08b4-0001-00cf-0001-5000-0032-0000\042 is in the unavailable state (HWID=93)
240041 node-225 unix.hw state_change.unavailable 1079030786 1 Component State Change: Component \042SCSI-WWID:01000010:6005-08b4-0000-c063-0001-c000-0044-0000\042 is in the unavailable state (HWID=99)
240035 node-225 unix.hw state_change.unavailable 1079030786 1 Component State Change: Component \042SCSI-WWID:01000010:6005-08b4-0000-c063-0001-c000-0029-0000\042 is in the unavailable state (HWID=96)
240018 node-226 unix.hw state_change.unavailable 1079030785 1 Component State Change: Component \042SCSI-WWID:01000010:6005-08b4-0001-00c7-0001-2000-0044-0000\042 is in the unavailable state (HWID=91)
240009 node-226 unix.hw state_change.unavailable 1079030785 1 Component State Change: Component \042SCSI-WWID:01000010:6005-08b4-0000-c063-0001-c000-0044-0000\042 is in the unavailable state (HWID=99)
240005 node-226 unix.hw state_change.unavailable 1079030785 1 Component State Change: Component \042SCSI-WWID:01000010:6005-08b4-0001-00cf-0001-5000-0032-0000\042 is in the unavailable state (HWID=93)
240001 node-226 unix.hw state_change.unavailable 1079030785 1 Component State Change: Component \042SCSI-WWID:01000010:6005-08b4-0001-00cf-0001-5000-003b-0000\042 is in the unavailable state (HWID=94)
239997 node-226 unix.hw state_change.unavailable 1079030785 1 Component State Change: Component \042SCSI-WWID:01000010:6005-08b4-0001-00cf-0001-5000-0044-0000\042 is in the unavailable state (HWID=95)
239987 node-226 unix.hw state_change.unavailable 1079030785 1 Component State Change: Component \042SCSI-WWID:01000010:6005-08b4-0001-00c7-0001-5000-007b-0000\042 is in the unavailable state (HWID=6275)
239968 node-226 unix.hw state_change.unavailable 1079030783 1 Component State Change: Component \042SCSI-WWID:01000010:6005-08b4-0001-00cf-0001-5000-0029-0000\042 is in the unavailable state (HWID=92)
239965 node-226 unix.hw state_change.unavailable 1079030783 1 Component State Change: Component \042SCSI-WWID:01000010:6005-08b4-0000-c063-0001-c000-003b-0000\042 is in the unavailable state (HWID=98)
239952 node-226 unix.hw state_change.unavailable 1079030782 1 Component State Change: Component \042SCSI-WWID:01000010:6005-08b4-0000-c063-0001-c000-0029-0000\042 is in the unavailable state (HWID=96)
239948 node-226 unix.hw state_change.unavailable 1079030782 1 Component State Change: Component \042SCSI-WWID:01000010:6005-08b4-0000-c063-0001-c000-0032-0000\042 is in the unavailable state (HWID=97)
239926 node-226 unix.hw state_change.unavailable 1079030781 1 Component State Change: Component \042SCSI-WWID:01000010:6005-08b4-0001-00c7-0001-5000-0084-0000\042 is in the unavailable state (HWID=6276)
229078 node-23 unix.hw state_change.unavailable 1078960029 1 Component State Change: Component \042alt0\042 is in the unavailable state (HWID=4837)
279757 node-32 unix.hw state_change.unavailable 1079626298 1 Component State Change: Component \042alt0\042 is in the unavailable state (HWID=41)
279758 node-29 unix.hw state_change.unavailable 1079626298 1 Component State Change: Component \042alt0\042 is in the unavailable state (HWID=5267)
279759 node-34 unix.hw state_change.unavailable 1079626298 1 Component State Change: Component \042alt0\042 is in the unavailable state (HWID=2688)
279760 node-27 unix.hw state_change.unavailable 1079626298 1 Component State Change: Component \042alt0\042 is in the unavailable state (HWID=3461)
279761 node-35 unix.hw state_change.unavailable 1079626298 1 Component State Change: Component \042alt0\042 is in the unavailable state (HWID=2898)
279762 node-30 unix.hw state_change.unavailable 1079626298 1 Component State Change: Component \042alt0\042 is in the unavailable state (HWID=5353)
279763 node-26 unix.hw state_change.unavailable 1079626298 1 Component State Change: Component \042alt0\042 is in the unavailable state (HWID=5095)
279764 node-31 unix.hw state_change.unavailable 1079626298 1 Component State Change: Component \042alt0\042 is in the unavailable state (HWID=5439)
279765 node-28 unix.hw state_change.unavailable 1079626298 1 Component State Change: Component \042alt0\042 is in the unavailable state (HWID=5181)
279766 node-25 unix.hw state_change.unavailable 1079626298 1 Component State Change: Component \042alt0\042 is in the unavailable state (HWID=5009)
280578 node-227 unix.hw state_change.unavailable 1079721223 1 Component State Change: Component \042alt0\042 is in the unavailable state (HWID=3455)
282051 node-228 unix.hw state_change.unavailable 1079918922 1 Component State Change: Component \042alt0\042 is in the unavailable state (HWID=3713)
282049 node-228 unix.hw state_change.unavailable 1079918811 1 Component State Change: Component \042alt0\042 is in the unavailable state (HWID=3713)
282047 node-228 unix.hw state_change.unavailable 1079918668 1 Component State Change: Component \042alt0\042 is in the unavailable state (HWID=3713)
298889 node-27 unix.hw state_change.unavailable 1081814497 1 Component State Change: Component \042alt0\042 is in the unavailable state (HWID=3461)
298888 node-26 unix.hw state_change.unavailable 1081814496 1 Component State Change: Component \042alt0\042 is in the unavailable state (HWID=5095)
298887 node-29 unix.hw state_change.unavailable 1081814496 1 Component State Change: Component \042alt0\042 is in the unavailable state (HWID=5267)
298886 node-35 unix.hw state_change.unavailable 1081814496 1 Component State Change: Component \042alt0\042 is in the unavailable state (HWID=2898)
298885 node-25 unix.hw state_change.unavailable 1081814496 1 Component State Change: Component \042alt0\042 is in the unavailable state (HWID=5009)
298884 node-34 unix.hw state_change.unavailable 1081814496 1 Component State Change: Component \042alt0\042 is in the unavailable state (HWID=2688)
298883 node-31 unix.hw state_change.unavailable 1081814496 1 Component State Change: Component \042alt0\042 is in the unavailable state (HWID=5439)
298882 node-32 unix.hw state_change.unavailable 1081814496 1 Component State Change: Component \042alt0\042 is in the unavailable state (HWID=41)
298881 node-30 unix.hw state_change.unavailable 1081814496 1 Component State Change: Component \042alt0\042 is in the unavailable state (HWID=5353)
298880 node-28 unix.hw state_change.unavailable 1081814496 1 Component State Change: Component \042alt0\042 is in the unavailable state (HWID=5181)
316614 node-200 unix.hw state_change.unavailable 1082864286 1 Component State Change: Component \042alt0\042 is in the unavailable state (HWID=2538)
316613 node-197 unix.hw state_change.unavailable 1082864286 1 Component State Change: Component \042alt0\042 is in the unavailable state (HWID=3028)
316612 node-194 unix.hw state_change.unavailable 1082864286 1 Component State Change: Component \042alt0\042 is in the unavailable state (HWID=2818)
316611 node-201 unix.hw state_change.unavailable 1082864286 1 Component State Change: Component \042alt0\042 is in the unavailable state (HWID=3098)
316610 node-193 unix.hw state_change.unavailable 1082864286 1 Component State Change: Component \042alt0\042 is in the unavailable state (HWID=4432)
316609 node-198 unix.hw state_change.unavailable 1082864286 1 Component State Change: Component \042alt0\042 is in the unavailable state (HWID=2748)
316608 node-203 unix.hw state_change.unavailable 1082864286 1 Component State Change: Component \042alt0\042 is in the unavailable state (HWID=3238)
316607 node-195 unix.hw state_change.unavailable 1082864286 1 Component State Change: Component \042alt0\042 is in the unavailable state (HWID=2958)
316606 node-202 unix.hw state_change.unavailable 1082864286 1 Component State Change: Component \042alt0\042 is in the unavailable state (HWID=3168)
316605 node-196 unix.hw state_change.unavailable 1082864286 1 Component State Change: Component \042alt0\042 is in the unavailable state (HWID=2888)
316604 node-199 unix.hw state_change.unavailable 1082864286 1 Component State Change: Component \042alt0\042 is in the unavailable state (HWID=2608)
316603 node-192 unix.hw state_change.unavailable 1082864286 1 Component State Change: Component \042alt0\042 is in the unavailable state (HWID=41)
316465 node-194 unix.hw state_change.unavailable 1082803879 1 Component State Change: Component \042alt0\042 is in the unavailable state (HWID=2818)
316464 node-200 unix.hw state_change.unavailable 1082803879 1 Component State Change: Component \042alt0\042 is in the unavailable state (HWID=2538)
316463 node-202 unix.hw state_change.unavailable 1082803879 1 Component State Change: Component \042alt0\042 is in the unavailable state (HWID=3168)
316462 node-201 unix.hw state_change.unavailable 1082803879 1 Component State Change: Component \042alt0\042 is in the unavailable state (HWID=3098)
316461 node-203 unix.hw state_change.unavailable 1082803879 1 Component State Change: Component \042alt0\042 is in the unavailable state (HWID=3238)
316460 node-193 unix.hw state_change.unavailable 1082803879 1 Component State Change: Component \042alt0\042 is in the unavailable state (HWID=4432)
316459 node-199 unix.hw state_change.unavailable 1082803879 1 Component State Change: Component \042alt0\042 is in the unavailable state (HWID=2608)
316458 node-198 unix.hw state_change.unavailable 1082803879 1 Component State Change: Component \042alt0\042 is in the unavailable state (HWID=2748)
316457 node-197 unix.hw state_change.unavailable 1082803879 1 Component State Change: Component \042alt0\042 is in the unavailable state (HWID=3028)
316456 node-196 unix.hw state_change.unavailable 1082803879 1 Component State Change: Component \042alt0\042 is in the unavailable state (HWID=2888)
316455 node-195 unix.hw state_change.unavailable 1082803879 1 Component State Change: Component \042alt0\042 is in the unavailable state (HWID=2958)
316454 node-192 unix.hw state_change.unavailable 1082803879 1 Component State Change: Component \042alt0\042 is in the unavailable state (HWID=41)
316444 node-233 unix.hw state_change.unavailable 1082797654 1 Component State Change: Component \042alt0\042 is in the unavailable state (HWID=4143)
316440 node-233 unix.hw state_change.unavailable 1082796916 1 Component State Change: Component \042alt0\042 is in the unavailable state (HWID=4143)
316436 node-233 unix.hw state_change.unavailable 1082796017 1 Component State Change: Component \042alt0\042 is in the unavailable state (HWID=4143)
316434 node-233 unix.hw state_change.unavailable 1082795982 1 Component State Change: Component \042alt0\042 is in the unavailable state (HWID=4143)
316431 node-233 unix.hw state_change.unavailable 1082795775 1 Component State Change: Component \042alt0\042 is in the unavailable state (HWID=4143)
316429 node-233 unix.hw state_change.unavailable 1082795597 1 Component State Change: Component \042alt0\042 is in the unavailable state (HWID=4143)
315560 node-233 unix.hw state_change.unavailable 1082569564 1 Component State Change: Component \042alt0\042 is in the unavailable state (HWID=4143)
315556 node-233 unix.hw state_change.unavailable 1082568537 1 Component State Change: Component \042alt0\042 is in the unavailable state (HWID=4143)
334359 node-20 unix.hw state_change.unavailable 1083284297 1 Component State Change: Component \042SCSI-WWID:01000010:6005-08b4-0001-0147-0001-7000-00b8-0000\042 is in the unavailable state (HWID=5952)
334358 node-22 unix.hw state_change.unavailable 1083284297 1 Component State Change: Component \042SCSI-WWID:01000010:6005-08b4-0001-0147-0001-7000-00b8-0000\042 is in the unavailable state (HWID=5952)
334357 node-23 unix.hw state_change.unavailable 1083284297 1 Component State Change: Component \042SCSI-WWID:01000010:6005-08b4-0001-0147-0001-7000-00b8-0000\042 is in the unavailable state (HWID=5952)
333983 node-1 unix.hw state_change.unavailable 1083284293 1 Component State Change: Component \042SCSI-WWID:01000010:6005-08b4-0000-c066-0001-6000-00c8-0000\042 is in the unavailable state (HWID=5924)
333979 node-3 unix.hw state_change.unavailable 1083284293 1 Component State Change: Component \042SCSI-WWID:01000010:6005-08b4-0000-c066-0001-6000-00c8-0000\042 is in the unavailable state (HWID=5924)
333973 node-2 unix.hw state_change.unavailable 1083284293 1 Component State Change: Component \042SCSI-WWID:01000010:6005-08b4-0000-c066-0001-6000-00c8-0000\042 is in the unavailable state (HWID=5924)
333795 node-0 unix.hw state_change.unavailable 1083284287 1 Component State Change: Component \042SCSI-WWID:01000010:6005-08b4-0000-c066-0001-6000-00c8-0000\042 is in the unavailable state (HWID=5924)
333263 node-242 unix.hw state_change.unavailable 1083284281 1 Component State Change: Component \042SCSI-WWID:01000010:6005-08b4-0000-c074-0001-7000-006b-0000\042 is in the unavailable state (HWID=6316)
333200 node-230 unix.hw state_change.unavailable 1083284280 1 Component State Change: Component \042SCSI-WWID:01000010:6005-08b4-0001-00d5-0001-a000-0079-0000\042 is in the unavailable state (HWID=6301)
333168 node-17 unix.hw state_change.unavailable 1083284279 1 Component State Change: Component \042SCSI-WWID:01000010:6005-08b4-0000-c065-0000-c000-0041-0000\042 is in the unavailable state (HWID=5935)
333044 node-2 unix.hw state_change.unavailable 1083284277 1 Component State Change: Component \042SCSI-WWID:01000010:6005-08b4-0001-010b-0001-5000-0038-0000\042 is in the unavailable state (HWID=5959)
332968 node-17 unix.hw state_change.unavailable 1083284276 1 Component State Change: Component \042SCSI-WWID:01000010:6005-08b4-0001-0168-0000-c000-005b-0000\042 is in the unavailable state (HWID=5977)
332667 node-18 unix.hw state_change.unavailable 1083284265 1 Component State Change: Component \042SCSI-WWID:01000010:6005-08b4-0000-c065-0000-c000-0038-0000\042 is in the unavailable state (HWID=5931)
332565 node-30 unix.hw state_change.unavailable 1083284264 1 Component State Change: Component \042SCSI-WWID:01000010:6005-08b4-0001-015a-0001-2000-0036-0000\042 is in the unavailable state (HWID=5969)
332417 node-16 unix.hw state_change.unavailable 1083284262 1 Component State Change: Component \042SCSI-WWID:01000010:6005-08b4-0001-00f5-0001-4000-0039-0000\042 is in the unavailable state (HWID=5936)
332311 node-30 unix.hw state_change.unavailable 1083284258 1 Component State Change: Component \042SCSI-WWID:01000010:6005-08b4-0001-015a-0001-2000-003f-0000\042 is in the unavailable state (HWID=5970)
332184 node-16 unix.hw state_change.unavailable 1083284254 1 Component State Change: Component \042SCSI-WWID:01000010:6005-08b4-0001-012f-0001-7000-0039-0000\042 is in the unavailable state (HWID=5927)
332006 node-242 unix.hw state_change.unavailable 1083284250 1 Component State Change: Component \042SCSI-WWID:01000010:6005-08b4-0000-c074-0001-7000-0074-0000\042 is in the unavailable state (HWID=6317)
331979 node-229 unix.hw state_change.unavailable 1083284250 1 Component State Change: Component \042SCSI-WWID:01000010:6005-08b4-0001-009a-0001-1000-0064-0000\042 is in the unavailable state (HWID=6299)
331892 node-241 unix.hw state_change.unavailable 1083284248 1 Component State Change: Component \042SCSI-WWID:01000010:6005-08b4-0000-c06f-0001-4000-007f-0000\042 is in the unavailable state (HWID=6272)
331860 node-18 unix.hw state_change.unavailable 1083284247 1 Component State Change: Component \042SCSI-WWID:01000010:6005-08b4-0001-00f5-0001-4000-0042-0000\042 is in the unavailable state (HWID=5976)
331781 node-22 unix.hw state_change.unavailable 1083284245 1 Component State Change: Component \042SCSI-WWID:01000010:6005-08b4-0001-014b-0001-d000-00b3-0000\042 is in the unavailable state (HWID=5979)
331745 node-21 unix.hw state_change.unavailable 1083284244 1 Component State Change: Component \042SCSI-WWID:01000010:6005-08b4-0001-013e-0001-3000-00b6-0000\042 is in the unavailable state (HWID=5982)
331654 node-18 unix.hw state_change.unavailable 1083284239 1 Component State Change: Component \042SCSI-WWID:01000010:6005-08b4-0001-00f5-0001-4000-0039-0000\042 is in the unavailable state (HWID=5936)
331620 node-22 unix.hw state_change.unavailable 1083284238 1 Component State Change: Component \042SCSI-WWID:01000010:6005-08b4-0001-013e-0001-3000-00b6-0000\042 is in the unavailable state (HWID=5982)
331610 node-29 unix.hw state_change.unavailable 1083284238 1 Component State Change: Component \042SCSI-WWID:01000010:6005-08b4-0001-0108-0002-6000-0039-0000\042 is in the unavailable state (HWID=5953)
331608 node-23 unix.hw state_change.unavailable 1083284238 1 Component State Change: Component \042SCSI-WWID:01000010:6005-08b4-0001-013e-0001-3000-00b6-0000\042 is in the unavailable state (HWID=5982)
331592 node-22 unix.hw state_change.unavailable 1083284238 1 Component State Change: Component \042SCSI-WWID:01000010:6005-08b4-0001-014b-0001-d000-00bc-0000\042 is in the unavailable state (HWID=5980)
331426 node-25 unix.hw state_change.unavailable 1083284232 1 Component State Change: Component \042SCSI-WWID:01000010:6005-08b4-0001-0159-0001-0000-0053-0000\042 is in the unavailable state (HWID=5939)
331327 node-21 unix.hw state_change.unavailable 1083284228 1 Component State Change: Component \042SCSI-WWID:01000010:6005-08b4-0001-00aa-0001-a000-0039-0000\042 is in the unavailable state (HWID=5942)
331325 node-23 unix.hw state_change.unavailable 1083284228 1 Component State Change: Component \042SCSI-WWID:01000010:6005-08b4-0001-00aa-0001-a000-0039-0000\042 is in the unavailable state (HWID=5942)
331323 node-22 unix.hw state_change.unavailable 1083284228 1 Component State Change: Component \042SCSI-WWID:01000010:6005-08b4-0001-00aa-0001-a000-0039-0000\042 is in the unavailable state (HWID=5942)
331284 node-245 unix.hw state_change.unavailable 1083284227 1 Component State Change: Component \042SCSI-WWID:01000010:6005-08b4-0001-00c6-0006-6000-0043-0000\042 is in the unavailable state (HWID=6287)
331298 node-24 unix.hw state_change.unavailable 1083284227 1 Component State Change: Component \042SCSI-WWID:01000010:6005-08b4-0001-0166-0001-9000-00b3-0000\042 is in the unavailable state (HWID=5937)
331277 node-2 unix.hw state_change.unavailable 1083284227 1 Component State Change: Component \042SCSI-WWID:01000010:6005-08b4-0001-013b-0001-9000-00db-0000\042 is in the unavailable state (HWID=5958)
331179 node-28 unix.hw state_change.unavailable 1083284223 1 Component State Change: Component \042SCSI-WWID:01000010:6005-08b4-0001-015b-0001-2000-0044-0000\042 is in the unavailable state (HWID=5945)
331145 node-246 unix.hw state_change.unavailable 1083284223 1 Component State Change: Component \042SCSI-WWID:01000010:6005-08b4-0001-0152-0001-5000-005d-0000\042 is in the unavailable state (HWID=6320)
331132 node-3 unix.hw state_change.unavailable 1083284223 1 Component State Change: Component \042SCSI-WWID:01000010:6005-08b4-0000-c066-0001-6000-00bf-0000\042 is in the unavailable state (HWID=5923)
331120 node-2 unix.hw state_change.unavailable 1083284222 1 Component State Change: Component \042SCSI-WWID:01000010:6005-08b4-0000-c066-0001-6000-00bf-0000\042 is in the unavailable state (HWID=5923)
331109 node-2 unix.hw state_change.unavailable 1083284222 1 Component State Change: Component \042SCSI-WWID:01000010:6005-08b4-0001-013b-0001-9000-00d2-0000\042 is in the unavailable state (HWID=5957)
331069 node-1 unix.hw state_change.unavailable 1083284221 1 Component State Change: Component \042SCSI-WWID:01000010:6005-08b4-0000-c066-0001-6000-00bf-0000\042 is in the unavailable state (HWID=5923)
331049 node-1 unix.hw state_change.unavailable 1083284221 1 Component State Change: Component \042SCSI-WWID:01000010:6005-08b4-0001-0157-0002-2000-003d-0000\042 is in the unavailable state (HWID=5929)
330984 node-1 unix.hw state_change.unavailable 1083284220 1 Component State Change: Component \042SCSI-WWID:01000010:6005-08b4-0001-0157-0002-2000-0046-0000\042 is in the unavailable state (HWID=5930)
330823 node-17 unix.hw state_change.unavailable 1083284217 1 Component State Change: Component \042SCSI-WWID:01000010:6005-08b4-0000-c065-0000-c000-0038-0000\042 is in the unavailable state (HWID=5931)
330509 node-240 unix.hw state_change.unavailable 1083284214 1 Component State Change: Component \042SCSI-WWID:01000010:6005-08b4-0001-0122-0001-0000-0087-0000\042 is in the unavailable state (HWID=6267)
330461 node-244 unix.hw state_change.unavailable 1083284214 1 Component State Change: Component \042SCSI-WWID:01000010:6005-08b4-0001-0164-0001-1000-0058-0000\042 is in the unavailable state (HWID=6280)
330403 node-20 unix.hw state_change.unavailable 1083284213 1 Component State Change: Component \042SCSI-WWID:01000010:6005-08b4-0001-013e-0001-3000-00b6-0000\042 is in the unavailable state (HWID=5982)
330372 node-228 unix.hw state_change.unavailable 1083284213 1 Component State Change: Component \042SCSI-WWID:01000010:6005-08b4-0000-c06d-0003-0000-0144-0000\042 is in the unavailable state (HWID=6297)
330335 node-20 unix.hw state_change.unavailable 1083284212 1 Component State Change: Component \042SCSI-WWID:01000010:6005-08b4-0001-00aa-0001-a000-0039-0000\042 is in the unavailable state (HWID=5942)
330306 node-0 unix.hw state_change.unavailable 1083284212 1 Component State Change: Component \042SCSI-WWID:01000010:6005-08b4-0000-c066-0001-6000-00bf-0000\042 is in the unavailable state (HWID=5923)
321324 node-10 unix.hw state_change.unavailable 1083195648 1 Component State Change: Component \042SCSI-WWID:01000010:6005-08b4-0001-0120-0001-1000-005b-0000\042 is in the unavailable state (HWID=5933)
321318 node-11 unix.hw state_change.unavailable 1083195648 1 Component State Change: Component \042SCSI-WWID:01000010:6005-08b4-0001-0120-0001-1000-005b-0000\042 is in the unavailable state (HWID=5933)
321252 node-8 unix.hw state_change.unavailable 1083195647 1 Component State Change: Component \042SCSI-WWID:01000010:6005-08b4-0001-0120-0001-1000-005b-0000\042 is in the unavailable state (HWID=5933)
321123 node-9 unix.hw state_change.unavailable 1083195645 1 Component State Change: Component \042SCSI-WWID:01000010:6005-08b4-0001-0120-0001-1000-005b-0000\042 is in the unavailable state (HWID=5933)
320894 node-10 unix.hw state_change.unavailable 1083195639 1 Component State Change: Component \042SCSI-WWID:01000010:6005-08b4-0001-0120-0001-1000-0052-0000\042 is in the unavailable state (HWID=5932)
320891 node-11 unix.hw state_change.unavailable 1083195639 1 Component State Change: Component \042SCSI-WWID:01000010:6005-08b4-0001-0120-0001-1000-0052-0000\042 is in the unavailable state (HWID=5932)
320823 node-8 unix.hw state_change.unavailable 1083195637 1 Component State Change: Component \042SCSI-WWID:01000010:6005-08b4-0001-0120-0001-1000-0052-0000\042 is in the unavailable state (HWID=5932)
320468 node-8 unix.hw state_change.unavailable 1083195629 1 Component State Change: Component \042SCSI-WWID:01000010:6005-08b4-0001-4048-0008-b000-0098-0000\042 is in the unavailable state (HWID=5973)
320463 node-9 unix.hw state_change.unavailable 1083195629 1 Component State Change: Component \042SCSI-WWID:01000010:6005-08b4-0001-4048-0008-b000-0098-0000\042 is in the unavailable state (HWID=5973)
320451 node-8 unix.hw state_change.unavailable 1083195629 1 Component State Change: Component \042SCSI-WWID:01000010:6005-08b4-0001-4048-0008-b000-008f-0000\042 is in the unavailable state (HWID=5934)
320446 node-9 unix.hw state_change.unavailable 1083195629 1 Component State Change: Component \042SCSI-WWID:01000010:6005-08b4-0001-4048-0008-b000-008f-0000\042 is in the unavailable state (HWID=5934)
320416 node-11 unix.hw state_change.unavailable 1083195628 1 Component State Change: Component \042SCSI-WWID:01000010:6005-08b4-0001-4048-0008-b000-0098-0000\042 is in the unavailable state (HWID=5973)
320407 node-11 unix.hw state_change.unavailable 1083195628 1 Component State Change: Component \042SCSI-WWID:01000010:6005-08b4-0001-4048-0008-b000-008f-0000\042 is in the unavailable state (HWID=5934)
320107 node-11 unix.hw state_change.unavailable 1083195620 1 Component State Change: Component \042SCSI-WWID:01000010:6005-08b4-0001-0127-0000-e000-007f-0000\042 is in the unavailable state (HWID=5975)
320098 node-11 unix.hw state_change.unavailable 1083195620 1 Component State Change: Component \042SCSI-WWID:01000010:6005-08b4-0001-0127-0000-e000-0076-0000\042 is in the unavailable state (HWID=5974)
319892 node-10 unix.hw state_change.unavailable 1083195613 1 Component State Change: Component \042SCSI-WWID:01000010:6005-08b4-0001-4048-0008-b000-0098-0000\042 is in the unavailable state (HWID=5973)
319883 node-10 unix.hw state_change.unavailable 1083195612 1 Component State Change: Component \042SCSI-WWID:01000010:6005-08b4-0001-4048-0008-b000-008f-0000\042 is in the unavailable state (HWID=5934)
319352 node-7 unix.hw state_change.unavailable 1083195595 1 Component State Change: Component \042SCSI-WWID:01000010:6005-08b4-0001-019a-0001-b000-007f-0000\042 is in the unavailable state (HWID=5962)
319342 node-7 unix.hw state_change.unavailable 1083195595 1 Component State Change: Component \042SCSI-WWID:01000010:6005-08b4-0001-019a-0001-b000-0076-0000\042 is in the unavailable state (HWID=5961)
318842 node-234 unix.hw state_change.unavailable 1083195569 1 Component State Change: Component \042SCSI-WWID:01000010:6005-08b4-0001-4d57-0001-9000-008f-0000\042 is in the unavailable state (HWID=6309)
318834 node-235 unix.hw state_change.unavailable 1083195569 1 Component State Change: Component \042SCSI-WWID:01000010:6005-08b4-0001-0145-0001-1000-0038-0000\042 is in the unavailable state (HWID=6262)
318832 node-234 unix.hw state_change.unavailable 1083195569 1 Component State Change: Component \042SCSI-WWID:01000010:6005-08b4-0001-0145-0001-1000-0038-0000\042 is in the unavailable state (HWID=6262)
318797 node-233 unix.hw state_change.unavailable 1083195567 1 Component State Change: Component \042SCSI-WWID:01000010:6005-08b4-0001-0145-0001-1000-0038-0000\042 is in the unavailable state (HWID=6262)
318761 node-248 unix.hw state_change.unavailable 1083195564 1 Component State Change: Component \042SCSI-WWID:01000010:6005-08b4-0001-011c-0001-a000-0062-0000\042 is in the unavailable state (HWID=6266)
318409 node-233 unix.hw state_change.unavailable 1083195527 1 Component State Change: Component \042SCSI-WWID:01000010:6005-08b4-0001-018f-0001-0000-00c2-0000\042 is in the unavailable state (HWID=6269)
318289 node-233 unix.hw state_change.unavailable 1083195517 1 Component State Change: Component \042SCSI-WWID:01000010:6005-08b4-0001-018f-0001-0000-00cb-0000\042 is in the unavailable state (HWID=6270)
318021 node-249 unix.hw state_change.unavailable 1083195498 1 Component State Change: Component \042SCSI-WWID:01000010:6005-08b4-0001-0176-0002-1000-0078-0000\042 is in the unavailable state (HWID=6273)
317873 node-248 unix.hw state_change.unavailable 1083195487 1 Component State Change: Component \042SCSI-WWID:01000010:6005-08b4-0001-011c-0001-a000-006b-0000\042 is in the unavailable state (HWID=6268)
317789 node-232 unix.hw state_change.unavailable 1083195479 1 Component State Change: Component \042SCSI-WWID:01000010:6005-08b4-0001-0145-0001-1000-0038-0000\042 is in the unavailable state (HWID=6262)
317743 node-251 unix.hw state_change.unavailable 1083195476 1 Component State Change: Component \042SCSI-WWID:01000010:6005-08b4-0001-0176-0002-1000-0081-0000\042 is in the unavailable state (HWID=6274)
317741 node-250 unix.hw state_change.unavailable 1083195475 1 Component State Change: Component \042SCSI-WWID:01000010:6005-08b4-0001-0176-0002-1000-0081-0000\042 is in the unavailable state (HWID=6274)
317739 node-248 unix.hw state_change.unavailable 1083195475 1 Component State Change: Component \042SCSI-WWID:01000010:6005-08b4-0001-0176-0002-1000-0081-0000\042 is in the unavailable state (HWID=6274)
317528 node-249 unix.hw state_change.unavailable 1083195452 1 Component State Change: Component \042SCSI-WWID:01000010:6005-08b4-0001-0176-0002-1000-0081-0000\042 is in the unavailable state (HWID=6274)
337009 node-12 unix.hw state_change.unavailable 1083289360 1 Component State Change: Component \042SCSI-WWID:01000010:6005-08b4-0001-0129-0001-c000-003a-0000\042 is in the unavailable state (HWID=5943)
337153 node-15 unix.hw state_change.unavailable 1083289366 1 Component State Change: Component \042SCSI-WWID:01000010:6005-08b4-0001-0129-0001-c000-003a-0000\042 is in the unavailable state (HWID=5943)
337154 node-13 unix.hw state_change.unavailable 1083289366 1 Component State Change: Component \042SCSI-WWID:01000010:6005-08b4-0001-0129-0001-c000-003a-0000\042 is in the unavailable state (HWID=5943)
337155 node-14 unix.hw state_change.unavailable 1083289366 1 Component State Change: Component \042SCSI-WWID:01000010:6005-08b4-0001-0129-0001-c000-003a-0000\042 is in the unavailable state (HWID=5943)
337562 node-12 unix.hw state_change.unavailable 1083289382 1 Component State Change: Component \042SCSI-WWID:01000010:6005-08b4-0001-0129-0001-c000-0043-0000\042 is in the unavailable state (HWID=5948)
337705 node-14 unix.hw state_change.unavailable 1083289388 1 Component State Change: Component \042SCSI-WWID:01000010:6005-08b4-0001-0129-0001-c000-0043-0000\042 is in the unavailable state (HWID=5948)
337706 node-15 unix.hw state_change.unavailable 1083289388 1 Component State Change: Component \042SCSI-WWID:01000010:6005-08b4-0001-0129-0001-c000-0043-0000\042 is in the unavailable state (HWID=5948)
337707 node-13 unix.hw state_change.unavailable 1083289388 1 Component State Change: Component \042SCSI-WWID:01000010:6005-08b4-0001-0129-0001-c000-0043-0000\042 is in the unavailable state (HWID=5948)
350982 node-118 unix.hw state_change.unavailable 1084682031 1 Component State Change: Component \042alt0\042 is in the unavailable state (HWID=3740)
350981 node-127 unix.hw state_change.unavailable 1084682031 1 Component State Change: Component \042alt0\042 is in the unavailable state (HWID=4374)
350980 node-112 unix.hw state_change.unavailable 1084682031 1 Component State Change: Component \042alt0\042 is in the unavailable state (HWID=3390)
350979 node-126 unix.hw state_change.unavailable 1084682030 1 Component State Change: Component \042alt0\042 is in the unavailable state (HWID=4304)
350978 node-125 unix.hw state_change.unavailable 1084682030 1 Component State Change: Component \042alt0\042 is in the unavailable state (HWID=4234)
350977 node-124 unix.hw state_change.unavailable 1084682030 1 Component State Change: Component \042alt0\042 is in the unavailable state (HWID=4164)
350966 node-123 unix.hw state_change.unavailable 1084682029 1 Component State Change: Component \042alt0\042 is in the unavailable state (HWID=4020)
350965 node-122 unix.hw state_change.unavailable 1084682029 1 Component State Change: Component \042alt0\042 is in the unavailable state (HWID=2480)
350964 node-120 unix.hw state_change.unavailable 1084682029 1 Component State Change: Component \042alt0\042 is in the unavailable state (HWID=3880)
350963 node-119 unix.hw state_change.unavailable 1084682029 1 Component State Change: Component \042alt0\042 is in the unavailable state (HWID=3810)
350962 node-121 unix.hw state_change.unavailable 1084682028 1 Component State Change: Component \042alt0\042 is in the unavailable state (HWID=3950)
350961 node-117 unix.hw state_change.unavailable 1084682028 1 Component State Change: Component \042alt0\042 is in the unavailable state (HWID=3670)
350960 node-116 unix.hw state_change.unavailable 1084682028 1 Component State Change: Component \042alt0\042 is in the unavailable state (HWID=3600)
350959 node-115 unix.hw state_change.unavailable 1084682028 1 Component State Change: Component \042alt0\042 is in the unavailable state (HWID=3530)
350958 node-114 unix.hw state_change.unavailable 1084682028 1 Component State Change: Component \042alt0\042 is in the unavailable state (HWID=3460)
350957 node-113 unix.hw state_change.unavailable 1084682028 1 Component State Change: Component \042alt0\042 is in the unavailable state (HWID=4514)
350946 node-111 unix.hw state_change.unavailable 1084682027 1 Component State Change: Component \042alt0\042 is in the unavailable state (HWID=3320)
350945 node-110 unix.hw state_change.unavailable 1084682027 1 Component State Change: Component \042alt0\042 is in the unavailable state (HWID=3250)
350942 node-109 unix.hw state_change.unavailable 1084682026 1 Component State Change: Component \042alt0\042 is in the unavailable state (HWID=3180)
350941 node-108 unix.hw state_change.unavailable 1084682026 1 Component State Change: Component \042alt0\042 is in the unavailable state (HWID=4444)
350940 node-107 unix.hw state_change.unavailable 1084682026 1 Component State Change: Component \042alt0\042 is in the unavailable state (HWID=3110)
350939 node-106 unix.hw state_change.unavailable 1084682026 1 Component State Change: Component \042alt0\042 is in the unavailable state (HWID=3040)
350938 node-105 unix.hw state_change.unavailable 1084682026 1 Component State Change: Component \042alt0\042 is in the unavailable state (HWID=2970)
350937 node-104 unix.hw state_change.unavailable 1084682026 1 Component State Change: Component \042alt0\042 is in the unavailable state (HWID=2690)
350936 node-103 unix.hw state_change.unavailable 1084682025 1 Component State Change: Component \042alt0\042 is in the unavailable state (HWID=2410)
350934 node-102 unix.hw state_change.unavailable 1084682025 1 Component State Change: Component \042alt0\042 is in the unavailable state (HWID=2620)
350932 node-101 unix.hw state_change.unavailable 1084682025 1 Component State Change: Component \042alt0\042 is in the unavailable state (HWID=2550)
350929 node-100 unix.hw state_change.unavailable 1084682025 1 Component State Change: Component \042alt0\042 is in the unavailable state (HWID=2900)
350931 node-64 unix.hw state_change.unavailable 1084682025 1 Component State Change: Component \042alt0\042 is in the unavailable state (HWID=41)
350930 node-95 unix.hw state_change.unavailable 1084682025 1 Component State Change: Component \042alt0\042 is in the unavailable state (HWID=4512)
350927 node-92 unix.hw state_change.unavailable 1084682025 1 Component State Change: Component \042alt0\042 is in the unavailable state (HWID=4372)
350918 node-88 unix.hw state_change.unavailable 1084682025 1 Component State Change: Component \042alt0\042 is in the unavailable state (HWID=4018)
350917 node-94 unix.hw state_change.unavailable 1084682025 1 Component State Change: Component \042alt0\042 is in the unavailable state (HWID=4442)
350916 node-93 unix.hw state_change.unavailable 1084682025 1 Component State Change: Component \042alt0\042 is in the unavailable state (HWID=4228)
350914 node-91 unix.hw state_change.unavailable 1084682025 1 Component State Change: Component \042alt0\042 is in the unavailable state (HWID=4158)
350913 node-90 unix.hw state_change.unavailable 1084682025 1 Component State Change: Component \042alt0\042 is in the unavailable state (HWID=4778)
350912 node-89 unix.hw state_change.unavailable 1084682025 1 Component State Change: Component \042alt0\042 is in the unavailable state (HWID=4088)
350904 node-99 unix.hw state_change.unavailable 1084682025 1 Component State Change: Component \042alt0\042 is in the unavailable state (HWID=2830)
350901 node-98 unix.hw state_change.unavailable 1084682025 1 Component State Change: Component \042alt0\042 is in the unavailable state (HWID=2760)
350896 node-97 unix.hw state_change.unavailable 1084682024 1 Component State Change: Component \042alt0\042 is in the unavailable state (HWID=4094)
350897 node-87 unix.hw state_change.unavailable 1084682024 1 Component State Change: Component \042alt0\042 is in the unavailable state (HWID=3948)
350894 node-86 unix.hw state_change.unavailable 1084682024 1 Component State Change: Component \042alt0\042 is in the unavailable state (HWID=3878)
350891 node-96 unix.hw state_change.unavailable 1084682024 1 Component State Change: Component \042alt0\042 is in the unavailable state (HWID=41)
350893 node-85 unix.hw state_change.unavailable 1084682024 1 Component State Change: Component \042alt0\042 is in the unavailable state (HWID=3808)
350892 node-84 unix.hw state_change.unavailable 1084682024 1 Component State Change: Component \042alt0\042 is in the unavailable state (HWID=3738)
350890 node-83 unix.hw state_change.unavailable 1084682024 1 Component State Change: Component \042alt0\042 is in the unavailable state (HWID=3668)
350889 node-82 unix.hw state_change.unavailable 1084682024 1 Component State Change: Component \042alt0\042 is in the unavailable state (HWID=3598)
350888 node-81 unix.hw state_change.unavailable 1084682024 1 Component State Change: Component \042alt0\042 is in the unavailable state (HWID=3528)
350887 node-80 unix.hw state_change.unavailable 1084682024 1 Component State Change: Component \042alt0\042 is in the unavailable state (HWID=3458)
350886 node-79 unix.hw state_change.unavailable 1084682024 1 Component State Change: Component \042alt0\042 is in the unavailable state (HWID=3388)
350885 node-78 unix.hw state_change.unavailable 1084682024 1 Component State Change: Component \042alt0\042 is in the unavailable state (HWID=3318)
350884 node-77 unix.hw state_change.unavailable 1084682024 1 Component State Change: Component \042alt0\042 is in the unavailable state (HWID=3248)
350883 node-76 unix.hw state_change.unavailable 1084682024 1 Component State Change: Component \042alt0\042 is in the unavailable state (HWID=3178)
350871 node-75 unix.hw state_change.unavailable 1084682024 1 Component State Change: Component \042alt0\042 is in the unavailable state (HWID=3108)
350870 node-74 unix.hw state_change.unavailable 1084682024 1 Component State Change: Component \042alt0\042 is in the unavailable state (HWID=3038)
350869 node-73 unix.hw state_change.unavailable 1084682024 1 Component State Change: Component \042alt0\042 is in the unavailable state (HWID=2968)
350868 node-72 unix.hw state_change.unavailable 1084682024 1 Component State Change: Component \042alt0\042 is in the unavailable state (HWID=2688)
350867 node-71 unix.hw state_change.unavailable 1084682024 1 Component State Change: Component \042alt0\042 is in the unavailable state (HWID=2478)
350866 node-70 unix.hw state_change.unavailable 1084682024 1 Component State Change: Component \042alt0\042 is in the unavailable state (HWID=2828)
350865 node-69 unix.hw state_change.unavailable 1084682024 1 Component State Change: Component \042alt0\042 is in the unavailable state (HWID=2548)
350864 node-68 unix.hw state_change.unavailable 1084682024 1 Component State Change: Component \042alt0\042 is in the unavailable state (HWID=2758)
350863 node-67 unix.hw state_change.unavailable 1084682024 1 Component State Change: Component \042alt0\042 is in the unavailable state (HWID=2618)
350862 node-66 unix.hw state_change.unavailable 1084682024 1 Component State Change: Component \042alt0\042 is in the unavailable state (HWID=2408)
350861 node-65 unix.hw state_change.unavailable 1084682024 1 Component State Change: Component \042alt0\042 is in the unavailable state (HWID=4302)
350792 node-107 unix.hw state_change.unavailable 1084680780 1 Component State Change: Component \042alt0\042 is in the unavailable state (HWID=3110)
350791 node-120 unix.hw state_change.unavailable 1084680780 1 Component State Change: Component \042alt0\042 is in the unavailable state (HWID=3880)
350790 node-119 unix.hw state_change.unavailable 1084680780 1 Component State Change: Component \042alt0\042 is in the unavailable state (HWID=3810)
350789 node-122 unix.hw state_change.unavailable 1084680780 1 Component State Change: Component \042alt0\042 is in the unavailable state (HWID=2480)
350788 node-103 unix.hw state_change.unavailable 1084680780 1 Component State Change: Component \042alt0\042 is in the unavailable state (HWID=2410)
350787 node-97 unix.hw state_change.unavailable 1084680780 1 Component State Change: Component \042alt0\042 is in the unavailable state (HWID=4094)
350786 node-116 unix.hw state_change.unavailable 1084680780 1 Component State Change: Component \042alt0\042 is in the unavailable state (HWID=3600)
350785 node-98 unix.hw state_change.unavailable 1084680780 1 Component State Change: Component \042alt0\042 is in the unavailable state (HWID=2760)
350784 node-100 unix.hw state_change.unavailable 1084680780 1 Component State Change: Component \042alt0\042 is in the unavailable state (HWID=2900)
350783 node-99 unix.hw state_change.unavailable 1084680780 1 Component State Change: Component \042alt0\042 is in the unavailable state (HWID=2830)
350782 node-106 unix.hw state_change.unavailable 1084680780 1 Component State Change: Component \042alt0\042 is in the unavailable state (HWID=3040)
350781 node-124 unix.hw state_change.unavailable 1084680780 1 Component State Change: Component \042alt0\042 is in the unavailable state (HWID=4164)
350780 node-102 unix.hw state_change.unavailable 1084680779 1 Component State Change: Component \042alt0\042 is in the unavailable state (HWID=2620)
350779 node-104 unix.hw state_change.unavailable 1084680779 1 Component State Change: Component \042alt0\042 is in the unavailable state (HWID=2690)
350778 node-112 unix.hw state_change.unavailable 1084680779 1 Component State Change: Component \042alt0\042 is in the unavailable state (HWID=3390)
350777 node-110 unix.hw state_change.unavailable 1084680779 1 Component State Change: Component \042alt0\042 is in the unavailable state (HWID=3250)
350776 node-108 unix.hw state_change.unavailable 1084680779 1 Component State Change: Component \042alt0\042 is in the unavailable state (HWID=4444)
350775 node-118 unix.hw state_change.unavailable 1084680779 1 Component State Change: Component \042alt0\042 is in the unavailable state (HWID=3740)
350774 node-125 unix.hw state_change.unavailable 1084680779 1 Component State Change: Component \042alt0\042 is in the unavailable state (HWID=4234)
350773 node-101 unix.hw state_change.unavailable 1084680779 1 Component State Change: Component \042alt0\042 is in the unavailable state (HWID=2550)
350772 node-126 unix.hw state_change.unavailable 1084680779 1 Component State Change: Component \042alt0\042 is in the unavailable state (HWID=4304)
350771 node-113 unix.hw state_change.unavailable 1084680778 1 Component State Change: Component \042alt0\042 is in the unavailable state (HWID=4514)
350770 node-114 unix.hw state_change.unavailable 1084680778 1 Component State Change: Component \042alt0\042 is in the unavailable state (HWID=3460)
350769 node-111 unix.hw state_change.unavailable 1084680778 1 Component State Change: Component \042alt0\042 is in the unavailable state (HWID=3320)
350768 node-105 unix.hw state_change.unavailable 1084680778 1 Component State Change: Component \042alt0\042 is in the unavailable state (HWID=2970)
350767 node-117 unix.hw state_change.unavailable 1084680778 1 Component State Change: Component \042alt0\042 is in the unavailable state (HWID=3670)
350766 node-109 unix.hw state_change.unavailable 1084680778 1 Component State Change: Component \042alt0\042 is in the unavailable state (HWID=3180)
350760 node-115 unix.hw state_change.unavailable 1084680778 1 Component State Change: Component \042alt0\042 is in the unavailable state (HWID=3530)
350765 node-82 unix.hw state_change.unavailable 1084680778 1 Component State Change: Component \042alt0\042 is in the unavailable state (HWID=3598)
350764 node-90 unix.hw state_change.unavailable 1084680778 1 Component State Change: Component \042alt0\042 is in the unavailable state (HWID=4778)
350763 node-87 unix.hw state_change.unavailable 1084680778 1 Component State Change: Component \042alt0\042 is in the unavailable state (HWID=3948)
350762 node-78 unix.hw state_change.unavailable 1084680778 1 Component State Change: Component \042alt0\042 is in the unavailable state (HWID=3318)
350761 node-76 unix.hw state_change.unavailable 1084680778 1 Component State Change: Component \042alt0\042 is in the unavailable state (HWID=3178)
350759 node-77 unix.hw state_change.unavailable 1084680778 1 Component State Change: Component \042alt0\042 is in the unavailable state (HWID=3248)
350758 node-65 unix.hw state_change.unavailable 1084680778 1 Component State Change: Component \042alt0\042 is in the unavailable state (HWID=4302)
350757 node-84 unix.hw state_change.unavailable 1084680778 1 Component State Change: Component \042alt0\042 is in the unavailable state (HWID=3738)
350756 node-68 unix.hw state_change.unavailable 1084680778 1 Component State Change: Component \042alt0\042 is in the unavailable state (HWID=2758)
350751 node-123 unix.hw state_change.unavailable 1084680778 1 Component State Change: Component \042alt0\042 is in the unavailable state (HWID=4020)
350755 node-69 unix.hw state_change.unavailable 1084680778 1 Component State Change: Component \042alt0\042 is in the unavailable state (HWID=2548)
350754 node-67 unix.hw state_change.unavailable 1084680778 1 Component State Change: Component \042alt0\042 is in the unavailable state (HWID=2618)
350753 node-71 unix.hw state_change.unavailable 1084680778 1 Component State Change: Component \042alt0\042 is in the unavailable state (HWID=2478)
350752 node-70 unix.hw state_change.unavailable 1084680778 1 Component State Change: Component \042alt0\042 is in the unavailable state (HWID=2828)
350750 node-72 unix.hw state_change.unavailable 1084680778 1 Component State Change: Component \042alt0\042 is in the unavailable state (HWID=2688)
350749 node-66 unix.hw state_change.unavailable 1084680778 1 Component State Change: Component \042alt0\042 is in the unavailable state (HWID=2408)
350748 node-73 unix.hw state_change.unavailable 1084680778 1 Component State Change: Component \042alt0\042 is in the unavailable state (HWID=2968)
350746 node-121 unix.hw state_change.unavailable 1084680778 1 Component State Change: Component \042alt0\042 is in the unavailable state (HWID=3950)
350747 node-92 unix.hw state_change.unavailable 1084680778 1 Component State Change: Component \042alt0\042 is in the unavailable state (HWID=4372)
350745 node-93 unix.hw state_change.unavailable 1084680778 1 Component State Change: Component \042alt0\042 is in the unavailable state (HWID=4228)
350744 node-88 unix.hw state_change.unavailable 1084680777 1 Component State Change: Component \042alt0\042 is in the unavailable state (HWID=4018)
350743 node-127 unix.hw state_change.unavailable 1084680777 1 Component State Change: Component \042alt0\042 is in the unavailable state (HWID=4374)
350742 node-75 unix.hw state_change.unavailable 1084680777 1 Component State Change: Component \042alt0\042 is in the unavailable state (HWID=3108)
350741 node-91 unix.hw state_change.unavailable 1084680777 1 Component State Change: Component \042alt0\042 is in the unavailable state (HWID=4158)
350740 node-74 unix.hw state_change.unavailable 1084680777 1 Component State Change: Component \042alt0\042 is in the unavailable state (HWID=3038)
350739 node-89 unix.hw state_change.unavailable 1084680777 1 Component State Change: Component \042alt0\042 is in the unavailable state (HWID=4088)
350734 node-96 unix.hw state_change.unavailable 1084680777 1 Component State Change: Component \042alt0\042 is in the unavailable state (HWID=41)
350738 node-81 unix.hw state_change.unavailable 1084680777 1 Component State Change: Component \042alt0\042 is in the unavailable state (HWID=3528)
350737 node-94 unix.hw state_change.unavailable 1084680777 1 Component State Change: Component \042alt0\042 is in the unavailable state (HWID=4442)
350736 node-80 unix.hw state_change.unavailable 1084680777 1 Component State Change: Component \042alt0\042 is in the unavailable state (HWID=3458)
350735 node-79 unix.hw state_change.unavailable 1084680777 1 Component State Change: Component \042alt0\042 is in the unavailable state (HWID=3388)
350733 node-85 unix.hw state_change.unavailable 1084680777 1 Component State Change: Component \042alt0\042 is in the unavailable state (HWID=3808)
350732 node-83 unix.hw state_change.unavailable 1084680777 1 Component State Change: Component \042alt0\042 is in the unavailable state (HWID=3668)
350731 node-86 unix.hw state_change.unavailable 1084680777 1 Component State Change: Component \042alt0\042 is in the unavailable state (HWID=3878)
350730 node-95 unix.hw state_change.unavailable 1084680777 1 Component State Change: Component \042alt0\042 is in the unavailable state (HWID=4512)
350729 node-64 unix.hw state_change.unavailable 1084680777 1 Component State Change: Component \042alt0\042 is in the unavailable state (HWID=41)
350640 node-196 unix.hw state_change.unavailable 1084643521 1 Component State Change: Component \042alt0\042 is in the unavailable state (HWID=2888)
350639 node-198 unix.hw state_change.unavailable 1084643521 1 Component State Change: Component \042alt0\042 is in the unavailable state (HWID=2748)
350638 node-194 unix.hw state_change.unavailable 1084643521 1 Component State Change: Component \042alt0\042 is in the unavailable state (HWID=2818)
350637 node-195 unix.hw state_change.unavailable 1084643521 1 Component State Change: Component \042alt0\042 is in the unavailable state (HWID=2958)
350636 node-193 unix.hw state_change.unavailable 1084643521 1 Component State Change: Component \042alt0\042 is in the unavailable state (HWID=4432)
350635 node-197 unix.hw state_change.unavailable 1084643521 1 Component State Change: Component \042alt0\042 is in the unavailable state (HWID=3028)
350634 node-199 unix.hw state_change.unavailable 1084643521 1 Component State Change: Component \042alt0\042 is in the unavailable state (HWID=2608)
350633 node-200 unix.hw state_change.unavailable 1084643521 1 Component State Change: Component \042alt0\042 is in the unavailable state (HWID=2538)
350632 node-203 unix.hw state_change.unavailable 1084643521 1 Component State Change: Component \042alt0\042 is in the unavailable state (HWID=3238)
350631 node-202 unix.hw state_change.unavailable 1084643521 1 Component State Change: Component \042alt0\042 is in the unavailable state (HWID=3168)
350630 node-201 unix.hw state_change.unavailable 1084643521 1 Component State Change: Component \042alt0\042 is in the unavailable state (HWID=3098)
350629 node-192 unix.hw state_change.unavailable 1084643521 1 Component State Change: Component \042alt0\042 is in the unavailable state (HWID=41)
350614 node-199 unix.hw state_change.unavailable 1084642908 1 Component State Change: Component \042alt0\042 is in the unavailable state (HWID=2608)
350613 node-194 unix.hw state_change.unavailable 1084642908 1 Component State Change: Component \042alt0\042 is in the unavailable state (HWID=2818)
350612 node-195 unix.hw state_change.unavailable 1084642908 1 Component State Change: Component \042alt0\042 is in the unavailable state (HWID=2958)
350611 node-196 unix.hw state_change.unavailable 1084642908 1 Component State Change: Component \042alt0\042 is in the unavailable state (HWID=2888)
350610 node-198 unix.hw state_change.unavailable 1084642908 1 Component State Change: Component \042alt0\042 is in the unavailable state (HWID=2748)
350609 node-197 unix.hw state_change.unavailable 1084642908 1 Component State Change: Component \042alt0\042 is in the unavailable state (HWID=3028)
350608 node-193 unix.hw state_change.unavailable 1084642908 1 Component State Change: Component \042alt0\042 is in the unavailable state (HWID=4432)
350607 node-202 unix.hw state_change.unavailable 1084642908 1 Component State Change: Component \042alt0\042 is in the unavailable state (HWID=3168)
350606 node-200 unix.hw state_change.unavailable 1084642907 1 Component State Change: Component \042alt0\042 is in the unavailable state (HWID=2538)
350605 node-203 unix.hw state_change.unavailable 1084642907 1 Component State Change: Component \042alt0\042 is in the unavailable state (HWID=3238)
350604 node-201 unix.hw state_change.unavailable 1084642907 1 Component State Change: Component \042alt0\042 is in the unavailable state (HWID=3098)
350603 node-192 unix.hw state_change.unavailable 1084642907 1 Component State Change: Component \042alt0\042 is in the unavailable state (HWID=41)
350590 node-199 unix.hw state_change.unavailable 1084642389 1 Component State Change: Component \042alt0\042 is in the unavailable state (HWID=2608)
350589 node-195 unix.hw state_change.unavailable 1084642389 1 Component State Change: Component \042alt0\042 is in the unavailable state (HWID=2958)
350588 node-196 unix.hw state_change.unavailable 1084642389 1 Component State Change: Component \042alt0\042 is in the unavailable state (HWID=2888)
350587 node-198 unix.hw state_change.unavailable 1084642389 1 Component State Change: Component \042alt0\042 is in the unavailable state (HWID=2748)
350586 node-197 unix.hw state_change.unavailable 1084642389 1 Component State Change: Component \042alt0\042 is in the unavailable state (HWID=3028)
350585 node-194 unix.hw state_change.unavailable 1084642389 1 Component State Change: Component \042alt0\042 is in the unavailable state (HWID=2818)
350584 node-203 unix.hw state_change.unavailable 1084642389 1 Component State Change: Component \042alt0\042 is in the unavailable state (HWID=3238)
350583 node-193 unix.hw state_change.unavailable 1084642389 1 Component State Change: Component \042alt0\042 is in the unavailable state (HWID=4432)
350582 node-202 unix.hw state_change.unavailable 1084642388 1 Component State Change: Component \042alt0\042 is in the unavailable state (HWID=3168)
350581 node-200 unix.hw state_change.unavailable 1084642388 1 Component State Change: Component \042alt0\042 is in the unavailable state (HWID=2538)
350580 node-201 unix.hw state_change.unavailable 1084642388 1 Component State Change: Component \042alt0\042 is in the unavailable state (HWID=3098)
350579 node-192 unix.hw state_change.unavailable 1084642388 1 Component State Change: Component \042alt0\042 is in the unavailable state (HWID=41)
350565 node-199 unix.hw state_change.unavailable 1084642386 1 Component State Change: Component \042alt0\042 is in the unavailable state (HWID=2608)
350564 node-196 unix.hw state_change.unavailable 1084642386 1 Component State Change: Component \042alt0\042 is in the unavailable state (HWID=2888)
350563 node-195 unix.hw state_change.unavailable 1084642386 1 Component State Change: Component \042alt0\042 is in the unavailable state (HWID=2958)
350562 node-198 unix.hw state_change.unavailable 1084642386 1 Component State Change: Component \042alt0\042 is in the unavailable state (HWID=2748)
350561 node-197 unix.hw state_change.unavailable 1084642386 1 Component State Change: Component \042alt0\042 is in the unavailable state (HWID=3028)
350560 node-194 unix.hw state_change.unavailable 1084642386 1 Component State Change: Component \042alt0\042 is in the unavailable state (HWID=2818)
350559 node-203 unix.hw state_change.unavailable 1084642386 1 Component State Change: Component \042alt0\042 is in the unavailable state (HWID=3238)
350558 node-193 unix.hw state_change.unavailable 1084642386 1 Component State Change: Component \042alt0\042 is in the unavailable state (HWID=4432)
350557 node-202 unix.hw state_change.unavailable 1084642386 1 Component State Change: Component \042alt0\042 is in the unavailable state (HWID=3168)
350556 node-201 unix.hw state_change.unavailable 1084642386 1 Component State Change: Component \042alt0\042 is in the unavailable state (HWID=3098)
350555 node-200 unix.hw state_change.unavailable 1084642386 1 Component State Change: Component \042alt0\042 is in the unavailable state (HWID=2538)
350554 node-192 unix.hw state_change.unavailable 1084642386 1 Component State Change: Component \042alt0\042 is in the unavailable state (HWID=41)
350541 node-194 unix.hw state_change.unavailable 1084642252 1 Component State Change: Component \042alt0\042 is in the unavailable state (HWID=2818)
350540 node-197 unix.hw state_change.unavailable 1084642252 1 Component State Change: Component \042alt0\042 is in the unavailable state (HWID=3028)
350539 node-195 unix.hw state_change.unavailable 1084642252 1 Component State Change: Component \042alt0\042 is in the unavailable state (HWID=2958)
350538 node-198 unix.hw state_change.unavailable 1084642252 1 Component State Change: Component \042alt0\042 is in the unavailable state (HWID=2748)
350537 node-196 unix.hw state_change.unavailable 1084642252 1 Component State Change: Component \042alt0\042 is in the unavailable state (HWID=2888)
350536 node-199 unix.hw state_change.unavailable 1084642252 1 Component State Change: Component \042alt0\042 is in the unavailable state (HWID=2608)
350535 node-193 unix.hw state_change.unavailable 1084642252 1 Component State Change: Component \042alt0\042 is in the unavailable state (HWID=4432)
350534 node-202 unix.hw state_change.unavailable 1084642252 1 Component State Change: Component \042alt0\042 is in the unavailable state (HWID=3168)
350533 node-200 unix.hw state_change.unavailable 1084642252 1 Component State Change: Component \042alt0\042 is in the unavailable state (HWID=2538)
350532 node-201 unix.hw state_change.unavailable 1084642252 1 Component State Change: Component \042alt0\042 is in the unavailable state (HWID=3098)
350531 node-203 unix.hw state_change.unavailable 1084642252 1 Component State Change: Component \042alt0\042 is in the unavailable state (HWID=3238)
350530 node-192 unix.hw state_change.unavailable 1084642252 1 Component State Change: Component \042alt0\042 is in the unavailable state (HWID=41)
350517 node-194 unix.hw state_change.unavailable 1084642222 1 Component State Change: Component \042alt0\042 is in the unavailable state (HWID=2818)
350516 node-199 unix.hw state_change.unavailable 1084642222 1 Component State Change: Component \042alt0\042 is in the unavailable state (HWID=2608)
350515 node-197 unix.hw state_change.unavailable 1084642222 1 Component State Change: Component \042alt0\042 is in the unavailable state (HWID=3028)
350514 node-196 unix.hw state_change.unavailable 1084642222 1 Component State Change: Component \042alt0\042 is in the unavailable state (HWID=2888)
350513 node-195 unix.hw state_change.unavailable 1084642222 1 Component State Change: Component \042alt0\042 is in the unavailable state (HWID=2958)
350512 node-198 unix.hw state_change.unavailable 1084642222 1 Component State Change: Component \042alt0\042 is in the unavailable state (HWID=2748)
350511 node-193 unix.hw state_change.unavailable 1084642222 1 Component State Change: Component \042alt0\042 is in the unavailable state (HWID=4432)
350510 node-202 unix.hw state_change.unavailable 1084642222 1 Component State Change: Component \042alt0\042 is in the unavailable state (HWID=3168)
350509 node-201 unix.hw state_change.unavailable 1084642222 1 Component State Change: Component \042alt0\042 is in the unavailable state (HWID=3098)
350508 node-203 unix.hw state_change.unavailable 1084642222 1 Component State Change: Component \042alt0\042 is in the unavailable state (HWID=3238)
350507 node-200 unix.hw state_change.unavailable 1084642222 1 Component State Change: Component \042alt0\042 is in the unavailable state (HWID=2538)
350506 node-192 unix.hw state_change.unavailable 1084642222 1 Component State Change: Component \042alt0\042 is in the unavailable state (HWID=41)
350490 node-202 unix.hw state_change.unavailable 1084640677 1 Component State Change: Component \042alt0\042 is in the unavailable state (HWID=3168)
350489 node-200 unix.hw state_change.unavailable 1084640677 1 Component State Change: Component \042alt0\042 is in the unavailable state (HWID=2538)
350488 node-198 unix.hw state_change.unavailable 1084640677 1 Component State Change: Component \042alt0\042 is in the unavailable state (HWID=2748)
350487 node-196 unix.hw state_change.unavailable 1084640677 1 Component State Change: Component \042alt0\042 is in the unavailable state (HWID=2888)
350486 node-194 unix.hw state_change.unavailable 1084640677 1 Component State Change: Component \042alt0\042 is in the unavailable state (HWID=2818)
350485 node-197 unix.hw state_change.unavailable 1084640677 1 Component State Change: Component \042alt0\042 is in the unavailable state (HWID=3028)
350484 node-199 unix.hw state_change.unavailable 1084640677 1 Component State Change: Component \042alt0\042 is in the unavailable state (HWID=2608)
350483 node-195 unix.hw state_change.unavailable 1084640677 1 Component State Change: Component \042alt0\042 is in the unavailable state (HWID=2958)
350482 node-203 unix.hw state_change.unavailable 1084640677 1 Component State Change: Component \042alt0\042 is in the unavailable state (HWID=3238)
350481 node-193 unix.hw state_change.unavailable 1084640677 1 Component State Change: Component \042alt0\042 is in the unavailable state (HWID=4432)
350480 node-201 unix.hw state_change.unavailable 1084640677 1 Component State Change: Component \042alt0\042 is in the unavailable state (HWID=3098)
350479 node-192 unix.hw state_change.unavailable 1084640677 1 Component State Change: Component \042alt0\042 is in the unavailable state (HWID=41)
350459 node-199 unix.hw state_change.unavailable 1084636864 1 Component State Change: Component \042alt0\042 is in the unavailable state (HWID=2608)
350458 node-195 unix.hw state_change.unavailable 1084636864 1 Component State Change: Component \042alt0\042 is in the unavailable state (HWID=2958)
350457 node-196 unix.hw state_change.unavailable 1084636864 1 Component State Change: Component \042alt0\042 is in the unavailable state (HWID=2888)
350456 node-202 unix.hw state_change.unavailable 1084636864 1 Component State Change: Component \042alt0\042 is in the unavailable state (HWID=3168)
350455 node-198 unix.hw state_change.unavailable 1084636864 1 Component State Change: Component \042alt0\042 is in the unavailable state (HWID=2748)
350454 node-197 unix.hw state_change.unavailable 1084636864 1 Component State Change: Component \042alt0\042 is in the unavailable state (HWID=3028)
350453 node-194 unix.hw state_change.unavailable 1084636864 1 Component State Change: Component \042alt0\042 is in the unavailable state (HWID=2818)
350452 node-193 unix.hw state_change.unavailable 1084636864 1 Component State Change: Component \042alt0\042 is in the unavailable state (HWID=4432)
350451 node-201 unix.hw state_change.unavailable 1084636864 1 Component State Change: Component \042alt0\042 is in the unavailable state (HWID=3098)
350450 node-203 unix.hw state_change.unavailable 1084636864 1 Component State Change: Component \042alt0\042 is in the unavailable state (HWID=3238)
350449 node-200 unix.hw state_change.unavailable 1084636864 1 Component State Change: Component \042alt0\042 is in the unavailable state (HWID=2538)
350448 node-192 unix.hw state_change.unavailable 1084636864 1 Component State Change: Component \042alt0\042 is in the unavailable state (HWID=41)
350434 node-199 unix.hw state_change.unavailable 1084636235 1 Component State Change: Component \042alt0\042 is in the unavailable state (HWID=2608)
350433 node-198 unix.hw state_change.unavailable 1084636235 1 Component State Change: Component \042alt0\042 is in the unavailable state (HWID=2748)
350432 node-195 unix.hw state_change.unavailable 1084636235 1 Component State Change: Component \042alt0\042 is in the unavailable state (HWID=2958)
350431 node-196 unix.hw state_change.unavailable 1084636235 1 Component State Change: Component \042alt0\042 is in the unavailable state (HWID=2888)
350430 node-197 unix.hw state_change.unavailable 1084636235 1 Component State Change: Component \042alt0\042 is in the unavailable state (HWID=3028)
350429 node-194 unix.hw state_change.unavailable 1084636235 1 Component State Change: Component \042alt0\042 is in the unavailable state (HWID=2818)
350428 node-193 unix.hw state_change.unavailable 1084636235 1 Component State Change: Component \042alt0\042 is in the unavailable state (HWID=4432)
350427 node-200 unix.hw state_change.unavailable 1084636235 1 Component State Change: Component \042alt0\042 is in the unavailable state (HWID=2538)
350426 node-201 unix.hw state_change.unavailable 1084636235 1 Component State Change: Component \042alt0\042 is in the unavailable state (HWID=3098)
350425 node-202 unix.hw state_change.unavailable 1084636235 1 Component State Change: Component \042alt0\042 is in the unavailable state (HWID=3168)
350424 node-203 unix.hw state_change.unavailable 1084636235 1 Component State Change: Component \042alt0\042 is in the unavailable state (HWID=3238)
350423 node-192 unix.hw state_change.unavailable 1084636235 1 Component State Change: Component \042alt0\042 is in the unavailable state (HWID=41)
350409 node-199 unix.hw state_change.unavailable 1084635606 1 Component State Change: Component \042alt0\042 is in the unavailable state (HWID=2608)
350408 node-195 unix.hw state_change.unavailable 1084635606 1 Component State Change: Component \042alt0\042 is in the unavailable state (HWID=2958)
350407 node-198 unix.hw state_change.unavailable 1084635606 1 Component State Change: Component \042alt0\042 is in the unavailable state (HWID=2748)
350406 node-194 unix.hw state_change.unavailable 1084635603 1 Component State Change: Component \042alt0\042 is in the unavailable state (HWID=2818)
350405 node-193 unix.hw state_change.unavailable 1084635602 1 Component State Change: Component \042alt0\042 is in the unavailable state (HWID=4432)
350404 node-196 unix.hw state_change.unavailable 1084635602 1 Component State Change: Component \042alt0\042 is in the unavailable state (HWID=2888)
350403 node-197 unix.hw state_change.unavailable 1084635602 1 Component State Change: Component \042alt0\042 is in the unavailable state (HWID=3028)
350402 node-200 unix.hw state_change.unavailable 1084635602 1 Component State Change: Component \042alt0\042 is in the unavailable state (HWID=2538)
350401 node-203 unix.hw state_change.unavailable 1084635602 1 Component State Change: Component \042alt0\042 is in the unavailable state (HWID=3238)
350400 node-202 unix.hw state_change.unavailable 1084635602 1 Component State Change: Component \042alt0\042 is in the unavailable state (HWID=3168)
350399 node-201 unix.hw state_change.unavailable 1084635601 1 Component State Change: Component \042alt0\042 is in the unavailable state (HWID=3098)
350398 node-192 unix.hw state_change.unavailable 1084635601 1 Component State Change: Component \042alt0\042 is in the unavailable state (HWID=41)
350371 node-194 unix.hw state_change.unavailable 1084631135 1 Component State Change: Component \042alt0\042 is in the unavailable state (HWID=2818)
350370 node-193 unix.hw state_change.unavailable 1084631135 1 Component State Change: Component \042alt0\042 is in the unavailable state (HWID=4432)
350369 node-195 unix.hw state_change.unavailable 1084631134 1 Component State Change: Component \042alt0\042 is in the unavailable state (HWID=2958)
350368 node-199 unix.hw state_change.unavailable 1084631134 1 Component State Change: Component \042alt0\042 is in the unavailable state (HWID=2608)
350367 node-196 unix.hw state_change.unavailable 1084631134 1 Component State Change: Component \042alt0\042 is in the unavailable state (HWID=2888)
350366 node-198 unix.hw state_change.unavailable 1084631134 1 Component State Change: Component \042alt0\042 is in the unavailable state (HWID=2748)
350365 node-201 unix.hw state_change.unavailable 1084631134 1 Component State Change: Component \042alt0\042 is in the unavailable state (HWID=3098)
350364 node-197 unix.hw state_change.unavailable 1084631134 1 Component State Change: Component \042alt0\042 is in the unavailable state (HWID=3028)
350363 node-200 unix.hw state_change.unavailable 1084631134 1 Component State Change: Component \042alt0\042 is in the unavailable state (HWID=2538)
350362 node-202 unix.hw state_change.unavailable 1084631134 1 Component State Change: Component \042alt0\042 is in the unavailable state (HWID=3168)
350361 node-203 unix.hw state_change.unavailable 1084631134 1 Component State Change: Component \042alt0\042 is in the unavailable state (HWID=3238)
350360 node-192 unix.hw state_change.unavailable 1084631133 1 Component State Change: Component \042alt0\042 is in the unavailable state (HWID=41)
350347 node-200 unix.hw state_change.unavailable 1084631088 1 Component State Change: Component \042alt0\042 is in the unavailable state (HWID=2538)
350346 node-203 unix.hw state_change.unavailable 1084631088 1 Component State Change: Component \042alt0\042 is in the unavailable state (HWID=3238)
350345 node-201 unix.hw state_change.unavailable 1084631088 1 Component State Change: Component \042alt0\042 is in the unavailable state (HWID=3098)
350344 node-202 unix.hw state_change.unavailable 1084631088 1 Component State Change: Component \042alt0\042 is in the unavailable state (HWID=3168)
350343 node-195 unix.hw state_change.unavailable 1084631088 1 Component State Change: Component \042alt0\042 is in the unavailable state (HWID=2958)
350342 node-196 unix.hw state_change.unavailable 1084631087 1 Component State Change: Component \042alt0\042 is in the unavailable state (HWID=2888)
350341 node-197 unix.hw state_change.unavailable 1084631087 1 Component State Change: Component \042alt0\042 is in the unavailable state (HWID=3028)
350340 node-193 unix.hw state_change.unavailable 1084631087 1 Component State Change: Component \042alt0\042 is in the unavailable state (HWID=4432)
350339 node-194 unix.hw state_change.unavailable 1084631087 1 Component State Change: Component \042alt0\042 is in the unavailable state (HWID=2818)
350338 node-199 unix.hw state_change.unavailable 1084631087 1 Component State Change: Component \042alt0\042 is in the unavailable state (HWID=2608)
350337 node-198 unix.hw state_change.unavailable 1084631087 1 Component State Change: Component \042alt0\042 is in the unavailable state (HWID=2748)
350336 node-192 unix.hw state_change.unavailable 1084631087 1 Component State Change: Component \042alt0\042 is in the unavailable state (HWID=41)
350322 node-203 unix.hw state_change.unavailable 1084631013 1 Component State Change: Component \042alt0\042 is in the unavailable state (HWID=3238)
350321 node-199 unix.hw state_change.unavailable 1084631013 1 Component State Change: Component \042alt0\042 is in the unavailable state (HWID=2608)
350320 node-194 unix.hw state_change.unavailable 1084631013 1 Component State Change: Component \042alt0\042 is in the unavailable state (HWID=2818)
350319 node-193 unix.hw state_change.unavailable 1084631013 1 Component State Change: Component \042alt0\042 is in the unavailable state (HWID=4432)
350318 node-198 unix.hw state_change.unavailable 1084631013 1 Component State Change: Component \042alt0\042 is in the unavailable state (HWID=2748)
350317 node-202 unix.hw state_change.unavailable 1084631013 1 Component State Change: Component \042alt0\042 is in the unavailable state (HWID=3168)
350316 node-200 unix.hw state_change.unavailable 1084631012 1 Component State Change: Component \042alt0\042 is in the unavailable state (HWID=2538)
350315 node-197 unix.hw state_change.unavailable 1084631012 1 Component State Change: Component \042alt0\042 is in the unavailable state (HWID=3028)
350314 node-195 unix.hw state_change.unavailable 1084631012 1 Component State Change: Component \042alt0\042 is in the unavailable state (HWID=2958)
350313 node-196 unix.hw state_change.unavailable 1084631012 1 Component State Change: Component \042alt0\042 is in the unavailable state (HWID=2888)
350312 node-201 unix.hw state_change.unavailable 1084631012 1 Component State Change: Component \042alt0\042 is in the unavailable state (HWID=3098)
350311 node-192 unix.hw state_change.unavailable 1084631012 1 Component State Change: Component \042alt0\042 is in the unavailable state (HWID=41)
350260 node-196 unix.hw state_change.unavailable 1084627337 1 Component State Change: Component \042alt0\042 is in the unavailable state (HWID=2888)
350259 node-198 unix.hw state_change.unavailable 1084627337 1 Component State Change: Component \042alt0\042 is in the unavailable state (HWID=2748)
350258 node-202 unix.hw state_change.unavailable 1084627337 1 Component State Change: Component \042alt0\042 is in the unavailable state (HWID=3168)
350257 node-197 unix.hw state_change.unavailable 1084627337 1 Component State Change: Component \042alt0\042 is in the unavailable state (HWID=3028)
350256 node-201 unix.hw state_change.unavailable 1084627336 1 Component State Change: Component \042alt0\042 is in the unavailable state (HWID=3098)
350255 node-203 unix.hw state_change.unavailable 1084627336 1 Component State Change: Component \042alt0\042 is in the unavailable state (HWID=3238)
350254 node-200 unix.hw state_change.unavailable 1084627336 1 Component State Change: Component \042alt0\042 is in the unavailable state (HWID=2538)
350253 node-194 unix.hw state_change.unavailable 1084627336 1 Component State Change: Component \042alt0\042 is in the unavailable state (HWID=2818)
350252 node-195 unix.hw state_change.unavailable 1084627336 1 Component State Change: Component \042alt0\042 is in the unavailable state (HWID=2958)
350251 node-193 unix.hw state_change.unavailable 1084627335 1 Component State Change: Component \042alt0\042 is in the unavailable state (HWID=4432)
350250 node-199 unix.hw state_change.unavailable 1084627335 1 Component State Change: Component \042alt0\042 is in the unavailable state (HWID=2608)
350249 node-192 unix.hw state_change.unavailable 1084627335 1 Component State Change: Component \042alt0\042 is in the unavailable state (HWID=41)
350227 node-193 unix.hw state_change.unavailable 1084626667 1 Component State Change: Component \042alt0\042 is in the unavailable state (HWID=4432)
350226 node-201 unix.hw state_change.unavailable 1084626666 1 Component State Change: Component \042alt0\042 is in the unavailable state (HWID=3098)
350225 node-202 unix.hw state_change.unavailable 1084626666 1 Component State Change: Component \042alt0\042 is in the unavailable state (HWID=3168)
350224 node-203 unix.hw state_change.unavailable 1084626666 1 Component State Change: Component \042alt0\042 is in the unavailable state (HWID=3238)
350223 node-200 unix.hw state_change.unavailable 1084626665 1 Component State Change: Component \042alt0\042 is in the unavailable state (HWID=2538)
350222 node-197 unix.hw state_change.unavailable 1084626665 1 Component State Change: Component \042alt0\042 is in the unavailable state (HWID=3028)
350221 node-195 unix.hw state_change.unavailable 1084626665 1 Component State Change: Component \042alt0\042 is in the unavailable state (HWID=2958)
350220 node-196 unix.hw state_change.unavailable 1084626665 1 Component State Change: Component \042alt0\042 is in the unavailable state (HWID=2888)
350219 node-199 unix.hw state_change.unavailable 1084626664 1 Component State Change: Component \042alt0\042 is in the unavailable state (HWID=2608)
350218 node-198 unix.hw state_change.unavailable 1084626664 1 Component State Change: Component \042alt0\042 is in the unavailable state (HWID=2748)
350217 node-194 unix.hw state_change.unavailable 1084626664 1 Component State Change: Component \042alt0\042 is in the unavailable state (HWID=2818)
350216 node-192 unix.hw state_change.unavailable 1084626664 1 Component State Change: Component \042alt0\042 is in the unavailable state (HWID=41)
350203 node-201 unix.hw state_change.unavailable 1084626663 1 Component State Change: Component \042alt0\042 is in the unavailable state (HWID=3098)
350202 node-202 unix.hw state_change.unavailable 1084626662 1 Component State Change: Component \042alt0\042 is in the unavailable state (HWID=3168)
350201 node-193 unix.hw state_change.unavailable 1084626662 1 Component State Change: Component \042alt0\042 is in the unavailable state (HWID=4432)
350200 node-200 unix.hw state_change.unavailable 1084626662 1 Component State Change: Component \042alt0\042 is in the unavailable state (HWID=2538)
350199 node-195 unix.hw state_change.unavailable 1084626662 1 Component State Change: Component \042alt0\042 is in the unavailable state (HWID=2958)
350198 node-196 unix.hw state_change.unavailable 1084626662 1 Component State Change: Component \042alt0\042 is in the unavailable state (HWID=2888)
350197 node-197 unix.hw state_change.unavailable 1084626661 1 Component State Change: Component \042alt0\042 is in the unavailable state (HWID=3028)
350196 node-194 unix.hw state_change.unavailable 1084626661 1 Component State Change: Component \042alt0\042 is in the unavailable state (HWID=2818)
350195 node-198 unix.hw state_change.unavailable 1084626661 1 Component State Change: Component \042alt0\042 is in the unavailable state (HWID=2748)
350194 node-199 unix.hw state_change.unavailable 1084626661 1 Component State Change: Component \042alt0\042 is in the unavailable state (HWID=2608)
350193 node-203 unix.hw state_change.unavailable 1084626661 1 Component State Change: Component \042alt0\042 is in the unavailable state (HWID=3238)
350192 node-192 unix.hw state_change.unavailable 1084626660 1 Component State Change: Component \042alt0\042 is in the unavailable state (HWID=41)
350179 node-196 unix.hw state_change.unavailable 1084626630 1 Component State Change: Component \042alt0\042 is in the unavailable state (HWID=2888)
350178 node-195 unix.hw state_change.unavailable 1084626630 1 Component State Change: Component \042alt0\042 is in the unavailable state (HWID=2958)
350177 node-193 unix.hw state_change.unavailable 1084626630 1 Component State Change: Component \042alt0\042 is in the unavailable state (HWID=4432)
350176 node-202 unix.hw state_change.unavailable 1084626629 1 Component State Change: Component \042alt0\042 is in the unavailable state (HWID=3168)
350175 node-201 unix.hw state_change.unavailable 1084626629 1 Component State Change: Component \042alt0\042 is in the unavailable state (HWID=3098)
350174 node-203 unix.hw state_change.unavailable 1084626629 1 Component State Change: Component \042alt0\042 is in the unavailable state (HWID=3238)
350173 node-200 unix.hw state_change.unavailable 1084626629 1 Component State Change: Component \042alt0\042 is in the unavailable state (HWID=2538)
350172 node-198 unix.hw state_change.unavailable 1084626629 1 Component State Change: Component \042alt0\042 is in the unavailable state (HWID=2748)
350171 node-199 unix.hw state_change.unavailable 1084626629 1 Component State Change: Component \042alt0\042 is in the unavailable state (HWID=2608)
350170 node-197 unix.hw state_change.unavailable 1084626629 1 Component State Change: Component \042alt0\042 is in the unavailable state (HWID=3028)
350169 node-194 unix.hw state_change.unavailable 1084626628 1 Component State Change: Component \042alt0\042 is in the unavailable state (HWID=2818)
350168 node-192 unix.hw state_change.unavailable 1084626628 1 Component State Change: Component \042alt0\042 is in the unavailable state (HWID=41)
349487 node-193 unix.hw state_change.unavailable 1084557829 1 Component State Change: Component \042alt0\042 is in the unavailable state (HWID=4432)
349486 node-198 unix.hw state_change.unavailable 1084557829 1 Component State Change: Component \042alt0\042 is in the unavailable state (HWID=2748)
349485 node-201 unix.hw state_change.unavailable 1084557829 1 Component State Change: Component \042alt0\042 is in the unavailable state (HWID=3098)
349484 node-203 unix.hw state_change.unavailable 1084557829 1 Component State Change: Component \042alt0\042 is in the unavailable state (HWID=3238)
349483 node-195 unix.hw state_change.unavailable 1084557829 1 Component State Change: Component \042alt0\042 is in the unavailable state (HWID=2958)
349482 node-199 unix.hw state_change.unavailable 1084557829 1 Component State Change: Component \042alt0\042 is in the unavailable state (HWID=2608)
349481 node-197 unix.hw state_change.unavailable 1084557829 1 Component State Change: Component \042alt0\042 is in the unavailable state (HWID=3028)
349480 node-194 unix.hw state_change.unavailable 1084557829 1 Component State Change: Component \042alt0\042 is in the unavailable state (HWID=2818)
349479 node-200 unix.hw state_change.unavailable 1084557829 1 Component State Change: Component \042alt0\042 is in the unavailable state (HWID=2538)
349478 node-196 unix.hw state_change.unavailable 1084557829 1 Component State Change: Component \042alt0\042 is in the unavailable state (HWID=2888)
349477 node-202 unix.hw state_change.unavailable 1084557829 1 Component State Change: Component \042alt0\042 is in the unavailable state (HWID=3168)
349476 node-192 unix.hw state_change.unavailable 1084557829 1 Component State Change: Component \042alt0\042 is in the unavailable state (HWID=41)
349423 node-202 unix.hw state_change.unavailable 1084554660 1 Component State Change: Component \042alt0\042 is in the unavailable state (HWID=3168)
349422 node-201 unix.hw state_change.unavailable 1084554659 1 Component State Change: Component \042alt0\042 is in the unavailable state (HWID=3098)
349421 node-200 unix.hw state_change.unavailable 1084554659 1 Component State Change: Component \042alt0\042 is in the unavailable state (HWID=2538)
349420 node-198 unix.hw state_change.unavailable 1084554659 1 Component State Change: Component \042alt0\042 is in the unavailable state (HWID=2748)
349419 node-197 unix.hw state_change.unavailable 1084554659 1 Component State Change: Component \042alt0\042 is in the unavailable state (HWID=3028)
349418 node-196 unix.hw state_change.unavailable 1084554659 1 Component State Change: Component \042alt0\042 is in the unavailable state (HWID=2888)
349417 node-199 unix.hw state_change.unavailable 1084554659 1 Component State Change: Component \042alt0\042 is in the unavailable state (HWID=2608)
349416 node-194 unix.hw state_change.unavailable 1084554659 1 Component State Change: Component \042alt0\042 is in the unavailable state (HWID=2818)
349415 node-195 unix.hw state_change.unavailable 1084554659 1 Component State Change: Component \042alt0\042 is in the unavailable state (HWID=2958)
349414 node-193 unix.hw state_change.unavailable 1084554659 1 Component State Change: Component \042alt0\042 is in the unavailable state (HWID=4432)
349413 node-203 unix.hw state_change.unavailable 1084554659 1 Component State Change: Component \042alt0\042 is in the unavailable state (HWID=3238)
349412 node-192 unix.hw state_change.unavailable 1084554659 1 Component State Change: Component \042alt0\042 is in the unavailable state (HWID=41)
349399 node-202 unix.hw state_change.unavailable 1084554659 1 Component State Change: Component \042alt0\042 is in the unavailable state (HWID=3168)
349398 node-199 unix.hw state_change.unavailable 1084554659 1 Component State Change: Component \042alt0\042 is in the unavailable state (HWID=2608)
349397 node-195 unix.hw state_change.unavailable 1084554659 1 Component State Change: Component \042alt0\042 is in the unavailable state (HWID=2958)
349396 node-193 unix.hw state_change.unavailable 1084554659 1 Component State Change: Component \042alt0\042 is in the unavailable state (HWID=4432)
349395 node-198 unix.hw state_change.unavailable 1084554659 1 Component State Change: Component \042alt0\042 is in the unavailable state (HWID=2748)
349394 node-197 unix.hw state_change.unavailable 1084554659 1 Component State Change: Component \042alt0\042 is in the unavailable state (HWID=3028)
349393 node-196 unix.hw state_change.unavailable 1084554659 1 Component State Change: Component \042alt0\042 is in the unavailable state (HWID=2888)
349392 node-201 unix.hw state_change.unavailable 1084554659 1 Component State Change: Component \042alt0\042 is in the unavailable state (HWID=3098)
349391 node-200 unix.hw state_change.unavailable 1084554659 1 Component State Change: Component \042alt0\042 is in the unavailable state (HWID=2538)
349390 node-194 unix.hw state_change.unavailable 1084554659 1 Component State Change: Component \042alt0\042 is in the unavailable state (HWID=2818)
349389 node-203 unix.hw state_change.unavailable 1084554659 1 Component State Change: Component \042alt0\042 is in the unavailable state (HWID=3238)
349388 node-192 unix.hw state_change.unavailable 1084554659 1 Component State Change: Component \042alt0\042 is in the unavailable state (HWID=41)
349203 node-201 unix.hw state_change.unavailable 1084539783 1 Component State Change: Component \042alt0\042 is in the unavailable state (HWID=3098)
349202 node-198 unix.hw state_change.unavailable 1084539783 1 Component State Change: Component \042alt0\042 is in the unavailable state (HWID=2748)
349201 node-200 unix.hw state_change.unavailable 1084539783 1 Component State Change: Component \042alt0\042 is in the unavailable state (HWID=2538)
349200 node-193 unix.hw state_change.unavailable 1084539783 1 Component State Change: Component \042alt0\042 is in the unavailable state (HWID=4432)
349199 node-196 unix.hw state_change.unavailable 1084539783 1 Component State Change: Component \042alt0\042 is in the unavailable state (HWID=2888)
349198 node-202 unix.hw state_change.unavailable 1084539783 1 Component State Change: Component \042alt0\042 is in the unavailable state (HWID=3168)
349197 node-195 unix.hw state_change.unavailable 1084539783 1 Component State Change: Component \042alt0\042 is in the unavailable state (HWID=2958)
349196 node-197 unix.hw state_change.unavailable 1084539783 1 Component State Change: Component \042alt0\042 is in the unavailable state (HWID=3028)
349195 node-199 unix.hw state_change.unavailable 1084539783 1 Component State Change: Component \042alt0\042 is in the unavailable state (HWID=2608)
349194 node-194 unix.hw state_change.unavailable 1084539783 1 Component State Change: Component \042alt0\042 is in the unavailable state (HWID=2818)
349193 node-203 unix.hw state_change.unavailable 1084539783 1 Component State Change: Component \042alt0\042 is in the unavailable state (HWID=3238)
349192 node-192 unix.hw state_change.unavailable 1084539783 1 Component State Change: Component \042alt0\042 is in the unavailable state (HWID=41)
345940 node-231 unix.hw state_change.unavailable 1084369936 1 Component State Change: Component \042alt0\042 is in the unavailable state (HWID=3885)
345778 node-228 unix.hw state_change.unavailable 1084341215 1 Component State Change: Component \042alt0\042 is in the unavailable state (HWID=3713)
345775 node-228 unix.hw state_change.unavailable 1084341115 1 Component State Change: Component \042alt0\042 is in the unavailable state (HWID=3713)
345515 node-231 unix.hw state_change.unavailable 1084296873 1 Component State Change: Component \042alt0\042 is in the unavailable state (HWID=3885)
345506 node-178 unix.hw state_change.unavailable 1084296256 1 Component State Change: Component \042alt0\042 is in the unavailable state (HWID=3599)
345504 node-178 unix.hw state_change.unavailable 1084296245 1 Component State Change: Component \042alt0\042 is in the unavailable state (HWID=3599)
344635 node-117 unix.hw state_change.unavailable 1084270984 1 Component State Change: Component \042alt0\042 is in the unavailable state (HWID=3670)
344634 node-101 unix.hw state_change.unavailable 1084270984 1 Component State Change: Component \042alt0\042 is in the unavailable state (HWID=2550)
344633 node-103 unix.hw state_change.unavailable 1084270984 1 Component State Change: Component \042alt0\042 is in the unavailable state (HWID=2410)
344632 node-114 unix.hw state_change.unavailable 1084270984 1 Component State Change: Component \042alt0\042 is in the unavailable state (HWID=3460)
344631 node-113 unix.hw state_change.unavailable 1084270984 1 Component State Change: Component \042alt0\042 is in the unavailable state (HWID=4514)
344630 node-100 unix.hw state_change.unavailable 1084270984 1 Component State Change: Component \042alt0\042 is in the unavailable state (HWID=2900)
344629 node-118 unix.hw state_change.unavailable 1084270984 1 Component State Change: Component \042alt0\042 is in the unavailable state (HWID=3740)
344628 node-112 unix.hw state_change.unavailable 1084270984 1 Component State Change: Component \042alt0\042 is in the unavailable state (HWID=3390)
344627 node-108 unix.hw state_change.unavailable 1084270984 1 Component State Change: Component \042alt0\042 is in the unavailable state (HWID=4444)
344626 node-119 unix.hw state_change.unavailable 1084270984 1 Component State Change: Component \042alt0\042 is in the unavailable state (HWID=3810)
344625 node-97 unix.hw state_change.unavailable 1084270984 1 Component State Change: Component \042alt0\042 is in the unavailable state (HWID=4094)
344624 node-122 unix.hw state_change.unavailable 1084270984 1 Component State Change: Component \042alt0\042 is in the unavailable state (HWID=2480)
344623 node-123 unix.hw state_change.unavailable 1084270984 1 Component State Change: Component \042alt0\042 is in the unavailable state (HWID=4020)
344622 node-115 unix.hw state_change.unavailable 1084270984 1 Component State Change: Component \042alt0\042 is in the unavailable state (HWID=3530)
344621 node-99 unix.hw state_change.unavailable 1084270984 1 Component State Change: Component \042alt0\042 is in the unavailable state (HWID=2830)
344620 node-98 unix.hw state_change.unavailable 1084270984 1 Component State Change: Component \042alt0\042 is in the unavailable state (HWID=2760)
344619 node-127 unix.hw state_change.unavailable 1084270984 1 Component State Change: Component \042alt0\042 is in the unavailable state (HWID=4374)
344618 node-116 unix.hw state_change.unavailable 1084270984 1 Component State Change: Component \042alt0\042 is in the unavailable state (HWID=3600)
344617 node-121 unix.hw state_change.unavailable 1084270984 1 Component State Change: Component \042alt0\042 is in the unavailable state (HWID=3950)
344616 node-102 unix.hw state_change.unavailable 1084270984 1 Component State Change: Component \042alt0\042 is in the unavailable state (HWID=2620)
344615 node-124 unix.hw state_change.unavailable 1084270984 1 Component State Change: Component \042alt0\042 is in the unavailable state (HWID=4164)
344614 node-111 unix.hw state_change.unavailable 1084270984 1 Component State Change: Component \042alt0\042 is in the unavailable state (HWID=3320)
344613 node-104 unix.hw state_change.unavailable 1084270984 1 Component State Change: Component \042alt0\042 is in the unavailable state (HWID=2690)
344612 node-120 unix.hw state_change.unavailable 1084270984 1 Component State Change: Component \042alt0\042 is in the unavailable state (HWID=3880)
344611 node-107 unix.hw state_change.unavailable 1084270984 1 Component State Change: Component \042alt0\042 is in the unavailable state (HWID=3110)
344610 node-106 unix.hw state_change.unavailable 1084270984 1 Component State Change: Component \042alt0\042 is in the unavailable state (HWID=3040)
344609 node-110 unix.hw state_change.unavailable 1084270984 1 Component State Change: Component \042alt0\042 is in the unavailable state (HWID=3250)
344608 node-126 unix.hw state_change.unavailable 1084270984 1 Component State Change: Component \042alt0\042 is in the unavailable state (HWID=4304)
344607 node-109 unix.hw state_change.unavailable 1084270984 1 Component State Change: Component \042alt0\042 is in the unavailable state (HWID=3180)
344606 node-105 unix.hw state_change.unavailable 1084270984 1 Component State Change: Component \042alt0\042 is in the unavailable state (HWID=2970)
344604 node-125 unix.hw state_change.unavailable 1084270984 1 Component State Change: Component \042alt0\042 is in the unavailable state (HWID=4234)
344605 node-80 unix.hw state_change.unavailable 1084270984 1 Component State Change: Component \042alt0\042 is in the unavailable state (HWID=3458)
344603 node-89 unix.hw state_change.unavailable 1084270984 1 Component State Change: Component \042alt0\042 is in the unavailable state (HWID=4088)
344602 node-82 unix.hw state_change.unavailable 1084270984 1 Component State Change: Component \042alt0\042 is in the unavailable state (HWID=3598)
344601 node-88 unix.hw state_change.unavailable 1084270984 1 Component State Change: Component \042alt0\042 is in the unavailable state (HWID=4018)
344600 node-75 unix.hw state_change.unavailable 1084270984 1 Component State Change: Component \042alt0\042 is in the unavailable state (HWID=3108)
344599 node-84 unix.hw state_change.unavailable 1084270984 1 Component State Change: Component \042alt0\042 is in the unavailable state (HWID=3738)
344598 node-76 unix.hw state_change.unavailable 1084270984 1 Component State Change: Component \042alt0\042 is in the unavailable state (HWID=3178)
344597 node-70 unix.hw state_change.unavailable 1084270984 1 Component State Change: Component \042alt0\042 is in the unavailable state (HWID=2828)
344596 node-71 unix.hw state_change.unavailable 1084270984 1 Component State Change: Component \042alt0\042 is in the unavailable state (HWID=2478)
344595 node-73 unix.hw state_change.unavailable 1084270984 1 Component State Change: Component \042alt0\042 is in the unavailable state (HWID=2968)
344594 node-74 unix.hw state_change.unavailable 1084270984 1 Component State Change: Component \042alt0\042 is in the unavailable state (HWID=3038)
344593 node-72 unix.hw state_change.unavailable 1084270984 1 Component State Change: Component \042alt0\042 is in the unavailable state (HWID=2688)
344592 node-91 unix.hw state_change.unavailable 1084270984 1 Component State Change: Component \042alt0\042 is in the unavailable state (HWID=4158)
344591 node-90 unix.hw state_change.unavailable 1084270984 1 Component State Change: Component \042alt0\042 is in the unavailable state (HWID=4778)
344590 node-66 unix.hw state_change.unavailable 1084270984 1 Component State Change: Component \042alt0\042 is in the unavailable state (HWID=2408)
344589 node-65 unix.hw state_change.unavailable 1084270984 1 Component State Change: Component \042alt0\042 is in the unavailable state (HWID=4302)
344588 node-68 unix.hw state_change.unavailable 1084270984 1 Component State Change: Component \042alt0\042 is in the unavailable state (HWID=2758)
344587 node-67 unix.hw state_change.unavailable 1084270984 1 Component State Change: Component \042alt0\042 is in the unavailable state (HWID=2618)
344586 node-69 unix.hw state_change.unavailable 1084270984 1 Component State Change: Component \042alt0\042 is in the unavailable state (HWID=2548)
344585 node-77 unix.hw state_change.unavailable 1084270984 1 Component State Change: Component \042alt0\042 is in the unavailable state (HWID=3248)
344580 node-96 unix.hw state_change.unavailable 1084270984 1 Component State Change: Component \042alt0\042 is in the unavailable state (HWID=41)
344584 node-81 unix.hw state_change.unavailable 1084270984 1 Component State Change: Component \042alt0\042 is in the unavailable state (HWID=3528)
344583 node-78 unix.hw state_change.unavailable 1084270984 1 Component State Change: Component \042alt0\042 is in the unavailable state (HWID=3318)
344582 node-79 unix.hw state_change.unavailable 1084270984 1 Component State Change: Component \042alt0\042 is in the unavailable state (HWID=3388)
344581 node-93 unix.hw state_change.unavailable 1084270984 1 Component State Change: Component \042alt0\042 is in the unavailable state (HWID=4228)
344579 node-83 unix.hw state_change.unavailable 1084270984 1 Component State Change: Component \042alt0\042 is in the unavailable state (HWID=3668)
344578 node-94 unix.hw state_change.unavailable 1084270984 1 Component State Change: Component \042alt0\042 is in the unavailable state (HWID=4442)
344577 node-85 unix.hw state_change.unavailable 1084270984 1 Component State Change: Component \042alt0\042 is in the unavailable state (HWID=3808)
344576 node-87 unix.hw state_change.unavailable 1084270984 1 Component State Change: Component \042alt0\042 is in the unavailable state (HWID=3948)
344575 node-86 unix.hw state_change.unavailable 1084270984 1 Component State Change: Component \042alt0\042 is in the unavailable state (HWID=3878)
344574 node-92 unix.hw state_change.unavailable 1084270984 1 Component State Change: Component \042alt0\042 is in the unavailable state (HWID=4372)
344573 node-95 unix.hw state_change.unavailable 1084270984 1 Component State Change: Component \042alt0\042 is in the unavailable state (HWID=4512)
344572 node-64 unix.hw state_change.unavailable 1084270984 1 Component State Change: Component \042alt0\042 is in the unavailable state (HWID=41)
344571 node-49 unix.hw state_change.unavailable 1084270982 1 Component State Change: Component \042alt0\042 is in the unavailable state (HWID=3528)
344570 node-50 unix.hw state_change.unavailable 1084270982 1 Component State Change: Component \042alt0\042 is in the unavailable state (HWID=3598)
344569 node-60 unix.hw state_change.unavailable 1084270982 1 Component State Change: Component \042alt0\042 is in the unavailable state (HWID=4228)
344568 node-62 unix.hw state_change.unavailable 1084270982 1 Component State Change: Component \042alt0\042 is in the unavailable state (HWID=4442)
344567 node-52 unix.hw state_change.unavailable 1084270982 1 Component State Change: Component \042alt0\042 is in the unavailable state (HWID=3738)
344566 node-55 unix.hw state_change.unavailable 1084270982 1 Component State Change: Component \042alt0\042 is in the unavailable state (HWID=3948)
344565 node-38 unix.hw state_change.unavailable 1084270982 1 Component State Change: Component \042alt0\042 is in the unavailable state (HWID=2758)
344564 node-35 unix.hw state_change.unavailable 1084270982 1 Component State Change: Component \042alt0\042 is in the unavailable state (HWID=2898)
344563 node-45 unix.hw state_change.unavailable 1084270982 1 Component State Change: Component \042alt0\042 is in the unavailable state (HWID=3248)
344562 node-46 unix.hw state_change.unavailable 1084270982 1 Component State Change: Component \042alt0\042 is in the unavailable state (HWID=3318)
344561 node-48 unix.hw state_change.unavailable 1084270982 1 Component State Change: Component \042alt0\042 is in the unavailable state (HWID=3458)
344560 node-61 unix.hw state_change.unavailable 1084270982 1 Component State Change: Component \042alt0\042 is in the unavailable state (HWID=4372)
344559 node-42 unix.hw state_change.unavailable 1084270982 1 Component State Change: Component \042alt0\042 is in the unavailable state (HWID=3038)
344558 node-43 unix.hw state_change.unavailable 1084270982 1 Component State Change: Component \042alt0\042 is in the unavailable state (HWID=3108)
344557 node-36 unix.hw state_change.unavailable 1084270982 1 Component State Change: Component \042alt0\042 is in the unavailable state (HWID=2618)
344556 node-39 unix.hw state_change.unavailable 1084270982 1 Component State Change: Component \042alt0\042 is in the unavailable state (HWID=2548)
344555 node-41 unix.hw state_change.unavailable 1084270981 1 Component State Change: Component \042alt0\042 is in the unavailable state (HWID=2968)
344554 node-51 unix.hw state_change.unavailable 1084270981 1 Component State Change: Component \042alt0\042 is in the unavailable state (HWID=3668)
344553 node-40 unix.hw state_change.unavailable 1084270981 1 Component State Change: Component \042alt0\042 is in the unavailable state (HWID=2408)
344552 node-33 unix.hw state_change.unavailable 1084270981 1 Component State Change: Component \042alt0\042 is in the unavailable state (HWID=4302)
344551 node-59 unix.hw state_change.unavailable 1084270981 1 Component State Change: Component \042alt0\042 is in the unavailable state (HWID=4158)
344550 node-53 unix.hw state_change.unavailable 1084270981 1 Component State Change: Component \042alt0\042 is in the unavailable state (HWID=3808)
344549 node-56 unix.hw state_change.unavailable 1084270981 1 Component State Change: Component \042alt0\042 is in the unavailable state (HWID=4018)
344548 node-57 unix.hw state_change.unavailable 1084270981 1 Component State Change: Component \042alt0\042 is in the unavailable state (HWID=4088)
344547 node-34 unix.hw state_change.unavailable 1084270981 1 Component State Change: Component \042alt0\042 is in the unavailable state (HWID=2688)
344546 node-58 unix.hw state_change.unavailable 1084270981 1 Component State Change: Component \042alt0\042 is in the unavailable state (HWID=2828)
344545 node-47 unix.hw state_change.unavailable 1084270981 1 Component State Change: Component \042alt0\042 is in the unavailable state (HWID=3388)
344544 node-54 unix.hw state_change.unavailable 1084270981 1 Component State Change: Component \042alt0\042 is in the unavailable state (HWID=3878)
344543 node-63 unix.hw state_change.unavailable 1084270981 1 Component State Change: Component \042alt0\042 is in the unavailable state (HWID=4512)
344542 node-44 unix.hw state_change.unavailable 1084270981 1 Component State Change: Component \042alt0\042 is in the unavailable state (HWID=3178)
344541 node-37 unix.hw state_change.unavailable 1084270981 1 Component State Change: Component \042alt0\042 is in the unavailable state (HWID=2478)
344540 node-32 unix.hw state_change.unavailable 1084270981 1 Component State Change: Component \042alt0\042 is in the unavailable state (HWID=41)
344539 node-ms0 unix.hw state_change.unavailable 1084270981 1 Component State Change: Component \042alt0\042 is in the unavailable state (HWID=61)
344537 node-202 unix.hw state_change.unavailable 1084270955 1 Component State Change: Component \042alt0\042 is in the unavailable state (HWID=3168)
344536 node-205 unix.hw state_change.unavailable 1084270955 1 Component State Change: Component \042alt0\042 is in the unavailable state (HWID=3378)
344535 node-207 unix.hw state_change.unavailable 1084270955 1 Component State Change: Component \042alt0\042 is in the unavailable state (HWID=3518)
344534 node-211 unix.hw state_change.unavailable 1084270955 1 Component State Change: Component \042alt0\042 is in the unavailable state (HWID=3798)
344533 node-208 unix.hw state_change.unavailable 1084270955 1 Component State Change: Component \042alt0\042 is in the unavailable state (HWID=3588)
344532 node-210 unix.hw state_change.unavailable 1084270955 1 Component State Change: Component \042alt0\042 is in the unavailable state (HWID=3728)
344531 node-218 unix.hw state_change.unavailable 1084270955 1 Component State Change: Component \042alt0\042 is in the unavailable state (HWID=2678)
344530 node-221 unix.hw state_change.unavailable 1084270955 1 Component State Change: Component \042alt0\042 is in the unavailable state (HWID=4502)
344529 node-214 unix.hw state_change.unavailable 1084270955 1 Component State Change: Component \042alt0\042 is in the unavailable state (HWID=4008)
344528 node-225 unix.hw state_change.unavailable 1084270955 1 Component State Change: Component \042alt0\042 is in the unavailable state (HWID=5433)
344527 node-198 unix.hw state_change.unavailable 1084270955 1 Component State Change: Component \042alt0\042 is in the unavailable state (HWID=2748)
344526 node-235 unix.hw state_change.unavailable 1084270955 1 Component State Change: Component \042alt0\042 is in the unavailable state (HWID=6216)
344525 node-217 unix.hw state_change.unavailable 1084270955 1 Component State Change: Component \042alt0\042 is in the unavailable state (HWID=4218)
344524 node-238 unix.hw state_change.unavailable 1084270955 1 Component State Change: Component \042alt0\042 is in the unavailable state (HWID=4487)
344523 node-228 unix.hw state_change.unavailable 1084270955 1 Component State Change: Component \042alt0\042 is in the unavailable state (HWID=3713)
344522 node-212 unix.hw state_change.unavailable 1084270955 1 Component State Change: Component \042alt0\042 is in the unavailable state (HWID=3868)
344521 node-229 unix.hw state_change.unavailable 1084270955 1 Component State Change: Component \042alt0\042 is in the unavailable state (HWID=3627)
344520 node-222 unix.hw state_change.unavailable 1084270955 1 Component State Change: Component \042alt0\042 is in the unavailable state (HWID=4572)
344519 node-240 unix.hw state_change.unavailable 1084270955 1 Component State Change: Component \042alt0\042 is in the unavailable state (HWID=4573)
344517 node-196 unix.hw state_change.unavailable 1084270955 1 Component State Change: Component \042alt0\042 is in the unavailable state (HWID=2888)
344518 node-246 unix.hw state_change.unavailable 1084270955 1 Component State Change: Component \042alt0\042 is in the unavailable state (HWID=5089)
344516 node-242 unix.hw state_change.unavailable 1084270955 1 Component State Change: Component \042alt0\042 is in the unavailable state (HWID=4745)
344515 node-193 unix.hw state_change.unavailable 1084270955 1 Component State Change: Component \042alt0\042 is in the unavailable state (HWID=4432)
344514 node-244 unix.hw state_change.unavailable 1084270955 1 Component State Change: Component \042alt0\042 is in the unavailable state (HWID=4917)
344513 node-245 unix.hw state_change.unavailable 1084270955 1 Component State Change: Component \042alt0\042 is in the unavailable state (HWID=5003)
344512 node-195 unix.hw state_change.unavailable 1084270955 1 Component State Change: Component \042alt0\042 is in the unavailable state (HWID=2958)
344511 node-243 unix.hw state_change.unavailable 1084270955 1 Component State Change: Component \042alt0\042 is in the unavailable state (HWID=4831)
344510 node-213 unix.hw state_change.unavailable 1084270955 1 Component State Change: Component \042alt0\042 is in the unavailable state (HWID=3938)
344509 node-226 unix.hw state_change.unavailable 1084270955 1 Component State Change: Component \042alt0\042 is in the unavailable state (HWID=3541)
344508 node-251 unix.hw state_change.unavailable 1084270955 1 Component State Change: Component \042alt0\042 is in the unavailable state (HWID=5347)
344507 node-209 unix.hw state_change.unavailable 1084270955 1 Component State Change: Component \042alt0\042 is in the unavailable state (HWID=3658)
344506 node-252 unix.hw state_change.unavailable 1084270955 1 Component State Change: Component \042alt0\042 is in the unavailable state (HWID=5519)
344505 node-197 unix.hw state_change.unavailable 1084270955 1 Component State Change: Component \042alt0\042 is in the unavailable state (HWID=3028)
344504 node-236 unix.hw state_change.unavailable 1084270955 1 Component State Change: Component \042alt0\042 is in the unavailable state (HWID=4315)
344503 node-227 unix.hw state_change.unavailable 1084270955 1 Component State Change: Component \042alt0\042 is in the unavailable state (HWID=3455)
344502 node-194 unix.hw state_change.unavailable 1084270955 1 Component State Change: Component \042alt0\042 is in the unavailable state (HWID=2818)
344501 node-234 unix.hw state_change.unavailable 1084270955 1 Component State Change: Component \042alt0\042 is in the unavailable state (HWID=4229)
344500 node-203 unix.hw state_change.unavailable 1084270955 1 Component State Change: Component \042alt0\042 is in the unavailable state (HWID=3238)
344499 node-233 unix.hw state_change.unavailable 1084270955 1 Component State Change: Component \042alt0\042 is in the unavailable state (HWID=4143)
344497 node-201 unix.hw state_change.unavailable 1084270955 1 Component State Change: Component \042alt0\042 is in the unavailable state (HWID=3098)
344498 node-230 unix.hw state_change.unavailable 1084270955 1 Component State Change: Component \042alt0\042 is in the unavailable state (HWID=3799)
344496 node-239 unix.hw state_change.unavailable 1084270955 1 Component State Change: Component \042alt0\042 is in the unavailable state (HWID=6035)
344495 node-223 unix.hw state_change.unavailable 1084270955 1 Component State Change: Component \042alt0\042 is in the unavailable state (HWID=4642)
344494 node-237 unix.hw state_change.unavailable 1084270955 1 Component State Change: Component \042alt0\042 is in the unavailable state (HWID=6549)
344493 node-215 unix.hw state_change.unavailable 1084270955 1 Component State Change: Component \042alt0\042 is in the unavailable state (HWID=4078)
344492 node-248 unix.hw state_change.unavailable 1084270955 1 Component State Change: Component \042alt0\042 is in the unavailable state (HWID=5175)
344491 node-219 unix.hw state_change.unavailable 1084270955 1 Component State Change: Component \042alt0\042 is in the unavailable state (HWID=4288)
344490 node-232 unix.hw state_change.unavailable 1084270955 1 Component State Change: Component \042alt0\042 is in the unavailable state (HWID=4057)
344489 node-204 unix.hw state_change.unavailable 1084270955 1 Component State Change: Component \042alt0\042 is in the unavailable state (HWID=3308)
344488 node-241 unix.hw state_change.unavailable 1084270955 1 Component State Change: Component \042alt0\042 is in the unavailable state (HWID=4659)
344487 node-199 unix.hw state_change.unavailable 1084270955 1 Component State Change: Component \042alt0\042 is in the unavailable state (HWID=2608)
344486 node-249 unix.hw state_change.unavailable 1084270955 1 Component State Change: Component \042alt0\042 is in the unavailable state (HWID=5261)
344484 node-206 unix.hw state_change.unavailable 1084270955 1 Component State Change: Component \042alt0\042 is in the unavailable state (HWID=3448)
344485 node-247 unix.hw state_change.unavailable 1084270955 1 Component State Change: Component \042alt0\042 is in the unavailable state (HWID=5949)
344483 node-250 unix.hw state_change.unavailable 1084270955 1 Component State Change: Component \042alt0\042 is in the unavailable state (HWID=3971)
344482 node-220 unix.hw state_change.unavailable 1084270955 1 Component State Change: Component \042alt0\042 is in the unavailable state (HWID=4358)
344481 node-231 unix.hw state_change.unavailable 1084270955 1 Component State Change: Component \042alt0\042 is in the unavailable state (HWID=3885)
344480 node-200 unix.hw state_change.unavailable 1084270955 1 Component State Change: Component \042alt0\042 is in the unavailable state (HWID=2538)
344479 node-254 unix.hw state_change.unavailable 1084270955 1 Component State Change: Component \042alt0\042 is in the unavailable state (HWID=5691)
344478 node-216 unix.hw state_change.unavailable 1084270955 1 Component State Change: Component \042alt0\042 is in the unavailable state (HWID=4148)
344477 node-255 unix.hw state_change.unavailable 1084270955 1 Component State Change: Component \042alt0\042 is in the unavailable state (HWID=5777)
344476 node-192 unix.hw state_change.unavailable 1084270955 1 Component State Change: Component \042alt0\042 is in the unavailable state (HWID=41)
344475 node-253 unix.hw state_change.unavailable 1084270955 1 Component State Change: Component \042alt0\042 is in the unavailable state (HWID=5605)
344474 node-224 unix.hw state_change.unavailable 1084270955 1 Component State Change: Component \042alt0\042 is in the unavailable state (HWID=45)
344473 node-131 unix.hw state_change.unavailable 1084270952 1 Component State Change: Component \042alt0\042 is in the unavailable state (HWID=2618)
344472 node-133 unix.hw state_change.unavailable 1084270952 1 Component State Change: Component \042alt0\042 is in the unavailable state (HWID=2758)
344471 node-140 unix.hw state_change.unavailable 1084270952 1 Component State Change: Component \042alt0\042 is in the unavailable state (HWID=3178)
344470 node-149 unix.hw state_change.unavailable 1084270952 1 Component State Change: Component \042alt0\042 is in the unavailable state (HWID=3808)
344469 node-152 unix.hw state_change.unavailable 1084270952 1 Component State Change: Component \042alt0\042 is in the unavailable state (HWID=4018)
344468 node-146 unix.hw state_change.unavailable 1084270952 1 Component State Change: Component \042alt0\042 is in the unavailable state (HWID=3598)
344467 node-139 unix.hw state_change.unavailable 1084270952 1 Component State Change: Component \042alt0\042 is in the unavailable state (HWID=3108)
344466 node-144 unix.hw state_change.unavailable 1084270952 1 Component State Change: Component \042alt0\042 is in the unavailable state (HWID=3458)
344465 node-132 unix.hw state_change.unavailable 1084270952 1 Component State Change: Component \042alt0\042 is in the unavailable state (HWID=2548)
344464 node-135 unix.hw state_change.unavailable 1084270952 1 Component State Change: Component \042alt0\042 is in the unavailable state (HWID=2828)
344463 node-143 unix.hw state_change.unavailable 1084270952 1 Component State Change: Component \042alt0\042 is in the unavailable state (HWID=3388)
344462 node-147 unix.hw state_change.unavailable 1084270952 1 Component State Change: Component \042alt0\042 is in the unavailable state (HWID=3668)
344461 node-156 unix.hw state_change.unavailable 1084270952 1 Component State Change: Component \042alt0\042 is in the unavailable state (HWID=4228)
344460 node-138 unix.hw state_change.unavailable 1084270952 1 Component State Change: Component \042alt0\042 is in the unavailable state (HWID=3038)
344459 node-157 unix.hw state_change.unavailable 1084270952 1 Component State Change: Component \042alt0\042 is in the unavailable state (HWID=4372)
344458 node-129 unix.hw state_change.unavailable 1084270952 1 Component State Change: Component \042alt0\042 is in the unavailable state (HWID=4302)
344457 node-130 unix.hw state_change.unavailable 1084270952 1 Component State Change: Component \042alt0\042 is in the unavailable state (HWID=2478)
344456 node-148 unix.hw state_change.unavailable 1084270952 1 Component State Change: Component \042alt0\042 is in the unavailable state (HWID=3738)
344455 node-142 unix.hw state_change.unavailable 1084270952 1 Component State Change: Component \042alt0\042 is in the unavailable state (HWID=3318)
344454 node-134 unix.hw state_change.unavailable 1084270952 1 Component State Change: Component \042alt0\042 is in the unavailable state (HWID=2688)
344453 node-136 unix.hw state_change.unavailable 1084270952 1 Component State Change: Component \042alt0\042 is in the unavailable state (HWID=2408)
344452 node-159 unix.hw state_change.unavailable 1084270952 1 Component State Change: Component \042alt0\042 is in the unavailable state (HWID=4512)
344451 node-150 unix.hw state_change.unavailable 1084270952 1 Component State Change: Component \042alt0\042 is in the unavailable state (HWID=3878)
344450 node-158 unix.hw state_change.unavailable 1084270952 1 Component State Change: Component \042alt0\042 is in the unavailable state (HWID=4442)
344449 node-155 unix.hw state_change.unavailable 1084270952 1 Component State Change: Component \042alt0\042 is in the unavailable state (HWID=2898)
344448 node-153 unix.hw state_change.unavailable 1084270952 1 Component State Change: Component \042alt0\042 is in the unavailable state (HWID=4088)
344447 node-145 unix.hw state_change.unavailable 1084270952 1 Component State Change: Component \042alt0\042 is in the unavailable state (HWID=3528)
344446 node-137 unix.hw state_change.unavailable 1084270952 1 Component State Change: Component \042alt0\042 is in the unavailable state (HWID=2968)
344445 node-151 unix.hw state_change.unavailable 1084270952 1 Component State Change: Component \042alt0\042 is in the unavailable state (HWID=3948)
344444 node-174 unix.hw state_change.unavailable 1084270951 1 Component State Change: Component \042alt0\042 is in the unavailable state (HWID=3319)
344443 node-188 unix.hw state_change.unavailable 1084270951 1 Component State Change: Component \042alt0\042 is in the unavailable state (HWID=4229)
344442 node-184 unix.hw state_change.unavailable 1084270951 1 Component State Change: Component \042alt0\042 is in the unavailable state (HWID=4019)
344441 node-187 unix.hw state_change.unavailable 1084270951 1 Component State Change: Component \042alt0\042 is in the unavailable state (HWID=4159)
344440 node-175 unix.hw state_change.unavailable 1084270951 1 Component State Change: Component \042alt0\042 is in the unavailable state (HWID=3389)
344439 node-168 unix.hw state_change.unavailable 1084270951 1 Component State Change: Component \042alt0\042 is in the unavailable state (HWID=2409)
344427 node-141 unix.hw state_change.unavailable 1084270951 1 Component State Change: Component \042alt0\042 is in the unavailable state (HWID=3248)
344438 node-180 unix.hw state_change.unavailable 1084270951 1 Component State Change: Component \042alt0\042 is in the unavailable state (HWID=3739)
344437 node-173 unix.hw state_change.unavailable 1084270951 1 Component State Change: Component \042alt0\042 is in the unavailable state (HWID=3249)
344436 node-170 unix.hw state_change.unavailable 1084270951 1 Component State Change: Component \042alt0\042 is in the unavailable state (HWID=3039)
344435 node-171 unix.hw state_change.unavailable 1084270951 1 Component State Change: Component \042alt0\042 is in the unavailable state (HWID=3109)
344434 node-167 unix.hw state_change.unavailable 1084270951 1 Component State Change: Component \042alt0\042 is in the unavailable state (HWID=2479)
344433 node-162 unix.hw state_change.unavailable 1084270951 1 Component State Change: Component \042alt0\042 is in the unavailable state (HWID=2829)
344432 node-176 unix.hw state_change.unavailable 1084270951 1 Component State Change: Component \042alt0\042 is in the unavailable state (HWID=3459)
344431 node-172 unix.hw state_change.unavailable 1084270951 1 Component State Change: Component \042alt0\042 is in the unavailable state (HWID=3179)
344430 node-163 unix.hw state_change.unavailable 1084270951 1 Component State Change: Component \042alt0\042 is in the unavailable state (HWID=2759)
344429 node-169 unix.hw state_change.unavailable 1084270951 1 Component State Change: Component \042alt0\042 is in the unavailable state (HWID=2969)
344428 node-161 unix.hw state_change.unavailable 1084270951 1 Component State Change: Component \042alt0\042 is in the unavailable state (HWID=4303)
344426 node-165 unix.hw state_change.unavailable 1084270951 1 Component State Change: Component \042alt0\042 is in the unavailable state (HWID=2549)
344425 node-164 unix.hw state_change.unavailable 1084270951 1 Component State Change: Component \042alt0\042 is in the unavailable state (HWID=4583)
344424 node-166 unix.hw state_change.unavailable 1084270951 1 Component State Change: Component \042alt0\042 is in the unavailable state (HWID=2689)
344423 node-190 unix.hw state_change.unavailable 1084270951 1 Component State Change: Component \042alt0\042 is in the unavailable state (HWID=4443)
344421 node-154 unix.hw state_change.unavailable 1084270951 1 Component State Change: Component \042alt0\042 is in the unavailable state (HWID=4158)
344422 node-177 unix.hw state_change.unavailable 1084270951 1 Component State Change: Component \042alt0\042 is in the unavailable state (HWID=3529)
344420 node-178 unix.hw state_change.unavailable 1084270951 1 Component State Change: Component \042alt0\042 is in the unavailable state (HWID=3599)
344419 node-128 unix.hw state_change.unavailable 1084270951 1 Component State Change: Component \042alt0\042 is in the unavailable state (HWID=41)
344418 node-182 unix.hw state_change.unavailable 1084270951 1 Component State Change: Component \042alt0\042 is in the unavailable state (HWID=3879)
344417 node-179 unix.hw state_change.unavailable 1084270951 1 Component State Change: Component \042alt0\042 is in the unavailable state (HWID=3669)
344416 node-183 unix.hw state_change.unavailable 1084270951 1 Component State Change: Component \042alt0\042 is in the unavailable state (HWID=3949)
344415 node-185 unix.hw state_change.unavailable 1084270951 1 Component State Change: Component \042alt0\042 is in the unavailable state (HWID=4089)
344414 node-181 unix.hw state_change.unavailable 1084270951 1 Component State Change: Component \042alt0\042 is in the unavailable state (HWID=3809)
344413 node-186 unix.hw state_change.unavailable 1084270951 1 Component State Change: Component \042alt0\042 is in the unavailable state (HWID=2899)
344412 node-189 unix.hw state_change.unavailable 1084270951 1 Component State Change: Component \042alt0\042 is in the unavailable state (HWID=4373)
344411 node-191 unix.hw state_change.unavailable 1084270951 1 Component State Change: Component \042alt0\042 is in the unavailable state (HWID=4513)
344410 node-160 unix.hw state_change.unavailable 1084270951 1 Component State Change: Component \042alt0\042 is in the unavailable state (HWID=41)
344072 node-127 unix.hw state_change.unavailable 1084267915 1 Component State Change: Component \042alt0\042 is in the unavailable state (HWID=4374)
344071 node-118 unix.hw state_change.unavailable 1084267915 1 Component State Change: Component \042alt0\042 is in the unavailable state (HWID=3740)
344070 node-124 unix.hw state_change.unavailable 1084267915 1 Component State Change: Component \042alt0\042 is in the unavailable state (HWID=4164)
344069 node-126 unix.hw state_change.unavailable 1084267914 1 Component State Change: Component \042alt0\042 is in the unavailable state (HWID=4304)
344068 node-112 unix.hw state_change.unavailable 1084267914 1 Component State Change: Component \042alt0\042 is in the unavailable state (HWID=3390)
344067 node-125 unix.hw state_change.unavailable 1084267914 1 Component State Change: Component \042alt0\042 is in the unavailable state (HWID=4234)
344066 node-106 unix.hw state_change.unavailable 1084267914 1 Component State Change: Component \042alt0\042 is in the unavailable state (HWID=3040)
344065 node-111 unix.hw state_change.unavailable 1084267914 1 Component State Change: Component \042alt0\042 is in the unavailable state (HWID=3320)
344064 node-103 unix.hw state_change.unavailable 1084267914 1 Component State Change: Component \042alt0\042 is in the unavailable state (HWID=2410)
344063 node-109 unix.hw state_change.unavailable 1084267914 1 Component State Change: Component \042alt0\042 is in the unavailable state (HWID=3180)
344062 node-105 unix.hw state_change.unavailable 1084267914 1 Component State Change: Component \042alt0\042 is in the unavailable state (HWID=2970)
344061 node-101 unix.hw state_change.unavailable 1084267914 1 Component State Change: Component \042alt0\042 is in the unavailable state (HWID=2550)
344060 node-102 unix.hw state_change.unavailable 1084267914 1 Component State Change: Component \042alt0\042 is in the unavailable state (HWID=2620)
344059 node-100 unix.hw state_change.unavailable 1084267914 1 Component State Change: Component \042alt0\042 is in the unavailable state (HWID=2900)
344058 node-108 unix.hw state_change.unavailable 1084267914 1 Component State Change: Component \042alt0\042 is in the unavailable state (HWID=4444)
344057 node-110 unix.hw state_change.unavailable 1084267913 1 Component State Change: Component \042alt0\042 is in the unavailable state (HWID=3250)
344056 node-113 unix.hw state_change.unavailable 1084267913 1 Component State Change: Component \042alt0\042 is in the unavailable state (HWID=4514)
344055 node-114 unix.hw state_change.unavailable 1084267913 1 Component State Change: Component \042alt0\042 is in the unavailable state (HWID=3460)
344054 node-104 unix.hw state_change.unavailable 1084267913 1 Component State Change: Component \042alt0\042 is in the unavailable state (HWID=2690)
344053 node-107 unix.hw state_change.unavailable 1084267913 1 Component State Change: Component \042alt0\042 is in the unavailable state (HWID=3110)
344052 node-117 unix.hw state_change.unavailable 1084267913 1 Component State Change: Component \042alt0\042 is in the unavailable state (HWID=3670)
344051 node-121 unix.hw state_change.unavailable 1084267913 1 Component State Change: Component \042alt0\042 is in the unavailable state (HWID=3950)
344050 node-122 unix.hw state_change.unavailable 1084267913 1 Component State Change: Component \042alt0\042 is in the unavailable state (HWID=2480)
344049 node-115 unix.hw state_change.unavailable 1084267913 1 Component State Change: Component \042alt0\042 is in the unavailable state (HWID=3530)
344048 node-119 unix.hw state_change.unavailable 1084267913 1 Component State Change: Component \042alt0\042 is in the unavailable state (HWID=3810)
344047 node-116 unix.hw state_change.unavailable 1084267913 1 Component State Change: Component \042alt0\042 is in the unavailable state (HWID=3600)
344046 node-120 unix.hw state_change.unavailable 1084267913 1 Component State Change: Component \042alt0\042 is in the unavailable state (HWID=3880)
344045 node-123 unix.hw state_change.unavailable 1084267913 1 Component State Change: Component \042alt0\042 is in the unavailable state (HWID=4020)
344043 node-98 unix.hw state_change.unavailable 1084267912 1 Component State Change: Component \042alt0\042 is in the unavailable state (HWID=2760)
344044 node-73 unix.hw state_change.unavailable 1084267912 1 Component State Change: Component \042alt0\042 is in the unavailable state (HWID=2968)
344042 node-68 unix.hw state_change.unavailable 1084267912 1 Component State Change: Component \042alt0\042 is in the unavailable state (HWID=2758)
344041 node-71 unix.hw state_change.unavailable 1084267912 1 Component State Change: Component \042alt0\042 is in the unavailable state (HWID=2478)
344040 node-69 unix.hw state_change.unavailable 1084267912 1 Component State Change: Component \042alt0\042 is in the unavailable state (HWID=2548)
344034 node-97 unix.hw state_change.unavailable 1084267912 1 Component State Change: Component \042alt0\042 is in the unavailable state (HWID=4094)
344039 node-66 unix.hw state_change.unavailable 1084267912 1 Component State Change: Component \042alt0\042 is in the unavailable state (HWID=2408)
344038 node-74 unix.hw state_change.unavailable 1084267912 1 Component State Change: Component \042alt0\042 is in the unavailable state (HWID=3038)
344037 node-75 unix.hw state_change.unavailable 1084267912 1 Component State Change: Component \042alt0\042 is in the unavailable state (HWID=3108)
344036 node-72 unix.hw state_change.unavailable 1084267912 1 Component State Change: Component \042alt0\042 is in the unavailable state (HWID=2688)
344035 node-67 unix.hw state_change.unavailable 1084267912 1 Component State Change: Component \042alt0\042 is in the unavailable state (HWID=2618)
344033 node-70 unix.hw state_change.unavailable 1084267912 1 Component State Change: Component \042alt0\042 is in the unavailable state (HWID=2828)
344032 node-65 unix.hw state_change.unavailable 1084267912 1 Component State Change: Component \042alt0\042 is in the unavailable state (HWID=4302)
344031 node-95 unix.hw state_change.unavailable 1084267912 1 Component State Change: Component \042alt0\042 is in the unavailable state (HWID=4512)
344027 node-99 unix.hw state_change.unavailable 1084267912 1 Component State Change: Component \042alt0\042 is in the unavailable state (HWID=2830)
344030 node-64 unix.hw state_change.unavailable 1084267912 1 Component State Change: Component \042alt0\042 is in the unavailable state (HWID=41)
344029 node-92 unix.hw state_change.unavailable 1084267912 1 Component State Change: Component \042alt0\042 is in the unavailable state (HWID=4372)
344028 node-78 unix.hw state_change.unavailable 1084267912 1 Component State Change: Component \042alt0\042 is in the unavailable state (HWID=3318)
344026 node-77 unix.hw state_change.unavailable 1084267912 1 Component State Change: Component \042alt0\042 is in the unavailable state (HWID=3248)
344025 node-76 unix.hw state_change.unavailable 1084267912 1 Component State Change: Component \042alt0\042 is in the unavailable state (HWID=3178)
344024 node-82 unix.hw state_change.unavailable 1084267912 1 Component State Change: Component \042alt0\042 is in the unavailable state (HWID=3598)
344023 node-81 unix.hw state_change.unavailable 1084267912 1 Component State Change: Component \042alt0\042 is in the unavailable state (HWID=3528)
344022 node-84 unix.hw state_change.unavailable 1084267912 1 Component State Change: Component \042alt0\042 is in the unavailable state (HWID=3738)
344021 node-87 unix.hw state_change.unavailable 1084267912 1 Component State Change: Component \042alt0\042 is in the unavailable state (HWID=3948)
344020 node-79 unix.hw state_change.unavailable 1084267912 1 Component State Change: Component \042alt0\042 is in the unavailable state (HWID=3388)
344019 node-85 unix.hw state_change.unavailable 1084267912 1 Component State Change: Component \042alt0\042 is in the unavailable state (HWID=3808)
344018 node-80 unix.hw state_change.unavailable 1084267912 1 Component State Change: Component \042alt0\042 is in the unavailable state (HWID=3458)
344013 node-96 unix.hw state_change.unavailable 1084267912 1 Component State Change: Component \042alt0\042 is in the unavailable state (HWID=41)
344017 node-83 unix.hw state_change.unavailable 1084267912 1 Component State Change: Component \042alt0\042 is in the unavailable state (HWID=3668)
344016 node-86 unix.hw state_change.unavailable 1084267912 1 Component State Change: Component \042alt0\042 is in the unavailable state (HWID=3878)
344015 node-93 unix.hw state_change.unavailable 1084267912 1 Component State Change: Component \042alt0\042 is in the unavailable state (HWID=4228)
344014 node-89 unix.hw state_change.unavailable 1084267912 1 Component State Change: Component \042alt0\042 is in the unavailable state (HWID=4088)
344012 node-88 unix.hw state_change.unavailable 1084267912 1 Component State Change: Component \042alt0\042 is in the unavailable state (HWID=4018)
344011 node-94 unix.hw state_change.unavailable 1084267912 1 Component State Change: Component \042alt0\042 is in the unavailable state (HWID=4442)
344010 node-91 unix.hw state_change.unavailable 1084267912 1 Component State Change: Component \042alt0\042 is in the unavailable state (HWID=4158)
344009 node-90 unix.hw state_change.unavailable 1084267912 1 Component State Change: Component \042alt0\042 is in the unavailable state (HWID=4778)
344001 node-118 unix.hw state_change.unavailable 1084267052 1 Component State Change: Component \042alt0\042 is in the unavailable state (HWID=3740)
344000 node-127 unix.hw state_change.unavailable 1084267052 1 Component State Change: Component \042alt0\042 is in the unavailable state (HWID=4374)
343999 node-112 unix.hw state_change.unavailable 1084267052 1 Component State Change: Component \042alt0\042 is in the unavailable state (HWID=3390)
343998 node-126 unix.hw state_change.unavailable 1084267052 1 Component State Change: Component \042alt0\042 is in the unavailable state (HWID=4304)
343997 node-125 unix.hw state_change.unavailable 1084267052 1 Component State Change: Component \042alt0\042 is in the unavailable state (HWID=4234)
343996 node-124 unix.hw state_change.unavailable 1084267052 1 Component State Change: Component \042alt0\042 is in the unavailable state (HWID=4164)
343985 node-123 unix.hw state_change.unavailable 1084267052 1 Component State Change: Component \042alt0\042 is in the unavailable state (HWID=4020)
343984 node-122 unix.hw state_change.unavailable 1084267052 1 Component State Change: Component \042alt0\042 is in the unavailable state (HWID=2480)
343983 node-120 unix.hw state_change.unavailable 1084267052 1 Component State Change: Component \042alt0\042 is in the unavailable state (HWID=3880)
343982 node-119 unix.hw state_change.unavailable 1084267052 1 Component State Change: Component \042alt0\042 is in the unavailable state (HWID=3810)
343981 node-121 unix.hw state_change.unavailable 1084267052 1 Component State Change: Component \042alt0\042 is in the unavailable state (HWID=3950)
343980 node-117 unix.hw state_change.unavailable 1084267052 1 Component State Change: Component \042alt0\042 is in the unavailable state (HWID=3670)
343979 node-116 unix.hw state_change.unavailable 1084267052 1 Component State Change: Component \042alt0\042 is in the unavailable state (HWID=3600)
343978 node-115 unix.hw state_change.unavailable 1084267052 1 Component State Change: Component \042alt0\042 is in the unavailable state (HWID=3530)
343977 node-114 unix.hw state_change.unavailable 1084267052 1 Component State Change: Component \042alt0\042 is in the unavailable state (HWID=3460)
343976 node-113 unix.hw state_change.unavailable 1084267052 1 Component State Change: Component \042alt0\042 is in the unavailable state (HWID=4514)
343964 node-111 unix.hw state_change.unavailable 1084267051 1 Component State Change: Component \042alt0\042 is in the unavailable state (HWID=3320)
343960 node-110 unix.hw state_change.unavailable 1084267051 1 Component State Change: Component \042alt0\042 is in the unavailable state (HWID=3250)
343959 node-64 unix.hw state_change.unavailable 1084267051 1 Component State Change: Component \042alt0\042 is in the unavailable state (HWID=41)
343958 node-109 unix.hw state_change.unavailable 1084267051 1 Component State Change: Component \042alt0\042 is in the unavailable state (HWID=3180)
343957 node-95 unix.hw state_change.unavailable 1084267051 1 Component State Change: Component \042alt0\042 is in the unavailable state (HWID=4512)
343956 node-108 unix.hw state_change.unavailable 1084267051 1 Component State Change: Component \042alt0\042 is in the unavailable state (HWID=4444)
343955 node-107 unix.hw state_change.unavailable 1084267051 1 Component State Change: Component \042alt0\042 is in the unavailable state (HWID=3110)
343954 node-106 unix.hw state_change.unavailable 1084267051 1 Component State Change: Component \042alt0\042 is in the unavailable state (HWID=3040)
343953 node-105 unix.hw state_change.unavailable 1084267051 1 Component State Change: Component \042alt0\042 is in the unavailable state (HWID=2970)
343952 node-104 unix.hw state_change.unavailable 1084267051 1 Component State Change: Component \042alt0\042 is in the unavailable state (HWID=2690)
343951 node-103 unix.hw state_change.unavailable 1084267051 1 Component State Change: Component \042alt0\042 is in the unavailable state (HWID=2410)
343950 node-102 unix.hw state_change.unavailable 1084267051 1 Component State Change: Component \042alt0\042 is in the unavailable state (HWID=2620)
343949 node-101 unix.hw state_change.unavailable 1084267051 1 Component State Change: Component \042alt0\042 is in the unavailable state (HWID=2550)
343948 node-100 unix.hw state_change.unavailable 1084267051 1 Component State Change: Component \042alt0\042 is in the unavailable state (HWID=2900)
343943 node-92 unix.hw state_change.unavailable 1084267051 1 Component State Change: Component \042alt0\042 is in the unavailable state (HWID=4372)
343940 node-99 unix.hw state_change.unavailable 1084267051 1 Component State Change: Component \042alt0\042 is in the unavailable state (HWID=2830)
343935 node-98 unix.hw state_change.unavailable 1084267051 1 Component State Change: Component \042alt0\042 is in the unavailable state (HWID=2760)
343933 node-88 unix.hw state_change.unavailable 1084267051 1 Component State Change: Component \042alt0\042 is in the unavailable state (HWID=4018)
343932 node-94 unix.hw state_change.unavailable 1084267051 1 Component State Change: Component \042alt0\042 is in the unavailable state (HWID=4442)
343928 node-97 unix.hw state_change.unavailable 1084267050 1 Component State Change: Component \042alt0\042 is in the unavailable state (HWID=4094)
343931 node-93 unix.hw state_change.unavailable 1084267050 1 Component State Change: Component \042alt0\042 is in the unavailable state (HWID=4228)
343930 node-91 unix.hw state_change.unavailable 1084267050 1 Component State Change: Component \042alt0\042 is in the unavailable state (HWID=4158)
343929 node-90 unix.hw state_change.unavailable 1084267050 1 Component State Change: Component \042alt0\042 is in the unavailable state (HWID=4778)
343927 node-89 unix.hw state_change.unavailable 1084267050 1 Component State Change: Component \042alt0\042 is in the unavailable state (HWID=4088)
343919 node-96 unix.hw state_change.unavailable 1084267050 1 Component State Change: Component \042alt0\042 is in the unavailable state (HWID=41)
343916 node-87 unix.hw state_change.unavailable 1084267050 1 Component State Change: Component \042alt0\042 is in the unavailable state (HWID=3948)
343913 node-86 unix.hw state_change.unavailable 1084267050 1 Component State Change: Component \042alt0\042 is in the unavailable state (HWID=3878)
343911 node-85 unix.hw state_change.unavailable 1084267050 1 Component State Change: Component \042alt0\042 is in the unavailable state (HWID=3808)
343910 node-84 unix.hw state_change.unavailable 1084267050 1 Component State Change: Component \042alt0\042 is in the unavailable state (HWID=3738)
343909 node-83 unix.hw state_change.unavailable 1084267050 1 Component State Change: Component \042alt0\042 is in the unavailable state (HWID=3668)
343908 node-82 unix.hw state_change.unavailable 1084267050 1 Component State Change: Component \042alt0\042 is in the unavailable state (HWID=3598)
343907 node-81 unix.hw state_change.unavailable 1084267050 1 Component State Change: Component \042alt0\042 is in the unavailable state (HWID=3528)
343906 node-80 unix.hw state_change.unavailable 1084267050 1 Component State Change: Component \042alt0\042 is in the unavailable state (HWID=3458)
343905 node-79 unix.hw state_change.unavailable 1084267050 1 Component State Change: Component \042alt0\042 is in the unavailable state (HWID=3388)
343904 node-78 unix.hw state_change.unavailable 1084267050 1 Component State Change: Component \042alt0\042 is in the unavailable state (HWID=3318)
343903 node-77 unix.hw state_change.unavailable 1084267050 1 Component State Change: Component \042alt0\042 is in the unavailable state (HWID=3248)
343902 node-76 unix.hw state_change.unavailable 1084267050 1 Component State Change: Component \042alt0\042 is in the unavailable state (HWID=3178)
343890 node-75 unix.hw state_change.unavailable 1084267050 1 Component State Change: Component \042alt0\042 is in the unavailable state (HWID=3108)
343889 node-74 unix.hw state_change.unavailable 1084267050 1 Component State Change: Component \042alt0\042 is in the unavailable state (HWID=3038)
343888 node-73 unix.hw state_change.unavailable 1084267050 1 Component State Change: Component \042alt0\042 is in the unavailable state (HWID=2968)
343887 node-72 unix.hw state_change.unavailable 1084267050 1 Component State Change: Component \042alt0\042 is in the unavailable state (HWID=2688)
343886 node-71 unix.hw state_change.unavailable 1084267050 1 Component State Change: Component \042alt0\042 is in the unavailable state (HWID=2478)
343885 node-70 unix.hw state_change.unavailable 1084267050 1 Component State Change: Component \042alt0\042 is in the unavailable state (HWID=2828)
343884 node-69 unix.hw state_change.unavailable 1084267050 1 Component State Change: Component \042alt0\042 is in the unavailable state (HWID=2548)
343883 node-68 unix.hw state_change.unavailable 1084267050 1 Component State Change: Component \042alt0\042 is in the unavailable state (HWID=2758)
343882 node-67 unix.hw state_change.unavailable 1084267050 1 Component State Change: Component \042alt0\042 is in the unavailable state (HWID=2618)
343881 node-66 unix.hw state_change.unavailable 1084267050 1 Component State Change: Component \042alt0\042 is in the unavailable state (HWID=2408)
343880 node-65 unix.hw state_change.unavailable 1084267050 1 Component State Change: Component \042alt0\042 is in the unavailable state (HWID=4302)
343551 node-122 unix.hw state_change.unavailable 1084263982 1 Component State Change: Component \042alt0\042 is in the unavailable state (HWID=2480)
343550 node-126 unix.hw state_change.unavailable 1084263982 1 Component State Change: Component \042alt0\042 is in the unavailable state (HWID=4304)
343549 node-119 unix.hw state_change.unavailable 1084263982 1 Component State Change: Component \042alt0\042 is in the unavailable state (HWID=3810)
343548 node-115 unix.hw state_change.unavailable 1084263982 1 Component State Change: Component \042alt0\042 is in the unavailable state (HWID=3530)
343547 node-68 unix.hw state_change.unavailable 1084263982 1 Component State Change: Component \042alt0\042 is in the unavailable state (HWID=2758)
343546 node-103 unix.hw state_change.unavailable 1084263982 1 Component State Change: Component \042alt0\042 is in the unavailable state (HWID=2410)
343545 node-74 unix.hw state_change.unavailable 1084263982 1 Component State Change: Component \042alt0\042 is in the unavailable state (HWID=3038)
343543 node-113 unix.hw state_change.unavailable 1084263982 1 Component State Change: Component \042alt0\042 is in the unavailable state (HWID=4514)
343544 node-89 unix.hw state_change.unavailable 1084263982 1 Component State Change: Component \042alt0\042 is in the unavailable state (HWID=4088)
343542 node-71 unix.hw state_change.unavailable 1084263982 1 Component State Change: Component \042alt0\042 is in the unavailable state (HWID=2478)
343541 node-107 unix.hw state_change.unavailable 1084263982 1 Component State Change: Component \042alt0\042 is in the unavailable state (HWID=3110)
343540 node-73 unix.hw state_change.unavailable 1084263982 1 Component State Change: Component \042alt0\042 is in the unavailable state (HWID=2968)
343539 node-127 unix.hw state_change.unavailable 1084263982 1 Component State Change: Component \042alt0\042 is in the unavailable state (HWID=4374)
343538 node-69 unix.hw state_change.unavailable 1084263982 1 Component State Change: Component \042alt0\042 is in the unavailable state (HWID=2548)
343537 node-116 unix.hw state_change.unavailable 1084263982 1 Component State Change: Component \042alt0\042 is in the unavailable state (HWID=3600)
343536 node-66 unix.hw state_change.unavailable 1084263982 1 Component State Change: Component \042alt0\042 is in the unavailable state (HWID=2408)
343534 node-78 unix.hw state_change.unavailable 1084263981 1 Component State Change: Component \042alt0\042 is in the unavailable state (HWID=3318)
343535 node-97 unix.hw state_change.unavailable 1084263981 1 Component State Change: Component \042alt0\042 is in the unavailable state (HWID=4094)
343533 node-76 unix.hw state_change.unavailable 1084263981 1 Component State Change: Component \042alt0\042 is in the unavailable state (HWID=3178)
343532 node-112 unix.hw state_change.unavailable 1084263981 1 Component State Change: Component \042alt0\042 is in the unavailable state (HWID=3390)
343531 node-75 unix.hw state_change.unavailable 1084263981 1 Component State Change: Component \042alt0\042 is in the unavailable state (HWID=3108)
343530 node-101 unix.hw state_change.unavailable 1084263981 1 Component State Change: Component \042alt0\042 is in the unavailable state (HWID=2550)
343529 node-77 unix.hw state_change.unavailable 1084263981 1 Component State Change: Component \042alt0\042 is in the unavailable state (HWID=3248)
343528 node-108 unix.hw state_change.unavailable 1084263981 1 Component State Change: Component \042alt0\042 is in the unavailable state (HWID=4444)
343527 node-87 unix.hw state_change.unavailable 1084263981 1 Component State Change: Component \042alt0\042 is in the unavailable state (HWID=3948)
343525 node-99 unix.hw state_change.unavailable 1084263981 1 Component State Change: Component \042alt0\042 is in the unavailable state (HWID=2830)
343526 node-88 unix.hw state_change.unavailable 1084263981 1 Component State Change: Component \042alt0\042 is in the unavailable state (HWID=4018)
343523 node-95 unix.hw state_change.unavailable 1084263981 1 Component State Change: Component \042alt0\042 is in the unavailable state (HWID=4512)
343524 node-98 unix.hw state_change.unavailable 1084263981 1 Component State Change: Component \042alt0\042 is in the unavailable state (HWID=2760)
343521 node-110 unix.hw state_change.unavailable 1084263981 1 Component State Change: Component \042alt0\042 is in the unavailable state (HWID=3250)
343522 node-92 unix.hw state_change.unavailable 1084263981 1 Component State Change: Component \042alt0\042 is in the unavailable state (HWID=4372)
343520 node-105 unix.hw state_change.unavailable 1084263981 1 Component State Change: Component \042alt0\042 is in the unavailable state (HWID=2970)
343519 node-70 unix.hw state_change.unavailable 1084263981 1 Component State Change: Component \042alt0\042 is in the unavailable state (HWID=2828)
343518 node-100 unix.hw state_change.unavailable 1084263981 1 Component State Change: Component \042alt0\042 is in the unavailable state (HWID=2900)
343517 node-72 unix.hw state_change.unavailable 1084263981 1 Component State Change: Component \042alt0\042 is in the unavailable state (HWID=2688)
343516 node-106 unix.hw state_change.unavailable 1084263981 1 Component State Change: Component \042alt0\042 is in the unavailable state (HWID=3040)
343515 node-90 unix.hw state_change.unavailable 1084263981 1 Component State Change: Component \042alt0\042 is in the unavailable state (HWID=4778)
343513 node-102 unix.hw state_change.unavailable 1084263981 1 Component State Change: Component \042alt0\042 is in the unavailable state (HWID=2620)
343514 node-94 unix.hw state_change.unavailable 1084263981 1 Component State Change: Component \042alt0\042 is in the unavailable state (HWID=4442)
343512 node-93 unix.hw state_change.unavailable 1084263981 1 Component State Change: Component \042alt0\042 is in the unavailable state (HWID=4228)
343511 node-104 unix.hw state_change.unavailable 1084263981 1 Component State Change: Component \042alt0\042 is in the unavailable state (HWID=2690)
343510 node-91 unix.hw state_change.unavailable 1084263981 1 Component State Change: Component \042alt0\042 is in the unavailable state (HWID=4158)
343509 node-109 unix.hw state_change.unavailable 1084263981 1 Component State Change: Component \042alt0\042 is in the unavailable state (HWID=3180)
343508 node-65 unix.hw state_change.unavailable 1084263981 1 Component State Change: Component \042alt0\042 is in the unavailable state (HWID=4302)
343507 node-124 unix.hw state_change.unavailable 1084263981 1 Component State Change: Component \042alt0\042 is in the unavailable state (HWID=4164)
343506 node-67 unix.hw state_change.unavailable 1084263981 1 Component State Change: Component \042alt0\042 is in the unavailable state (HWID=2618)
343505 node-111 unix.hw state_change.unavailable 1084263981 1 Component State Change: Component \042alt0\042 is in the unavailable state (HWID=3320)
343504 node-79 unix.hw state_change.unavailable 1084263981 1 Component State Change: Component \042alt0\042 is in the unavailable state (HWID=3388)
343503 node-118 unix.hw state_change.unavailable 1084263981 1 Component State Change: Component \042alt0\042 is in the unavailable state (HWID=3740)
343502 node-81 unix.hw state_change.unavailable 1084263981 1 Component State Change: Component \042alt0\042 is in the unavailable state (HWID=3528)
343501 node-114 unix.hw state_change.unavailable 1084263981 1 Component State Change: Component \042alt0\042 is in the unavailable state (HWID=3460)
343500 node-80 unix.hw state_change.unavailable 1084263981 1 Component State Change: Component \042alt0\042 is in the unavailable state (HWID=3458)
343499 node-117 unix.hw state_change.unavailable 1084263980 1 Component State Change: Component \042alt0\042 is in the unavailable state (HWID=3670)
343498 node-82 unix.hw state_change.unavailable 1084263980 1 Component State Change: Component \042alt0\042 is in the unavailable state (HWID=3598)
343497 node-123 unix.hw state_change.unavailable 1084263980 1 Component State Change: Component \042alt0\042 is in the unavailable state (HWID=4020)
343496 node-85 unix.hw state_change.unavailable 1084263980 1 Component State Change: Component \042alt0\042 is in the unavailable state (HWID=3808)
343495 node-121 unix.hw state_change.unavailable 1084263980 1 Component State Change: Component \042alt0\042 is in the unavailable state (HWID=3950)
343494 node-83 unix.hw state_change.unavailable 1084263980 1 Component State Change: Component \042alt0\042 is in the unavailable state (HWID=3668)
343493 node-120 unix.hw state_change.unavailable 1084263980 1 Component State Change: Component \042alt0\042 is in the unavailable state (HWID=3880)
343492 node-86 unix.hw state_change.unavailable 1084263980 1 Component State Change: Component \042alt0\042 is in the unavailable state (HWID=3878)
343491 node-125 unix.hw state_change.unavailable 1084263980 1 Component State Change: Component \042alt0\042 is in the unavailable state (HWID=4234)
343490 node-84 unix.hw state_change.unavailable 1084263980 1 Component State Change: Component \042alt0\042 is in the unavailable state (HWID=3738)
343488 node-96 unix.hw state_change.unavailable 1084263980 1 Component State Change: Component \042alt0\042 is in the unavailable state (HWID=41)
343489 node-64 unix.hw state_change.unavailable 1084263980 1 Component State Change: Component \042alt0\042 is in the unavailable state (HWID=41)
343386 node-49 unix.hw state_change.unavailable 1084263558 1 Component State Change: Component \042alt0\042 is in the unavailable state (HWID=3528)
343385 node-51 unix.hw state_change.unavailable 1084263558 1 Component State Change: Component \042alt0\042 is in the unavailable state (HWID=3668)
343384 node-60 unix.hw state_change.unavailable 1084263558 1 Component State Change: Component \042alt0\042 is in the unavailable state (HWID=4228)
343383 node-48 unix.hw state_change.unavailable 1084263558 1 Component State Change: Component \042alt0\042 is in the unavailable state (HWID=3458)
343382 node-61 unix.hw state_change.unavailable 1084263558 1 Component State Change: Component \042alt0\042 is in the unavailable state (HWID=4372)
343381 node-40 unix.hw state_change.unavailable 1084263558 1 Component State Change: Component \042alt0\042 is in the unavailable state (HWID=2408)
343380 node-34 unix.hw state_change.unavailable 1084263558 1 Component State Change: Component \042alt0\042 is in the unavailable state (HWID=2688)
343379 node-39 unix.hw state_change.unavailable 1084263558 1 Component State Change: Component \042alt0\042 is in the unavailable state (HWID=2548)
343378 node-41 unix.hw state_change.unavailable 1084263558 1 Component State Change: Component \042alt0\042 is in the unavailable state (HWID=2968)
343377 node-36 unix.hw state_change.unavailable 1084263558 1 Component State Change: Component \042alt0\042 is in the unavailable state (HWID=2618)
343376 node-43 unix.hw state_change.unavailable 1084263558 1 Component State Change: Component \042alt0\042 is in the unavailable state (HWID=3108)
343375 node-38 unix.hw state_change.unavailable 1084263558 1 Component State Change: Component \042alt0\042 is in the unavailable state (HWID=2758)
343374 node-46 unix.hw state_change.unavailable 1084263558 1 Component State Change: Component \042alt0\042 is in the unavailable state (HWID=3318)
343373 node-33 unix.hw state_change.unavailable 1084263558 1 Component State Change: Component \042alt0\042 is in the unavailable state (HWID=4302)
343372 node-35 unix.hw state_change.unavailable 1084263558 1 Component State Change: Component \042alt0\042 is in the unavailable state (HWID=2898)
343371 node-44 unix.hw state_change.unavailable 1084263558 1 Component State Change: Component \042alt0\042 is in the unavailable state (HWID=3178)
343370 node-52 unix.hw state_change.unavailable 1084263558 1 Component State Change: Component \042alt0\042 is in the unavailable state (HWID=3738)
343369 node-55 unix.hw state_change.unavailable 1084263558 1 Component State Change: Component \042alt0\042 is in the unavailable state (HWID=3948)
343368 node-37 unix.hw state_change.unavailable 1084263558 1 Component State Change: Component \042alt0\042 is in the unavailable state (HWID=2478)
343367 node-45 unix.hw state_change.unavailable 1084263558 1 Component State Change: Component \042alt0\042 is in the unavailable state (HWID=3248)
343366 node-47 unix.hw state_change.unavailable 1084263557 1 Component State Change: Component \042alt0\042 is in the unavailable state (HWID=3388)
343365 node-53 unix.hw state_change.unavailable 1084263557 1 Component State Change: Component \042alt0\042 is in the unavailable state (HWID=3808)
343364 node-56 unix.hw state_change.unavailable 1084263557 1 Component State Change: Component \042alt0\042 is in the unavailable state (HWID=4018)
343363 node-42 unix.hw state_change.unavailable 1084263557 1 Component State Change: Component \042alt0\042 is in the unavailable state (HWID=3038)
343362 node-50 unix.hw state_change.unavailable 1084263557 1 Component State Change: Component \042alt0\042 is in the unavailable state (HWID=3598)
343361 node-57 unix.hw state_change.unavailable 1084263557 1 Component State Change: Component \042alt0\042 is in the unavailable state (HWID=4088)
343360 node-58 unix.hw state_change.unavailable 1084263557 1 Component State Change: Component \042alt0\042 is in the unavailable state (HWID=2828)
343359 node-54 unix.hw state_change.unavailable 1084263557 1 Component State Change: Component \042alt0\042 is in the unavailable state (HWID=3878)
343358 node-59 unix.hw state_change.unavailable 1084263557 1 Component State Change: Component \042alt0\042 is in the unavailable state (HWID=4158)
343357 node-63 unix.hw state_change.unavailable 1084263557 1 Component State Change: Component \042alt0\042 is in the unavailable state (HWID=4512)
343356 node-62 unix.hw state_change.unavailable 1084263557 1 Component State Change: Component \042alt0\042 is in the unavailable state (HWID=4442)
343354 node-32 unix.hw state_change.unavailable 1084263557 1 Component State Change: Component \042alt0\042 is in the unavailable state (HWID=41)
343355 node-ms0 unix.hw state_change.unavailable 1084263557 1 Component State Change: Component \042alt0\042 is in the unavailable state (HWID=61)
343343 node-35 unix.hw state_change.unavailable 1084263085 1 Component State Change: Component \042alt0\042 is in the unavailable state (HWID=2898)
343342 node-34 unix.hw state_change.unavailable 1084263085 1 Component State Change: Component \042alt0\042 is in the unavailable state (HWID=2688)
343341 node-32 unix.hw state_change.unavailable 1084263085 1 Component State Change: Component \042alt0\042 is in the unavailable state (HWID=41)
343337 node-34 unix.hw state_change.unavailable 1084263085 1 Component State Change: Component \042alt0\042 is in the unavailable state (HWID=2688)
343336 node-35 unix.hw state_change.unavailable 1084263085 1 Component State Change: Component \042alt0\042 is in the unavailable state (HWID=2898)
343335 node-32 unix.hw state_change.unavailable 1084263085 1 Component State Change: Component \042alt0\042 is in the unavailable state (HWID=41)
343327 node-34 unix.hw state_change.unavailable 1084262955 1 Component State Change: Component \042alt0\042 is in the unavailable state (HWID=2688)
343326 node-35 unix.hw state_change.unavailable 1084262955 1 Component State Change: Component \042alt0\042 is in the unavailable state (HWID=2898)
343325 node-32 unix.hw state_change.unavailable 1084262955 1 Component State Change: Component \042alt0\042 is in the unavailable state (HWID=41)
366739 node-201 unix.hw state_change.unavailable 1085101714 1 Component State Change: Component \042alt0\042 is in the unavailable state (HWID=3098)
366738 node-194 unix.hw state_change.unavailable 1085101714 1 Component State Change: Component \042alt0\042 is in the unavailable state (HWID=2818)
366737 node-193 unix.hw state_change.unavailable 1085101713 1 Component State Change: Component \042alt0\042 is in the unavailable state (HWID=4432)
366736 node-202 unix.hw state_change.unavailable 1085101713 1 Component State Change: Component \042alt0\042 is in the unavailable state (HWID=3168)
366735 node-203 unix.hw state_change.unavailable 1085101713 1 Component State Change: Component \042alt0\042 is in the unavailable state (HWID=3238)
366734 node-200 unix.hw state_change.unavailable 1085101713 1 Component State Change: Component \042alt0\042 is in the unavailable state (HWID=2538)
366733 node-199 unix.hw state_change.unavailable 1085101713 1 Component State Change: Component \042alt0\042 is in the unavailable state (HWID=2608)
366732 node-197 unix.hw state_change.unavailable 1085101713 1 Component State Change: Component \042alt0\042 is in the unavailable state (HWID=3028)
366731 node-195 unix.hw state_change.unavailable 1085101713 1 Component State Change: Component \042alt0\042 is in the unavailable state (HWID=2958)
366730 node-198 unix.hw state_change.unavailable 1085101713 1 Component State Change: Component \042alt0\042 is in the unavailable state (HWID=2748)
366729 node-196 unix.hw state_change.unavailable 1085101712 1 Component State Change: Component \042alt0\042 is in the unavailable state (HWID=2888)
366728 node-192 unix.hw state_change.unavailable 1085101712 1 Component State Change: Component \042alt0\042 is in the unavailable state (HWID=41)
366713 node-199 unix.hw state_change.unavailable 1085100923 1 Component State Change: Component \042alt0\042 is in the unavailable state (HWID=2608)
366712 node-200 unix.hw state_change.unavailable 1085100923 1 Component State Change: Component \042alt0\042 is in the unavailable state (HWID=2538)
366711 node-201 unix.hw state_change.unavailable 1085100923 1 Component State Change: Component \042alt0\042 is in the unavailable state (HWID=3098)
366710 node-193 unix.hw state_change.unavailable 1085100923 1 Component State Change: Component \042alt0\042 is in the unavailable state (HWID=4432)
366709 node-195 unix.hw state_change.unavailable 1085100923 1 Component State Change: Component \042alt0\042 is in the unavailable state (HWID=2958)
366708 node-203 unix.hw state_change.unavailable 1085100923 1 Component State Change: Component \042alt0\042 is in the unavailable state (HWID=3238)
366707 node-196 unix.hw state_change.unavailable 1085100922 1 Component State Change: Component \042alt0\042 is in the unavailable state (HWID=2888)
366706 node-198 unix.hw state_change.unavailable 1085100922 1 Component State Change: Component \042alt0\042 is in the unavailable state (HWID=2748)
366705 node-197 unix.hw state_change.unavailable 1085100922 1 Component State Change: Component \042alt0\042 is in the unavailable state (HWID=3028)
366704 node-202 unix.hw state_change.unavailable 1085100922 1 Component State Change: Component \042alt0\042 is in the unavailable state (HWID=3168)
366703 node-194 unix.hw state_change.unavailable 1085100922 1 Component State Change: Component \042alt0\042 is in the unavailable state (HWID=2818)
366702 node-192 unix.hw state_change.unavailable 1085100921 1 Component State Change: Component \042alt0\042 is in the unavailable state (HWID=41)
366689 node-198 unix.hw state_change.unavailable 1085100891 1 Component State Change: Component \042alt0\042 is in the unavailable state (HWID=2748)
366688 node-195 unix.hw state_change.unavailable 1085100891 1 Component State Change: Component \042alt0\042 is in the unavailable state (HWID=2958)
366687 node-193 unix.hw state_change.unavailable 1085100890 1 Component State Change: Component \042alt0\042 is in the unavailable state (HWID=4432)
366686 node-199 unix.hw state_change.unavailable 1085100890 1 Component State Change: Component \042alt0\042 is in the unavailable state (HWID=2608)
366685 node-201 unix.hw state_change.unavailable 1085100890 1 Component State Change: Component \042alt0\042 is in the unavailable state (HWID=3098)
366684 node-197 unix.hw state_change.unavailable 1085100890 1 Component State Change: Component \042alt0\042 is in the unavailable state (HWID=3028)
366683 node-196 unix.hw state_change.unavailable 1085100890 1 Component State Change: Component \042alt0\042 is in the unavailable state (HWID=2888)
366682 node-194 unix.hw state_change.unavailable 1085100890 1 Component State Change: Component \042alt0\042 is in the unavailable state (HWID=2818)
366681 node-203 unix.hw state_change.unavailable 1085100890 1 Component State Change: Component \042alt0\042 is in the unavailable state (HWID=3238)
366680 node-200 unix.hw state_change.unavailable 1085100890 1 Component State Change: Component \042alt0\042 is in the unavailable state (HWID=2538)
366679 node-202 unix.hw state_change.unavailable 1085100890 1 Component State Change: Component \042alt0\042 is in the unavailable state (HWID=3168)
366678 node-192 unix.hw state_change.unavailable 1085100889 1 Component State Change: Component \042alt0\042 is in the unavailable state (HWID=41)
366665 node-198 unix.hw state_change.unavailable 1085100856 1 Component State Change: Component \042alt0\042 is in the unavailable state (HWID=2748)
366664 node-193 unix.hw state_change.unavailable 1085100856 1 Component State Change: Component \042alt0\042 is in the unavailable state (HWID=4432)
366663 node-197 unix.hw state_change.unavailable 1085100856 1 Component State Change: Component \042alt0\042 is in the unavailable state (HWID=3028)
366662 node-201 unix.hw state_change.unavailable 1085100856 1 Component State Change: Component \042alt0\042 is in the unavailable state (HWID=3098)
366661 node-199 unix.hw state_change.unavailable 1085100856 1 Component State Change: Component \042alt0\042 is in the unavailable state (HWID=2608)
366660 node-194 unix.hw state_change.unavailable 1085100856 1 Component State Change: Component \042alt0\042 is in the unavailable state (HWID=2818)
366659 node-203 unix.hw state_change.unavailable 1085100856 1 Component State Change: Component \042alt0\042 is in the unavailable state (HWID=3238)
366658 node-196 unix.hw state_change.unavailable 1085100856 1 Component State Change: Component \042alt0\042 is in the unavailable state (HWID=2888)
366657 node-202 unix.hw state_change.unavailable 1085100856 1 Component State Change: Component \042alt0\042 is in the unavailable state (HWID=3168)
366656 node-200 unix.hw state_change.unavailable 1085100856 1 Component State Change: Component \042alt0\042 is in the unavailable state (HWID=2538)
366655 node-195 unix.hw state_change.unavailable 1085100855 1 Component State Change: Component \042alt0\042 is in the unavailable state (HWID=2958)
366654 node-192 unix.hw state_change.unavailable 1085100855 1 Component State Change: Component \042alt0\042 is in the unavailable state (HWID=41)
366641 node-193 unix.hw state_change.unavailable 1085100844 1 Component State Change: Component \042alt0\042 is in the unavailable state (HWID=4432)
366640 node-195 unix.hw state_change.unavailable 1085100844 1 Component State Change: Component \042alt0\042 is in the unavailable state (HWID=2958)
366639 node-201 unix.hw state_change.unavailable 1085100844 1 Component State Change: Component \042alt0\042 is in the unavailable state (HWID=3098)
366638 node-197 unix.hw state_change.unavailable 1085100844 1 Component State Change: Component \042alt0\042 is in the unavailable state (HWID=3028)
366637 node-196 unix.hw state_change.unavailable 1085100844 1 Component State Change: Component \042alt0\042 is in the unavailable state (HWID=2888)
366636 node-199 unix.hw state_change.unavailable 1085100844 1 Component State Change: Component \042alt0\042 is in the unavailable state (HWID=2608)
366635 node-202 unix.hw state_change.unavailable 1085100844 1 Component State Change: Component \042alt0\042 is in the unavailable state (HWID=3168)
366634 node-203 unix.hw state_change.unavailable 1085100844 1 Component State Change: Component \042alt0\042 is in the unavailable state (HWID=3238)
366633 node-200 unix.hw state_change.unavailable 1085100843 1 Component State Change: Component \042alt0\042 is in the unavailable state (HWID=2538)
366632 node-194 unix.hw state_change.unavailable 1085100843 1 Component State Change: Component \042alt0\042 is in the unavailable state (HWID=2818)
366631 node-198 unix.hw state_change.unavailable 1085100843 1 Component State Change: Component \042alt0\042 is in the unavailable state (HWID=2748)
366630 node-192 unix.hw state_change.unavailable 1085100843 1 Component State Change: Component \042alt0\042 is in the unavailable state (HWID=41)
366617 node-195 unix.hw state_change.unavailable 1085100843 1 Component State Change: Component \042alt0\042 is in the unavailable state (HWID=2958)
366616 node-193 unix.hw state_change.unavailable 1085100843 1 Component State Change: Component \042alt0\042 is in the unavailable state (HWID=4432)
366615 node-200 unix.hw state_change.unavailable 1085100843 1 Component State Change: Component \042alt0\042 is in the unavailable state (HWID=2538)
366614 node-201 unix.hw state_change.unavailable 1085100843 1 Component State Change: Component \042alt0\042 is in the unavailable state (HWID=3098)
366613 node-202 unix.hw state_change.unavailable 1085100842 1 Component State Change: Component \042alt0\042 is in the unavailable state (HWID=3168)
366612 node-203 unix.hw state_change.unavailable 1085100842 1 Component State Change: Component \042alt0\042 is in the unavailable state (HWID=3238)
366611 node-197 unix.hw state_change.unavailable 1085100842 1 Component State Change: Component \042alt0\042 is in the unavailable state (HWID=3028)
366610 node-199 unix.hw state_change.unavailable 1085100842 1 Component State Change: Component \042alt0\042 is in the unavailable state (HWID=2608)
366609 node-196 unix.hw state_change.unavailable 1085100842 1 Component State Change: Component \042alt0\042 is in the unavailable state (HWID=2888)
366608 node-194 unix.hw state_change.unavailable 1085100842 1 Component State Change: Component \042alt0\042 is in the unavailable state (HWID=2818)
366607 node-198 unix.hw state_change.unavailable 1085100842 1 Component State Change: Component \042alt0\042 is in the unavailable state (HWID=2748)
366606 node-192 unix.hw state_change.unavailable 1085100842 1 Component State Change: Component \042alt0\042 is in the unavailable state (HWID=41)
366593 node-200 unix.hw state_change.unavailable 1085100840 1 Component State Change: Component \042alt0\042 is in the unavailable state (HWID=2538)
366592 node-192 unix.hw state_change.unavailable 1085100840 1 Component State Change: Component \042alt0\042 is in the unavailable state (HWID=41)
366589 node-195 unix.hw state_change.unavailable 1085100840 1 Component State Change: Component \042alt0\042 is in the unavailable state (HWID=2958)
366588 node-198 unix.hw state_change.unavailable 1085100840 1 Component State Change: Component \042alt0\042 is in the unavailable state (HWID=2748)
366587 node-197 unix.hw state_change.unavailable 1085100840 1 Component State Change: Component \042alt0\042 is in the unavailable state (HWID=3028)
366586 node-201 unix.hw state_change.unavailable 1085100840 1 Component State Change: Component \042alt0\042 is in the unavailable state (HWID=3098)
366585 node-194 unix.hw state_change.unavailable 1085100840 1 Component State Change: Component \042alt0\042 is in the unavailable state (HWID=2818)
366584 node-193 unix.hw state_change.unavailable 1085100840 1 Component State Change: Component \042alt0\042 is in the unavailable state (HWID=4432)
366583 node-199 unix.hw state_change.unavailable 1085100840 1 Component State Change: Component \042alt0\042 is in the unavailable state (HWID=2608)
366582 node-200 unix.hw state_change.unavailable 1085100840 1 Component State Change: Component \042alt0\042 is in the unavailable state (HWID=2538)
366581 node-202 unix.hw state_change.unavailable 1085100840 1 Component State Change: Component \042alt0\042 is in the unavailable state (HWID=3168)
366580 node-203 unix.hw state_change.unavailable 1085100840 1 Component State Change: Component \042alt0\042 is in the unavailable state (HWID=3238)
366579 node-196 unix.hw state_change.unavailable 1085100840 1 Component State Change: Component \042alt0\042 is in the unavailable state (HWID=2888)
366578 node-192 unix.hw state_change.unavailable 1085100840 1 Component State Change: Component \042alt0\042 is in the unavailable state (HWID=41)
366566 node-202 unix.hw state_change.unavailable 1085100814 1 Component State Change: Component \042alt0\042 is in the unavailable state (HWID=3168)
366565 node-200 unix.hw state_change.unavailable 1085100814 1 Component State Change: Component \042alt0\042 is in the unavailable state (HWID=2538)
366564 node-203 unix.hw state_change.unavailable 1085100814 1 Component State Change: Component \042alt0\042 is in the unavailable state (HWID=3238)
366563 node-201 unix.hw state_change.unavailable 1085100814 1 Component State Change: Component \042alt0\042 is in the unavailable state (HWID=3098)
366562 node-193 unix.hw state_change.unavailable 1085100813 1 Component State Change: Component \042alt0\042 is in the unavailable state (HWID=4432)
366561 node-194 unix.hw state_change.unavailable 1085100813 1 Component State Change: Component \042alt0\042 is in the unavailable state (HWID=2818)
366560 node-197 unix.hw state_change.unavailable 1085100813 1 Component State Change: Component \042alt0\042 is in the unavailable state (HWID=3028)
366559 node-195 unix.hw state_change.unavailable 1085100813 1 Component State Change: Component \042alt0\042 is in the unavailable state (HWID=2958)
366558 node-196 unix.hw state_change.unavailable 1085100813 1 Component State Change: Component \042alt0\042 is in the unavailable state (HWID=2888)
366557 node-198 unix.hw state_change.unavailable 1085100813 1 Component State Change: Component \042alt0\042 is in the unavailable state (HWID=2748)
366556 node-192 unix.hw state_change.unavailable 1085100813 1 Component State Change: Component \042alt0\042 is in the unavailable state (HWID=41)
366549 node-193 unix.hw state_change.unavailable 1085100807 1 Component State Change: Component \042alt0\042 is in the unavailable state (HWID=4432)
366548 node-195 unix.hw state_change.unavailable 1085100807 1 Component State Change: Component \042alt0\042 is in the unavailable state (HWID=2958)
366547 node-198 unix.hw state_change.unavailable 1085100806 1 Component State Change: Component \042alt0\042 is in the unavailable state (HWID=2748)
366546 node-199 unix.hw state_change.unavailable 1085100806 1 Component State Change: Component \042alt0\042 is in the unavailable state (HWID=2608)
366545 node-203 unix.hw state_change.unavailable 1085100806 1 Component State Change: Component \042alt0\042 is in the unavailable state (HWID=3238)
366544 node-192 unix.hw state_change.unavailable 1085100806 1 Component State Change: Component \042alt0\042 is in the unavailable state (HWID=41)
366484 node-118 unix.hw state_change.unavailable 1085084674 1 Component State Change: Component \042alt0\042 is in the unavailable state (HWID=3740)
366483 node-127 unix.hw state_change.unavailable 1085084674 1 Component State Change: Component \042alt0\042 is in the unavailable state (HWID=4374)
366482 node-112 unix.hw state_change.unavailable 1085084674 1 Component State Change: Component \042alt0\042 is in the unavailable state (HWID=3390)
366481 node-126 unix.hw state_change.unavailable 1085084674 1 Component State Change: Component \042alt0\042 is in the unavailable state (HWID=4304)
366480 node-125 unix.hw state_change.unavailable 1085084674 1 Component State Change: Component \042alt0\042 is in the unavailable state (HWID=4234)
366479 node-124 unix.hw state_change.unavailable 1085084674 1 Component State Change: Component \042alt0\042 is in the unavailable state (HWID=4164)
366472 node-64 unix.hw state_change.unavailable 1085084674 1 Component State Change: Component \042alt0\042 is in the unavailable state (HWID=41)
366470 node-95 unix.hw state_change.unavailable 1085084674 1 Component State Change: Component \042alt0\042 is in the unavailable state (HWID=4512)
366464 node-123 unix.hw state_change.unavailable 1085084674 1 Component State Change: Component \042alt0\042 is in the unavailable state (HWID=4020)
366463 node-122 unix.hw state_change.unavailable 1085084674 1 Component State Change: Component \042alt0\042 is in the unavailable state (HWID=2480)
366462 node-120 unix.hw state_change.unavailable 1085084674 1 Component State Change: Component \042alt0\042 is in the unavailable state (HWID=3880)
366461 node-119 unix.hw state_change.unavailable 1085084674 1 Component State Change: Component \042alt0\042 is in the unavailable state (HWID=3810)
366460 node-121 unix.hw state_change.unavailable 1085084674 1 Component State Change: Component \042alt0\042 is in the unavailable state (HWID=3950)
366459 node-117 unix.hw state_change.unavailable 1085084674 1 Component State Change: Component \042alt0\042 is in the unavailable state (HWID=3670)
366458 node-116 unix.hw state_change.unavailable 1085084674 1 Component State Change: Component \042alt0\042 is in the unavailable state (HWID=3600)
366457 node-115 unix.hw state_change.unavailable 1085084674 1 Component State Change: Component \042alt0\042 is in the unavailable state (HWID=3530)
366456 node-114 unix.hw state_change.unavailable 1085084674 1 Component State Change: Component \042alt0\042 is in the unavailable state (HWID=3460)
366455 node-113 unix.hw state_change.unavailable 1085084674 1 Component State Change: Component \042alt0\042 is in the unavailable state (HWID=4514)
366446 node-92 unix.hw state_change.unavailable 1085084674 1 Component State Change: Component \042alt0\042 is in the unavailable state (HWID=4372)
366443 node-111 unix.hw state_change.unavailable 1085084674 1 Component State Change: Component \042alt0\042 is in the unavailable state (HWID=3320)
366440 node-110 unix.hw state_change.unavailable 1085084674 1 Component State Change: Component \042alt0\042 is in the unavailable state (HWID=3250)
366439 node-109 unix.hw state_change.unavailable 1085084674 1 Component State Change: Component \042alt0\042 is in the unavailable state (HWID=3180)
366438 node-108 unix.hw state_change.unavailable 1085084674 1 Component State Change: Component \042alt0\042 is in the unavailable state (HWID=4444)
366434 node-107 unix.hw state_change.unavailable 1085084674 1 Component State Change: Component \042alt0\042 is in the unavailable state (HWID=3110)
366432 node-106 unix.hw state_change.unavailable 1085084674 1 Component State Change: Component \042alt0\042 is in the unavailable state (HWID=3040)
366430 node-105 unix.hw state_change.unavailable 1085084674 1 Component State Change: Component \042alt0\042 is in the unavailable state (HWID=2970)
366428 node-104 unix.hw state_change.unavailable 1085084674 1 Component State Change: Component \042alt0\042 is in the unavailable state (HWID=2690)
366426 node-103 unix.hw state_change.unavailable 1085084674 1 Component State Change: Component \042alt0\042 is in the unavailable state (HWID=2410)
366425 node-88 unix.hw state_change.unavailable 1085084674 1 Component State Change: Component \042alt0\042 is in the unavailable state (HWID=4018)
366424 node-102 unix.hw state_change.unavailable 1085084674 1 Component State Change: Component \042alt0\042 is in the unavailable state (HWID=2620)
366423 node-94 unix.hw state_change.unavailable 1085084674 1 Component State Change: Component \042alt0\042 is in the unavailable state (HWID=4442)
366422 node-101 unix.hw state_change.unavailable 1085084674 1 Component State Change: Component \042alt0\042 is in the unavailable state (HWID=2550)
366421 node-93 unix.hw state_change.unavailable 1085084674 1 Component State Change: Component \042alt0\042 is in the unavailable state (HWID=4228)
366419 node-100 unix.hw state_change.unavailable 1085084674 1 Component State Change: Component \042alt0\042 is in the unavailable state (HWID=2900)
366420 node-91 unix.hw state_change.unavailable 1085084674 1 Component State Change: Component \042alt0\042 is in the unavailable state (HWID=4158)
366418 node-90 unix.hw state_change.unavailable 1085084674 1 Component State Change: Component \042alt0\042 is in the unavailable state (HWID=4778)
366416 node-89 unix.hw state_change.unavailable 1085084674 1 Component State Change: Component \042alt0\042 is in the unavailable state (HWID=4088)
366409 node-99 unix.hw state_change.unavailable 1085084673 1 Component State Change: Component \042alt0\042 is in the unavailable state (HWID=2830)
366407 node-98 unix.hw state_change.unavailable 1085084673 1 Component State Change: Component \042alt0\042 is in the unavailable state (HWID=2760)
366405 node-97 unix.hw state_change.unavailable 1085084673 1 Component State Change: Component \042alt0\042 is in the unavailable state (HWID=4094)
366403 node-96 unix.hw state_change.unavailable 1085084673 1 Component State Change: Component \042alt0\042 is in the unavailable state (HWID=41)
366397 node-87 unix.hw state_change.unavailable 1085084673 1 Component State Change: Component \042alt0\042 is in the unavailable state (HWID=3948)
366396 node-86 unix.hw state_change.unavailable 1085084673 1 Component State Change: Component \042alt0\042 is in the unavailable state (HWID=3878)
366395 node-85 unix.hw state_change.unavailable 1085084673 1 Component State Change: Component \042alt0\042 is in the unavailable state (HWID=3808)
366393 node-84 unix.hw state_change.unavailable 1085084673 1 Component State Change: Component \042alt0\042 is in the unavailable state (HWID=3738)
366392 node-83 unix.hw state_change.unavailable 1085084673 1 Component State Change: Component \042alt0\042 is in the unavailable state (HWID=3668)
366391 node-82 unix.hw state_change.unavailable 1085084673 1 Component State Change: Component \042alt0\042 is in the unavailable state (HWID=3598)
366390 node-81 unix.hw state_change.unavailable 1085084673 1 Component State Change: Component \042alt0\042 is in the unavailable state (HWID=3528)
366389 node-80 unix.hw state_change.unavailable 1085084673 1 Component State Change: Component \042alt0\042 is in the unavailable state (HWID=3458)
366388 node-79 unix.hw state_change.unavailable 1085084673 1 Component State Change: Component \042alt0\042 is in the unavailable state (HWID=3388)
366387 node-78 unix.hw state_change.unavailable 1085084673 1 Component State Change: Component \042alt0\042 is in the unavailable state (HWID=3318)
366386 node-77 unix.hw state_change.unavailable 1085084673 1 Component State Change: Component \042alt0\042 is in the unavailable state (HWID=3248)
366385 node-76 unix.hw state_change.unavailable 1085084673 1 Component State Change: Component \042alt0\042 is in the unavailable state (HWID=3178)
366374 node-75 unix.hw state_change.unavailable 1085084673 1 Component State Change: Component \042alt0\042 is in the unavailable state (HWID=3108)
366373 node-74 unix.hw state_change.unavailable 1085084673 1 Component State Change: Component \042alt0\042 is in the unavailable state (HWID=3038)
366372 node-73 unix.hw state_change.unavailable 1085084673 1 Component State Change: Component \042alt0\042 is in the unavailable state (HWID=2968)
366370 node-72 unix.hw state_change.unavailable 1085084673 1 Component State Change: Component \042alt0\042 is in the unavailable state (HWID=2688)
366369 node-71 unix.hw state_change.unavailable 1085084673 1 Component State Change: Component \042alt0\042 is in the unavailable state (HWID=2478)
366368 node-70 unix.hw state_change.unavailable 1085084673 1 Component State Change: Component \042alt0\042 is in the unavailable state (HWID=2828)
366367 node-69 unix.hw state_change.unavailable 1085084673 1 Component State Change: Component \042alt0\042 is in the unavailable state (HWID=2548)
366366 node-68 unix.hw state_change.unavailable 1085084673 1 Component State Change: Component \042alt0\042 is in the unavailable state (HWID=2758)
366365 node-67 unix.hw state_change.unavailable 1085084673 1 Component State Change: Component \042alt0\042 is in the unavailable state (HWID=2618)
366364 node-66 unix.hw state_change.unavailable 1085084673 1 Component State Change: Component \042alt0\042 is in the unavailable state (HWID=2408)
366363 node-65 unix.hw state_change.unavailable 1085084673 1 Component State Change: Component \042alt0\042 is in the unavailable state (HWID=4302)
366027 node-196 unix.hw state_change.unavailable 1085077339 1 Component State Change: Component \042alt0\042 is in the unavailable state (HWID=2888)
366026 node-195 unix.hw state_change.unavailable 1085077339 1 Component State Change: Component \042alt0\042 is in the unavailable state (HWID=2958)
366025 node-193 unix.hw state_change.unavailable 1085077339 1 Component State Change: Component \042alt0\042 is in the unavailable state (HWID=4432)
366024 node-198 unix.hw state_change.unavailable 1085077339 1 Component State Change: Component \042alt0\042 is in the unavailable state (HWID=2748)
366023 node-194 unix.hw state_change.unavailable 1085077339 1 Component State Change: Component \042alt0\042 is in the unavailable state (HWID=2818)
366022 node-200 unix.hw state_change.unavailable 1085077339 1 Component State Change: Component \042alt0\042 is in the unavailable state (HWID=2538)
366021 node-202 unix.hw state_change.unavailable 1085077339 1 Component State Change: Component \042alt0\042 is in the unavailable state (HWID=3168)
366020 node-197 unix.hw state_change.unavailable 1085077339 1 Component State Change: Component \042alt0\042 is in the unavailable state (HWID=3028)
366019 node-199 unix.hw state_change.unavailable 1085077339 1 Component State Change: Component \042alt0\042 is in the unavailable state (HWID=2608)
366018 node-201 unix.hw state_change.unavailable 1085077339 1 Component State Change: Component \042alt0\042 is in the unavailable state (HWID=3098)
366017 node-203 unix.hw state_change.unavailable 1085077339 1 Component State Change: Component \042alt0\042 is in the unavailable state (HWID=3238)
366016 node-192 unix.hw state_change.unavailable 1085077339 1 Component State Change: Component \042alt0\042 is in the unavailable state (HWID=41)
365127 node-100 unix.hw state_change.unavailable 1085075191 1 Component State Change: Component \042alt0\042 is in the unavailable state (HWID=2900)
365126 node-98 unix.hw state_change.unavailable 1085075191 1 Component State Change: Component \042alt0\042 is in the unavailable state (HWID=2760)
365125 node-108 unix.hw state_change.unavailable 1085075190 1 Component State Change: Component \042alt0\042 is in the unavailable state (HWID=4444)
365124 node-116 unix.hw state_change.unavailable 1085075190 1 Component State Change: Component \042alt0\042 is in the unavailable state (HWID=3600)
365123 node-104 unix.hw state_change.unavailable 1085075190 1 Component State Change: Component \042alt0\042 is in the unavailable state (HWID=2690)
365122 node-106 unix.hw state_change.unavailable 1085075190 1 Component State Change: Component \042alt0\042 is in the unavailable state (HWID=3040)
365121 node-111 unix.hw state_change.unavailable 1085075190 1 Component State Change: Component \042alt0\042 is in the unavailable state (HWID=3320)
365120 node-71 unix.hw state_change.unavailable 1085075190 1 Component State Change: Component \042alt0\042 is in the unavailable state (HWID=2478)
365118 node-113 unix.hw state_change.unavailable 1085075190 1 Component State Change: Component \042alt0\042 is in the unavailable state (HWID=4514)
365119 node-72 unix.hw state_change.unavailable 1085075190 1 Component State Change: Component \042alt0\042 is in the unavailable state (HWID=2688)
365117 node-91 unix.hw state_change.unavailable 1085075190 1 Component State Change: Component \042alt0\042 is in the unavailable state (HWID=4158)
365116 node-114 unix.hw state_change.unavailable 1085075190 1 Component State Change: Component \042alt0\042 is in the unavailable state (HWID=3460)
365115 node-75 unix.hw state_change.unavailable 1085075190 1 Component State Change: Component \042alt0\042 is in the unavailable state (HWID=3108)
365114 node-115 unix.hw state_change.unavailable 1085075190 1 Component State Change: Component \042alt0\042 is in the unavailable state (HWID=3530)
365113 node-77 unix.hw state_change.unavailable 1085075190 1 Component State Change: Component \042alt0\042 is in the unavailable state (HWID=3248)
365111 node-97 unix.hw state_change.unavailable 1085075190 1 Component State Change: Component \042alt0\042 is in the unavailable state (HWID=4094)
365112 node-86 unix.hw state_change.unavailable 1085075190 1 Component State Change: Component \042alt0\042 is in the unavailable state (HWID=3878)
365110 node-85 unix.hw state_change.unavailable 1085075190 1 Component State Change: Component \042alt0\042 is in the unavailable state (HWID=3808)
365109 node-126 unix.hw state_change.unavailable 1085075190 1 Component State Change: Component \042alt0\042 is in the unavailable state (HWID=4304)
365108 node-79 unix.hw state_change.unavailable 1085075190 1 Component State Change: Component \042alt0\042 is in the unavailable state (HWID=3388)
365107 node-118 unix.hw state_change.unavailable 1085075190 1 Component State Change: Component \042alt0\042 is in the unavailable state (HWID=3740)
365106 node-69 unix.hw state_change.unavailable 1085075190 1 Component State Change: Component \042alt0\042 is in the unavailable state (HWID=2548)
365104 node-123 unix.hw state_change.unavailable 1085075190 1 Component State Change: Component \042alt0\042 is in the unavailable state (HWID=4020)
365105 node-68 unix.hw state_change.unavailable 1085075190 1 Component State Change: Component \042alt0\042 is in the unavailable state (HWID=2758)
365102 node-119 unix.hw state_change.unavailable 1085075190 1 Component State Change: Component \042alt0\042 is in the unavailable state (HWID=3810)
365103 node-73 unix.hw state_change.unavailable 1085075190 1 Component State Change: Component \042alt0\042 is in the unavailable state (HWID=2968)
365101 node-70 unix.hw state_change.unavailable 1085075190 1 Component State Change: Component \042alt0\042 is in the unavailable state (HWID=2828)
365100 node-125 unix.hw state_change.unavailable 1085075190 1 Component State Change: Component \042alt0\042 is in the unavailable state (HWID=4234)
365099 node-74 unix.hw state_change.unavailable 1085075190 1 Component State Change: Component \042alt0\042 is in the unavailable state (HWID=3038)
365098 node-122 unix.hw state_change.unavailable 1085075190 1 Component State Change: Component \042alt0\042 is in the unavailable state (HWID=2480)
365097 node-88 unix.hw state_change.unavailable 1085075190 1 Component State Change: Component \042alt0\042 is in the unavailable state (HWID=4018)
365096 node-99 unix.hw state_change.unavailable 1085075190 1 Component State Change: Component \042alt0\042 is in the unavailable state (HWID=2830)
365095 node-89 unix.hw state_change.unavailable 1085075190 1 Component State Change: Component \042alt0\042 is in the unavailable state (HWID=4088)
365094 node-66 unix.hw state_change.unavailable 1085075190 1 Component State Change: Component \042alt0\042 is in the unavailable state (HWID=2408)
365093 node-105 unix.hw state_change.unavailable 1085075190 1 Component State Change: Component \042alt0\042 is in the unavailable state (HWID=2970)
365092 node-81 unix.hw state_change.unavailable 1085075190 1 Component State Change: Component \042alt0\042 is in the unavailable state (HWID=3528)
365091 node-102 unix.hw state_change.unavailable 1085075190 1 Component State Change: Component \042alt0\042 is in the unavailable state (HWID=2620)
365090 node-65 unix.hw state_change.unavailable 1085075190 1 Component State Change: Component \042alt0\042 is in the unavailable state (HWID=4302)
365089 node-103 unix.hw state_change.unavailable 1085075190 1 Component State Change: Component \042alt0\042 is in the unavailable state (HWID=2410)
365088 node-76 unix.hw state_change.unavailable 1085075190 1 Component State Change: Component \042alt0\042 is in the unavailable state (HWID=3178)
365087 node-90 unix.hw state_change.unavailable 1085075190 1 Component State Change: Component \042alt0\042 is in the unavailable state (HWID=4778)
365086 node-120 unix.hw state_change.unavailable 1085075190 1 Component State Change: Component \042alt0\042 is in the unavailable state (HWID=3880)
365085 node-93 unix.hw state_change.unavailable 1085075190 1 Component State Change: Component \042alt0\042 is in the unavailable state (HWID=4228)
365084 node-107 unix.hw state_change.unavailable 1085075190 1 Component State Change: Component \042alt0\042 is in the unavailable state (HWID=3110)
365083 node-67 unix.hw state_change.unavailable 1085075190 1 Component State Change: Component \042alt0\042 is in the unavailable state (HWID=2618)
365081 node-110 unix.hw state_change.unavailable 1085075190 1 Component State Change: Component \042alt0\042 is in the unavailable state (HWID=3250)
365082 node-78 unix.hw state_change.unavailable 1085075190 1 Component State Change: Component \042alt0\042 is in the unavailable state (HWID=3318)
365080 node-94 unix.hw state_change.unavailable 1085075190 1 Component State Change: Component \042alt0\042 is in the unavailable state (HWID=4442)
365079 node-124 unix.hw state_change.unavailable 1085075190 1 Component State Change: Component \042alt0\042 is in the unavailable state (HWID=4164)
365078 node-95 unix.hw state_change.unavailable 1085075190 1 Component State Change: Component \042alt0\042 is in the unavailable state (HWID=4512)
365077 node-117 unix.hw state_change.unavailable 1085075190 1 Component State Change: Component \042alt0\042 is in the unavailable state (HWID=3670)
365076 node-80 unix.hw state_change.unavailable 1085075190 1 Component State Change: Component \042alt0\042 is in the unavailable state (HWID=3458)
365075 node-121 unix.hw state_change.unavailable 1085075190 1 Component State Change: Component \042alt0\042 is in the unavailable state (HWID=3950)
365074 node-82 unix.hw state_change.unavailable 1085075190 1 Component State Change: Component \042alt0\042 is in the unavailable state (HWID=3598)
365073 node-84 unix.hw state_change.unavailable 1085075190 1 Component State Change: Component \042alt0\042 is in the unavailable state (HWID=3738)
365072 node-101 unix.hw state_change.unavailable 1085075190 1 Component State Change: Component \042alt0\042 is in the unavailable state (HWID=2550)
365071 node-83 unix.hw state_change.unavailable 1085075190 1 Component State Change: Component \042alt0\042 is in the unavailable state (HWID=3668)
365070 node-109 unix.hw state_change.unavailable 1085075190 1 Component State Change: Component \042alt0\042 is in the unavailable state (HWID=3180)
365069 node-87 unix.hw state_change.unavailable 1085075190 1 Component State Change: Component \042alt0\042 is in the unavailable state (HWID=3948)
365068 node-127 unix.hw state_change.unavailable 1085075190 1 Component State Change: Component \042alt0\042 is in the unavailable state (HWID=4374)
365067 node-92 unix.hw state_change.unavailable 1085075190 1 Component State Change: Component \042alt0\042 is in the unavailable state (HWID=4372)
365065 node-96 unix.hw state_change.unavailable 1085075190 1 Component State Change: Component \042alt0\042 is in the unavailable state (HWID=41)
365066 node-64 unix.hw state_change.unavailable 1085075190 1 Component State Change: Component \042alt0\042 is in the unavailable state (HWID=41)
371045 node-199 unix.hw state_change.unavailable 1085749433 1 Component State Change: Component \042alt0\042 is in the unavailable state (HWID=2608)
371044 node-202 unix.hw state_change.unavailable 1085749433 1 Component State Change: Component \042alt0\042 is in the unavailable state (HWID=3168)
371043 node-203 unix.hw state_change.unavailable 1085749432 1 Component State Change: Component \042alt0\042 is in the unavailable state (HWID=3238)
371042 node-193 unix.hw state_change.unavailable 1085749432 1 Component State Change: Component \042alt0\042 is in the unavailable state (HWID=4432)
371041 node-201 unix.hw state_change.unavailable 1085749432 1 Component State Change: Component \042alt0\042 is in the unavailable state (HWID=3098)
371040 node-194 unix.hw state_change.unavailable 1085749432 1 Component State Change: Component \042alt0\042 is in the unavailable state (HWID=2818)
371039 node-200 unix.hw state_change.unavailable 1085749432 1 Component State Change: Component \042alt0\042 is in the unavailable state (HWID=2538)
371038 node-196 unix.hw state_change.unavailable 1085749432 1 Component State Change: Component \042alt0\042 is in the unavailable state (HWID=2888)
371037 node-198 unix.hw state_change.unavailable 1085749432 1 Component State Change: Component \042alt0\042 is in the unavailable state (HWID=2748)
371036 node-195 unix.hw state_change.unavailable 1085749432 1 Component State Change: Component \042alt0\042 is in the unavailable state (HWID=2958)
371035 node-197 unix.hw state_change.unavailable 1085749432 1 Component State Change: Component \042alt0\042 is in the unavailable state (HWID=3028)
371034 node-192 unix.hw state_change.unavailable 1085749432 1 Component State Change: Component \042alt0\042 is in the unavailable state (HWID=41)
371021 node-194 unix.hw state_change.unavailable 1085748994 1 Component State Change: Component \042alt0\042 is in the unavailable state (HWID=2818)
371020 node-200 unix.hw state_change.unavailable 1085748994 1 Component State Change: Component \042alt0\042 is in the unavailable state (HWID=2538)
371019 node-202 unix.hw state_change.unavailable 1085748994 1 Component State Change: Component \042alt0\042 is in the unavailable state (HWID=3168)
371018 node-203 unix.hw state_change.unavailable 1085748994 1 Component State Change: Component \042alt0\042 is in the unavailable state (HWID=3238)
371017 node-197 unix.hw state_change.unavailable 1085748994 1 Component State Change: Component \042alt0\042 is in the unavailable state (HWID=3028)
371016 node-196 unix.hw state_change.unavailable 1085748994 1 Component State Change: Component \042alt0\042 is in the unavailable state (HWID=2888)
371015 node-198 unix.hw state_change.unavailable 1085748994 1 Component State Change: Component \042alt0\042 is in the unavailable state (HWID=2748)
371014 node-199 unix.hw state_change.unavailable 1085748994 1 Component State Change: Component \042alt0\042 is in the unavailable state (HWID=2608)
371013 node-192 unix.hw state_change.unavailable 1085748994 1 Component State Change: Component \042alt0\042 is in the unavailable state (HWID=41)
371003 node-195 unix.hw state_change.unavailable 1085748994 1 Component State Change: Component \042alt0\042 is in the unavailable state (HWID=2958)
371002 node-194 unix.hw state_change.unavailable 1085748993 1 Component State Change: Component \042alt0\042 is in the unavailable state (HWID=2818)
371001 node-197 unix.hw state_change.unavailable 1085748993 1 Component State Change: Component \042alt0\042 is in the unavailable state (HWID=3028)
371000 node-196 unix.hw state_change.unavailable 1085748993 1 Component State Change: Component \042alt0\042 is in the unavailable state (HWID=2888)
370999 node-193 unix.hw state_change.unavailable 1085748993 1 Component State Change: Component \042alt0\042 is in the unavailable state (HWID=4432)
370998 node-199 unix.hw state_change.unavailable 1085748993 1 Component State Change: Component \042alt0\042 is in the unavailable state (HWID=2608)
370997 node-202 unix.hw state_change.unavailable 1085748993 1 Component State Change: Component \042alt0\042 is in the unavailable state (HWID=3168)
370996 node-198 unix.hw state_change.unavailable 1085748993 1 Component State Change: Component \042alt0\042 is in the unavailable state (HWID=2748)
370995 node-201 unix.hw state_change.unavailable 1085748993 1 Component State Change: Component \042alt0\042 is in the unavailable state (HWID=3098)
370994 node-200 unix.hw state_change.unavailable 1085748993 1 Component State Change: Component \042alt0\042 is in the unavailable state (HWID=2538)
370993 node-203 unix.hw state_change.unavailable 1085748993 1 Component State Change: Component \042alt0\042 is in the unavailable state (HWID=3238)
370992 node-192 unix.hw state_change.unavailable 1085748993 1 Component State Change: Component \042alt0\042 is in the unavailable state (HWID=41)
370949 node-199 unix.hw state_change.unavailable 1085737428 1 Component State Change: Component \042alt0\042 is in the unavailable state (HWID=2608)
370948 node-197 unix.hw state_change.unavailable 1085737428 1 Component State Change: Component \042alt0\042 is in the unavailable state (HWID=3028)
370947 node-201 unix.hw state_change.unavailable 1085737428 1 Component State Change: Component \042alt0\042 is in the unavailable state (HWID=3098)
370946 node-200 unix.hw state_change.unavailable 1085737428 1 Component State Change: Component \042alt0\042 is in the unavailable state (HWID=2538)
370945 node-203 unix.hw state_change.unavailable 1085737428 1 Component State Change: Component \042alt0\042 is in the unavailable state (HWID=3238)
370944 node-196 unix.hw state_change.unavailable 1085737428 1 Component State Change: Component \042alt0\042 is in the unavailable state (HWID=2888)
370937 node-201 unix.hw state_change.unavailable 1085737428 1 Component State Change: Component \042alt0\042 is in the unavailable state (HWID=3098)
370936 node-198 unix.hw state_change.unavailable 1085737428 1 Component State Change: Component \042alt0\042 is in the unavailable state (HWID=2748)
370935 node-203 unix.hw state_change.unavailable 1085737428 1 Component State Change: Component \042alt0\042 is in the unavailable state (HWID=3238)
370934 node-202 unix.hw state_change.unavailable 1085737428 1 Component State Change: Component \042alt0\042 is in the unavailable state (HWID=3168)
370933 node-193 unix.hw state_change.unavailable 1085737428 1 Component State Change: Component \042alt0\042 is in the unavailable state (HWID=4432)
370932 node-195 unix.hw state_change.unavailable 1085737428 1 Component State Change: Component \042alt0\042 is in the unavailable state (HWID=2958)
370931 node-192 unix.hw state_change.unavailable 1085737428 1 Component State Change: Component \042alt0\042 is in the unavailable state (HWID=41)
370923 node-200 unix.hw state_change.unavailable 1085737427 1 Component State Change: Component \042alt0\042 is in the unavailable state (HWID=2538)
370922 node-194 unix.hw state_change.unavailable 1085737427 1 Component State Change: Component \042alt0\042 is in the unavailable state (HWID=2818)
370919 node-202 unix.hw state_change.unavailable 1085737427 1 Component State Change: Component \042alt0\042 is in the unavailable state (HWID=3168)
370918 node-197 unix.hw state_change.unavailable 1085737427 1 Component State Change: Component \042alt0\042 is in the unavailable state (HWID=3028)
370917 node-196 unix.hw state_change.unavailable 1085737427 1 Component State Change: Component \042alt0\042 is in the unavailable state (HWID=2888)
370916 node-195 unix.hw state_change.unavailable 1085737427 1 Component State Change: Component \042alt0\042 is in the unavailable state (HWID=2958)
370915 node-198 unix.hw state_change.unavailable 1085737427 1 Component State Change: Component \042alt0\042 is in the unavailable state (HWID=2748)
370914 node-193 unix.hw state_change.unavailable 1085737427 1 Component State Change: Component \042alt0\042 is in the unavailable state (HWID=4432)
370913 node-199 unix.hw state_change.unavailable 1085737427 1 Component State Change: Component \042alt0\042 is in the unavailable state (HWID=2608)
370912 node-200 unix.hw state_change.unavailable 1085737427 1 Component State Change: Component \042alt0\042 is in the unavailable state (HWID=2538)
370911 node-203 unix.hw state_change.unavailable 1085737427 1 Component State Change: Component \042alt0\042 is in the unavailable state (HWID=3238)
370910 node-201 unix.hw state_change.unavailable 1085737427 1 Component State Change: Component \042alt0\042 is in the unavailable state (HWID=3098)
370909 node-194 unix.hw state_change.unavailable 1085737427 1 Component State Change: Component \042alt0\042 is in the unavailable state (HWID=2818)
370908 node-192 unix.hw state_change.unavailable 1085737427 1 Component State Change: Component \042alt0\042 is in the unavailable state (HWID=41)
370895 node-199 unix.hw state_change.unavailable 1085737385 1 Component State Change: Component \042alt0\042 is in the unavailable state (HWID=2608)
370894 node-193 unix.hw state_change.unavailable 1085737385 1 Component State Change: Component \042alt0\042 is in the unavailable state (HWID=4432)
370893 node-196 unix.hw state_change.unavailable 1085737385 1 Component State Change: Component \042alt0\042 is in the unavailable state (HWID=2888)
370892 node-195 unix.hw state_change.unavailable 1085737385 1 Component State Change: Component \042alt0\042 is in the unavailable state (HWID=2958)
370891 node-201 unix.hw state_change.unavailable 1085737385 1 Component State Change: Component \042alt0\042 is in the unavailable state (HWID=3098)
370890 node-203 unix.hw state_change.unavailable 1085737385 1 Component State Change: Component \042alt0\042 is in the unavailable state (HWID=3238)
370889 node-197 unix.hw state_change.unavailable 1085737385 1 Component State Change: Component \042alt0\042 is in the unavailable state (HWID=3028)
370888 node-198 unix.hw state_change.unavailable 1085737385 1 Component State Change: Component \042alt0\042 is in the unavailable state (HWID=2748)
370887 node-194 unix.hw state_change.unavailable 1085737385 1 Component State Change: Component \042alt0\042 is in the unavailable state (HWID=2818)
370886 node-202 unix.hw state_change.unavailable 1085737384 1 Component State Change: Component \042alt0\042 is in the unavailable state (HWID=3168)
370885 node-200 unix.hw state_change.unavailable 1085737384 1 Component State Change: Component \042alt0\042 is in the unavailable state (HWID=2538)
370884 node-192 unix.hw state_change.unavailable 1085737384 1 Component State Change: Component \042alt0\042 is in the unavailable state (HWID=41)
370871 node-203 unix.hw state_change.unavailable 1085737188 1 Component State Change: Component \042alt0\042 is in the unavailable state (HWID=3238)
370870 node-201 unix.hw state_change.unavailable 1085737188 1 Component State Change: Component \042alt0\042 is in the unavailable state (HWID=3098)
370869 node-200 unix.hw state_change.unavailable 1085737188 1 Component State Change: Component \042alt0\042 is in the unavailable state (HWID=2538)
370868 node-196 unix.hw state_change.unavailable 1085737188 1 Component State Change: Component \042alt0\042 is in the unavailable state (HWID=2888)
370867 node-198 unix.hw state_change.unavailable 1085737188 1 Component State Change: Component \042alt0\042 is in the unavailable state (HWID=2748)
370866 node-202 unix.hw state_change.unavailable 1085737188 1 Component State Change: Component \042alt0\042 is in the unavailable state (HWID=3168)
370865 node-193 unix.hw state_change.unavailable 1085737187 1 Component State Change: Component \042alt0\042 is in the unavailable state (HWID=4432)
370864 node-199 unix.hw state_change.unavailable 1085737187 1 Component State Change: Component \042alt0\042 is in the unavailable state (HWID=2608)
370863 node-194 unix.hw state_change.unavailable 1085737187 1 Component State Change: Component \042alt0\042 is in the unavailable state (HWID=2818)
370862 node-195 unix.hw state_change.unavailable 1085737187 1 Component State Change: Component \042alt0\042 is in the unavailable state (HWID=2958)
370861 node-197 unix.hw state_change.unavailable 1085737187 1 Component State Change: Component \042alt0\042 is in the unavailable state (HWID=3028)
370860 node-192 unix.hw state_change.unavailable 1085737187 1 Component State Change: Component \042alt0\042 is in the unavailable state (HWID=41)
370843 node-193 unix.hw state_change.unavailable 1085735928 1 Component State Change: Component \042alt0\042 is in the unavailable state (HWID=4432)
370842 node-202 unix.hw state_change.unavailable 1085735928 1 Component State Change: Component \042alt0\042 is in the unavailable state (HWID=3168)
370841 node-199 unix.hw state_change.unavailable 1085735928 1 Component State Change: Component \042alt0\042 is in the unavailable state (HWID=2608)
370840 node-195 unix.hw state_change.unavailable 1085735928 1 Component State Change: Component \042alt0\042 is in the unavailable state (HWID=2958)
370839 node-197 unix.hw state_change.unavailable 1085735928 1 Component State Change: Component \042alt0\042 is in the unavailable state (HWID=3028)
370838 node-198 unix.hw state_change.unavailable 1085735928 1 Component State Change: Component \042alt0\042 is in the unavailable state (HWID=2748)
370837 node-194 unix.hw state_change.unavailable 1085735928 1 Component State Change: Component \042alt0\042 is in the unavailable state (HWID=2818)
370836 node-200 unix.hw state_change.unavailable 1085735928 1 Component State Change: Component \042alt0\042 is in the unavailable state (HWID=2538)
370835 node-203 unix.hw state_change.unavailable 1085735928 1 Component State Change: Component \042alt0\042 is in the unavailable state (HWID=3238)
370834 node-201 unix.hw state_change.unavailable 1085735928 1 Component State Change: Component \042alt0\042 is in the unavailable state (HWID=3098)
370833 node-196 unix.hw state_change.unavailable 1085735928 1 Component State Change: Component \042alt0\042 is in the unavailable state (HWID=2888)
370832 node-192 unix.hw state_change.unavailable 1085735928 1 Component State Change: Component \042alt0\042 is in the unavailable state (HWID=41)
370819 node-193 unix.hw state_change.unavailable 1085735924 1 Component State Change: Component \042alt0\042 is in the unavailable state (HWID=4432)
370818 node-199 unix.hw state_change.unavailable 1085735924 1 Component State Change: Component \042alt0\042 is in the unavailable state (HWID=2608)
370817 node-202 unix.hw state_change.unavailable 1085735924 1 Component State Change: Component \042alt0\042 is in the unavailable state (HWID=3168)
370816 node-200 unix.hw state_change.unavailable 1085735924 1 Component State Change: Component \042alt0\042 is in the unavailable state (HWID=2538)
370815 node-197 unix.hw state_change.unavailable 1085735924 1 Component State Change: Component \042alt0\042 is in the unavailable state (HWID=3028)
370814 node-196 unix.hw state_change.unavailable 1085735924 1 Component State Change: Component \042alt0\042 is in the unavailable state (HWID=2888)
370813 node-195 unix.hw state_change.unavailable 1085735924 1 Component State Change: Component \042alt0\042 is in the unavailable state (HWID=2958)
370812 node-194 unix.hw state_change.unavailable 1085735923 1 Component State Change: Component \042alt0\042 is in the unavailable state (HWID=2818)
370811 node-203 unix.hw state_change.unavailable 1085735923 1 Component State Change: Component \042alt0\042 is in the unavailable state (HWID=3238)
370810 node-198 unix.hw state_change.unavailable 1085735923 1 Component State Change: Component \042alt0\042 is in the unavailable state (HWID=2748)
370809 node-201 unix.hw state_change.unavailable 1085735922 1 Component State Change: Component \042alt0\042 is in the unavailable state (HWID=3098)
370808 node-192 unix.hw state_change.unavailable 1085735922 1 Component State Change: Component \042alt0\042 is in the unavailable state (HWID=41)
370796 node-199 unix.hw state_change.unavailable 1085735777 1 Component State Change: Component \042alt0\042 is in the unavailable state (HWID=2608)
370795 node-195 unix.hw state_change.unavailable 1085735777 1 Component State Change: Component \042alt0\042 is in the unavailable state (HWID=2958)
370794 node-202 unix.hw state_change.unavailable 1085735777 1 Component State Change: Component \042alt0\042 is in the unavailable state (HWID=3168)
370793 node-201 unix.hw state_change.unavailable 1085735777 1 Component State Change: Component \042alt0\042 is in the unavailable state (HWID=3098)
370792 node-200 unix.hw state_change.unavailable 1085735777 1 Component State Change: Component \042alt0\042 is in the unavailable state (HWID=2538)
370791 node-198 unix.hw state_change.unavailable 1085735777 1 Component State Change: Component \042alt0\042 is in the unavailable state (HWID=2748)
370790 node-197 unix.hw state_change.unavailable 1085735777 1 Component State Change: Component \042alt0\042 is in the unavailable state (HWID=3028)
370789 node-194 unix.hw state_change.unavailable 1085735777 1 Component State Change: Component \042alt0\042 is in the unavailable state (HWID=2818)
370788 node-203 unix.hw state_change.unavailable 1085735777 1 Component State Change: Component \042alt0\042 is in the unavailable state (HWID=3238)
370787 node-193 unix.hw state_change.unavailable 1085735777 1 Component State Change: Component \042alt0\042 is in the unavailable state (HWID=4432)
370786 node-192 unix.hw state_change.unavailable 1085735776 1 Component State Change: Component \042alt0\042 is in the unavailable state (HWID=41)
370773 node-193 unix.hw state_change.unavailable 1085735279 1 Component State Change: Component \042alt0\042 is in the unavailable state (HWID=4432)
370772 node-199 unix.hw state_change.unavailable 1085735279 1 Component State Change: Component \042alt0\042 is in the unavailable state (HWID=2608)
370771 node-202 unix.hw state_change.unavailable 1085735279 1 Component State Change: Component \042alt0\042 is in the unavailable state (HWID=3168)
370770 node-200 unix.hw state_change.unavailable 1085735279 1 Component State Change: Component \042alt0\042 is in the unavailable state (HWID=2538)
370769 node-201 unix.hw state_change.unavailable 1085735279 1 Component State Change: Component \042alt0\042 is in the unavailable state (HWID=3098)
370768 node-195 unix.hw state_change.unavailable 1085735279 1 Component State Change: Component \042alt0\042 is in the unavailable state (HWID=2958)
370767 node-203 unix.hw state_change.unavailable 1085735279 1 Component State Change: Component \042alt0\042 is in the unavailable state (HWID=3238)
370766 node-198 unix.hw state_change.unavailable 1085735279 1 Component State Change: Component \042alt0\042 is in the unavailable state (HWID=2748)
370765 node-194 unix.hw state_change.unavailable 1085735279 1 Component State Change: Component \042alt0\042 is in the unavailable state (HWID=2818)
370764 node-196 unix.hw state_change.unavailable 1085735278 1 Component State Change: Component \042alt0\042 is in the unavailable state (HWID=2888)
370763 node-197 unix.hw state_change.unavailable 1085735278 1 Component State Change: Component \042alt0\042 is in the unavailable state (HWID=3028)
370762 node-192 unix.hw state_change.unavailable 1085735278 1 Component State Change: Component \042alt0\042 is in the unavailable state (HWID=41)
370749 node-200 unix.hw state_change.unavailable 1085735271 1 Component State Change: Component \042alt0\042 is in the unavailable state (HWID=2538)
370748 node-198 unix.hw state_change.unavailable 1085735271 1 Component State Change: Component \042alt0\042 is in the unavailable state (HWID=2748)
370747 node-201 unix.hw state_change.unavailable 1085735271 1 Component State Change: Component \042alt0\042 is in the unavailable state (HWID=3098)
370746 node-197 unix.hw state_change.unavailable 1085735271 1 Component State Change: Component \042alt0\042 is in the unavailable state (HWID=3028)
370745 node-202 unix.hw state_change.unavailable 1085735271 1 Component State Change: Component \042alt0\042 is in the unavailable state (HWID=3168)
370744 node-199 unix.hw state_change.unavailable 1085735271 1 Component State Change: Component \042alt0\042 is in the unavailable state (HWID=2608)
370743 node-193 unix.hw state_change.unavailable 1085735271 1 Component State Change: Component \042alt0\042 is in the unavailable state (HWID=4432)
370742 node-195 unix.hw state_change.unavailable 1085735271 1 Component State Change: Component \042alt0\042 is in the unavailable state (HWID=2958)
370741 node-196 unix.hw state_change.unavailable 1085735271 1 Component State Change: Component \042alt0\042 is in the unavailable state (HWID=2888)
370740 node-194 unix.hw state_change.unavailable 1085735271 1 Component State Change: Component \042alt0\042 is in the unavailable state (HWID=2818)
370739 node-203 unix.hw state_change.unavailable 1085735271 1 Component State Change: Component \042alt0\042 is in the unavailable state (HWID=3238)
370738 node-192 unix.hw state_change.unavailable 1085735271 1 Component State Change: Component \042alt0\042 is in the unavailable state (HWID=41)
370725 node-193 unix.hw state_change.unavailable 1085735271 1 Component State Change: Component \042alt0\042 is in the unavailable state (HWID=4432)
370724 node-194 unix.hw state_change.unavailable 1085735271 1 Component State Change: Component \042alt0\042 is in the unavailable state (HWID=2818)
370723 node-195 unix.hw state_change.unavailable 1085735271 1 Component State Change: Component \042alt0\042 is in the unavailable state (HWID=2958)
370722 node-199 unix.hw state_change.unavailable 1085735271 1 Component State Change: Component \042alt0\042 is in the unavailable state (HWID=2608)
370721 node-200 unix.hw state_change.unavailable 1085735271 1 Component State Change: Component \042alt0\042 is in the unavailable state (HWID=2538)
370720 node-201 unix.hw state_change.unavailable 1085735271 1 Component State Change: Component \042alt0\042 is in the unavailable state (HWID=3098)
370719 node-202 unix.hw state_change.unavailable 1085735271 1 Component State Change: Component \042alt0\042 is in the unavailable state (HWID=3168)
370718 node-197 unix.hw state_change.unavailable 1085735270 1 Component State Change: Component \042alt0\042 is in the unavailable state (HWID=3028)
370717 node-198 unix.hw state_change.unavailable 1085735270 1 Component State Change: Component \042alt0\042 is in the unavailable state (HWID=2748)
370716 node-203 unix.hw state_change.unavailable 1085735270 1 Component State Change: Component \042alt0\042 is in the unavailable state (HWID=3238)
370715 node-196 unix.hw state_change.unavailable 1085735270 1 Component State Change: Component \042alt0\042 is in the unavailable state (HWID=2888)
370714 node-192 unix.hw state_change.unavailable 1085735270 1 Component State Change: Component \042alt0\042 is in the unavailable state (HWID=41)
370699 node-200 unix.hw state_change.unavailable 1085734642 1 Component State Change: Component \042alt0\042 is in the unavailable state (HWID=2538)
370698 node-202 unix.hw state_change.unavailable 1085734642 1 Component State Change: Component \042alt0\042 is in the unavailable state (HWID=3168)
370697 node-199 unix.hw state_change.unavailable 1085734642 1 Component State Change: Component \042alt0\042 is in the unavailable state (HWID=2608)
370696 node-193 unix.hw state_change.unavailable 1085734642 1 Component State Change: Component \042alt0\042 is in the unavailable state (HWID=4432)
370695 node-194 unix.hw state_change.unavailable 1085734642 1 Component State Change: Component \042alt0\042 is in the unavailable state (HWID=2818)
370694 node-197 unix.hw state_change.unavailable 1085734642 1 Component State Change: Component \042alt0\042 is in the unavailable state (HWID=3028)
370693 node-196 unix.hw state_change.unavailable 1085734642 1 Component State Change: Component \042alt0\042 is in the unavailable state (HWID=2888)
370692 node-201 unix.hw state_change.unavailable 1085734642 1 Component State Change: Component \042alt0\042 is in the unavailable state (HWID=3098)
370691 node-195 unix.hw state_change.unavailable 1085734642 1 Component State Change: Component \042alt0\042 is in the unavailable state (HWID=2958)
370690 node-203 unix.hw state_change.unavailable 1085734642 1 Component State Change: Component \042alt0\042 is in the unavailable state (HWID=3238)
370689 node-198 unix.hw state_change.unavailable 1085734642 1 Component State Change: Component \042alt0\042 is in the unavailable state (HWID=2748)
370688 node-192 unix.hw state_change.unavailable 1085734642 1 Component State Change: Component \042alt0\042 is in the unavailable state (HWID=41)
370675 node-194 unix.hw state_change.unavailable 1085734598 1 Component State Change: Component \042alt0\042 is in the unavailable state (HWID=2818)
370674 node-199 unix.hw state_change.unavailable 1085734598 1 Component State Change: Component \042alt0\042 is in the unavailable state (HWID=2608)
370673 node-200 unix.hw state_change.unavailable 1085734598 1 Component State Change: Component \042alt0\042 is in the unavailable state (HWID=2538)
370672 node-197 unix.hw state_change.unavailable 1085734598 1 Component State Change: Component \042alt0\042 is in the unavailable state (HWID=3028)
370671 node-195 unix.hw state_change.unavailable 1085734598 1 Component State Change: Component \042alt0\042 is in the unavailable state (HWID=2958)
370670 node-202 unix.hw state_change.unavailable 1085734598 1 Component State Change: Component \042alt0\042 is in the unavailable state (HWID=3168)
370669 node-196 unix.hw state_change.unavailable 1085734598 1 Component State Change: Component \042alt0\042 is in the unavailable state (HWID=2888)
370668 node-201 unix.hw state_change.unavailable 1085734598 1 Component State Change: Component \042alt0\042 is in the unavailable state (HWID=3098)
370667 node-203 unix.hw state_change.unavailable 1085734598 1 Component State Change: Component \042alt0\042 is in the unavailable state (HWID=3238)
370666 node-198 unix.hw state_change.unavailable 1085734598 1 Component State Change: Component \042alt0\042 is in the unavailable state (HWID=2748)
370665 node-193 unix.hw state_change.unavailable 1085734598 1 Component State Change: Component \042alt0\042 is in the unavailable state (HWID=4432)
370664 node-192 unix.hw state_change.unavailable 1085734597 1 Component State Change: Component \042alt0\042 is in the unavailable state (HWID=41)
370651 node-200 unix.hw state_change.unavailable 1085734428 1 Component State Change: Component \042alt0\042 is in the unavailable state (HWID=2538)
370650 node-193 unix.hw state_change.unavailable 1085734428 1 Component State Change: Component \042alt0\042 is in the unavailable state (HWID=4432)
370649 node-199 unix.hw state_change.unavailable 1085734428 1 Component State Change: Component \042alt0\042 is in the unavailable state (HWID=2608)
370648 node-195 unix.hw state_change.unavailable 1085734428 1 Component State Change: Component \042alt0\042 is in the unavailable state (HWID=2958)
370647 node-194 unix.hw state_change.unavailable 1085734428 1 Component State Change: Component \042alt0\042 is in the unavailable state (HWID=2818)
370646 node-202 unix.hw state_change.unavailable 1085734428 1 Component State Change: Component \042alt0\042 is in the unavailable state (HWID=3168)
370645 node-201 unix.hw state_change.unavailable 1085734428 1 Component State Change: Component \042alt0\042 is in the unavailable state (HWID=3098)
370644 node-198 unix.hw state_change.unavailable 1085734428 1 Component State Change: Component \042alt0\042 is in the unavailable state (HWID=2748)
370643 node-196 unix.hw state_change.unavailable 1085734428 1 Component State Change: Component \042alt0\042 is in the unavailable state (HWID=2888)
370642 node-197 unix.hw state_change.unavailable 1085734428 1 Component State Change: Component \042alt0\042 is in the unavailable state (HWID=3028)
370641 node-203 unix.hw state_change.unavailable 1085734428 1 Component State Change: Component \042alt0\042 is in the unavailable state (HWID=3238)
370640 node-192 unix.hw state_change.unavailable 1085734428 1 Component State Change: Component \042alt0\042 is in the unavailable state (HWID=41)
370627 node-193 unix.hw state_change.unavailable 1085734425 1 Component State Change: Component \042alt0\042 is in the unavailable state (HWID=4432)
370626 node-199 unix.hw state_change.unavailable 1085734425 1 Component State Change: Component \042alt0\042 is in the unavailable state (HWID=2608)
370625 node-201 unix.hw state_change.unavailable 1085734425 1 Component State Change: Component \042alt0\042 is in the unavailable state (HWID=3098)
370624 node-195 unix.hw state_change.unavailable 1085734425 1 Component State Change: Component \042alt0\042 is in the unavailable state (HWID=2958)
370623 node-203 unix.hw state_change.unavailable 1085734425 1 Component State Change: Component \042alt0\042 is in the unavailable state (HWID=3238)
370622 node-194 unix.hw state_change.unavailable 1085734425 1 Component State Change: Component \042alt0\042 is in the unavailable state (HWID=2818)
370621 node-196 unix.hw state_change.unavailable 1085734425 1 Component State Change: Component \042alt0\042 is in the unavailable state (HWID=2888)
370620 node-202 unix.hw state_change.unavailable 1085734425 1 Component State Change: Component \042alt0\042 is in the unavailable state (HWID=3168)
370619 node-198 unix.hw state_change.unavailable 1085734425 1 Component State Change: Component \042alt0\042 is in the unavailable state (HWID=2748)
370618 node-197 unix.hw state_change.unavailable 1085734425 1 Component State Change: Component \042alt0\042 is in the unavailable state (HWID=3028)
370617 node-200 unix.hw state_change.unavailable 1085734425 1 Component State Change: Component \042alt0\042 is in the unavailable state (HWID=2538)
370616 node-192 unix.hw state_change.unavailable 1085734425 1 Component State Change: Component \042alt0\042 is in the unavailable state (HWID=41)
370603 node-199 unix.hw state_change.unavailable 1085734422 1 Component State Change: Component \042alt0\042 is in the unavailable state (HWID=2608)
370602 node-196 unix.hw state_change.unavailable 1085734422 1 Component State Change: Component \042alt0\042 is in the unavailable state (HWID=2888)
370601 node-198 unix.hw state_change.unavailable 1085734421 1 Component State Change: Component \042alt0\042 is in the unavailable state (HWID=2748)
370600 node-200 unix.hw state_change.unavailable 1085734421 1 Component State Change: Component \042alt0\042 is in the unavailable state (HWID=2538)
370599 node-194 unix.hw state_change.unavailable 1085734421 1 Component State Change: Component \042alt0\042 is in the unavailable state (HWID=2818)
370598 node-202 unix.hw state_change.unavailable 1085734421 1 Component State Change: Component \042alt0\042 is in the unavailable state (HWID=3168)
370597 node-193 unix.hw state_change.unavailable 1085734421 1 Component State Change: Component \042alt0\042 is in the unavailable state (HWID=4432)
370596 node-195 unix.hw state_change.unavailable 1085734421 1 Component State Change: Component \042alt0\042 is in the unavailable state (HWID=2958)
370595 node-201 unix.hw state_change.unavailable 1085734421 1 Component State Change: Component \042alt0\042 is in the unavailable state (HWID=3098)
370594 node-203 unix.hw state_change.unavailable 1085734421 1 Component State Change: Component \042alt0\042 is in the unavailable state (HWID=3238)
370593 node-197 unix.hw state_change.unavailable 1085734421 1 Component State Change: Component \042alt0\042 is in the unavailable state (HWID=3028)
370592 node-192 unix.hw state_change.unavailable 1085734421 1 Component State Change: Component \042alt0\042 is in the unavailable state (HWID=41)
370579 node-198 unix.hw state_change.unavailable 1085734421 1 Component State Change: Component \042alt0\042 is in the unavailable state (HWID=2748)
370578 node-194 unix.hw state_change.unavailable 1085734421 1 Component State Change: Component \042alt0\042 is in the unavailable state (HWID=2818)
370577 node-199 unix.hw state_change.unavailable 1085734421 1 Component State Change: Component \042alt0\042 is in the unavailable state (HWID=2608)
370576 node-193 unix.hw state_change.unavailable 1085734421 1 Component State Change: Component \042alt0\042 is in the unavailable state (HWID=4432)
370575 node-195 unix.hw state_change.unavailable 1085734421 1 Component State Change: Component \042alt0\042 is in the unavailable state (HWID=2958)
370574 node-197 unix.hw state_change.unavailable 1085734421 1 Component State Change: Component \042alt0\042 is in the unavailable state (HWID=3028)
370573 node-201 unix.hw state_change.unavailable 1085734421 1 Component State Change: Component \042alt0\042 is in the unavailable state (HWID=3098)
370572 node-200 unix.hw state_change.unavailable 1085734420 1 Component State Change: Component \042alt0\042 is in the unavailable state (HWID=2538)
370571 node-203 unix.hw state_change.unavailable 1085734420 1 Component State Change: Component \042alt0\042 is in the unavailable state (HWID=3238)
370570 node-202 unix.hw state_change.unavailable 1085734420 1 Component State Change: Component \042alt0\042 is in the unavailable state (HWID=3168)
370569 node-196 unix.hw state_change.unavailable 1085734420 1 Component State Change: Component \042alt0\042 is in the unavailable state (HWID=2888)
370568 node-192 unix.hw state_change.unavailable 1085734420 1 Component State Change: Component \042alt0\042 is in the unavailable state (HWID=41)
370549 node-195 unix.hw state_change.unavailable 1085733338 1 Component State Change: Component \042alt0\042 is in the unavailable state (HWID=2958)
370548 node-193 unix.hw state_change.unavailable 1085733338 1 Component State Change: Component \042alt0\042 is in the unavailable state (HWID=4432)
370547 node-198 unix.hw state_change.unavailable 1085733338 1 Component State Change: Component \042alt0\042 is in the unavailable state (HWID=2748)
370546 node-197 unix.hw state_change.unavailable 1085733338 1 Component State Change: Component \042alt0\042 is in the unavailable state (HWID=3028)
370545 node-199 unix.hw state_change.unavailable 1085733338 1 Component State Change: Component \042alt0\042 is in the unavailable state (HWID=2608)
370544 node-194 unix.hw state_change.unavailable 1085733338 1 Component State Change: Component \042alt0\042 is in the unavailable state (HWID=2818)
370543 node-196 unix.hw state_change.unavailable 1085733338 1 Component State Change: Component \042alt0\042 is in the unavailable state (HWID=2888)
370542 node-202 unix.hw state_change.unavailable 1085733338 1 Component State Change: Component \042alt0\042 is in the unavailable state (HWID=3168)
370541 node-201 unix.hw state_change.unavailable 1085733338 1 Component State Change: Component \042alt0\042 is in the unavailable state (HWID=3098)
370540 node-203 unix.hw state_change.unavailable 1085733338 1 Component State Change: Component \042alt0\042 is in the unavailable state (HWID=3238)
370539 node-200 unix.hw state_change.unavailable 1085733338 1 Component State Change: Component \042alt0\042 is in the unavailable state (HWID=2538)
370538 node-192 unix.hw state_change.unavailable 1085733338 1 Component State Change: Component \042alt0\042 is in the unavailable state (HWID=41)
370525 node-200 unix.hw state_change.unavailable 1085733330 1 Component State Change: Component \042alt0\042 is in the unavailable state (HWID=2538)
370524 node-193 unix.hw state_change.unavailable 1085733330 1 Component State Change: Component \042alt0\042 is in the unavailable state (HWID=4432)
370523 node-199 unix.hw state_change.unavailable 1085733330 1 Component State Change: Component \042alt0\042 is in the unavailable state (HWID=2608)
370522 node-194 unix.hw state_change.unavailable 1085733330 1 Component State Change: Component \042alt0\042 is in the unavailable state (HWID=2818)
370521 node-198 unix.hw state_change.unavailable 1085733330 1 Component State Change: Component \042alt0\042 is in the unavailable state (HWID=2748)
370520 node-196 unix.hw state_change.unavailable 1085733330 1 Component State Change: Component \042alt0\042 is in the unavailable state (HWID=2888)
370519 node-201 unix.hw state_change.unavailable 1085733330 1 Component State Change: Component \042alt0\042 is in the unavailable state (HWID=3098)
370518 node-195 unix.hw state_change.unavailable 1085733330 1 Component State Change: Component \042alt0\042 is in the unavailable state (HWID=2958)
370517 node-197 unix.hw state_change.unavailable 1085733330 1 Component State Change: Component \042alt0\042 is in the unavailable state (HWID=3028)
370516 node-202 unix.hw state_change.unavailable 1085733330 1 Component State Change: Component \042alt0\042 is in the unavailable state (HWID=3168)
370515 node-203 unix.hw state_change.unavailable 1085733330 1 Component State Change: Component \042alt0\042 is in the unavailable state (HWID=3238)
370514 node-192 unix.hw state_change.unavailable 1085733330 1 Component State Change: Component \042alt0\042 is in the unavailable state (HWID=41)
370493 node-199 unix.hw state_change.unavailable 1085730972 1 Component State Change: Component \042alt0\042 is in the unavailable state (HWID=2608)
370492 node-193 unix.hw state_change.unavailable 1085730972 1 Component State Change: Component \042alt0\042 is in the unavailable state (HWID=4432)
370491 node-194 unix.hw state_change.unavailable 1085730972 1 Component State Change: Component \042alt0\042 is in the unavailable state (HWID=2818)
370490 node-200 unix.hw state_change.unavailable 1085730972 1 Component State Change: Component \042alt0\042 is in the unavailable state (HWID=2538)
370489 node-197 unix.hw state_change.unavailable 1085730972 1 Component State Change: Component \042alt0\042 is in the unavailable state (HWID=3028)
370488 node-195 unix.hw state_change.unavailable 1085730972 1 Component State Change: Component \042alt0\042 is in the unavailable state (HWID=2958)
370487 node-198 unix.hw state_change.unavailable 1085730972 1 Component State Change: Component \042alt0\042 is in the unavailable state (HWID=2748)
370486 node-202 unix.hw state_change.unavailable 1085730972 1 Component State Change: Component \042alt0\042 is in the unavailable state (HWID=3168)
370485 node-196 unix.hw state_change.unavailable 1085730972 1 Component State Change: Component \042alt0\042 is in the unavailable state (HWID=2888)
370484 node-201 unix.hw state_change.unavailable 1085730972 1 Component State Change: Component \042alt0\042 is in the unavailable state (HWID=3098)
370483 node-203 unix.hw state_change.unavailable 1085730972 1 Component State Change: Component \042alt0\042 is in the unavailable state (HWID=3238)
370482 node-192 unix.hw state_change.unavailable 1085730972 1 Component State Change: Component \042alt0\042 is in the unavailable state (HWID=41)
370469 node-193 unix.hw state_change.unavailable 1085730925 1 Component State Change: Component \042alt0\042 is in the unavailable state (HWID=4432)
370468 node-199 unix.hw state_change.unavailable 1085730925 1 Component State Change: Component \042alt0\042 is in the unavailable state (HWID=2608)
370467 node-200 unix.hw state_change.unavailable 1085730925 1 Component State Change: Component \042alt0\042 is in the unavailable state (HWID=2538)
370466 node-194 unix.hw state_change.unavailable 1085730925 1 Component State Change: Component \042alt0\042 is in the unavailable state (HWID=2818)
370465 node-198 unix.hw state_change.unavailable 1085730925 1 Component State Change: Component \042alt0\042 is in the unavailable state (HWID=2748)
370464 node-197 unix.hw state_change.unavailable 1085730925 1 Component State Change: Component \042alt0\042 is in the unavailable state (HWID=3028)
370463 node-195 unix.hw state_change.unavailable 1085730925 1 Component State Change: Component \042alt0\042 is in the unavailable state (HWID=2958)
370462 node-202 unix.hw state_change.unavailable 1085730925 1 Component State Change: Component \042alt0\042 is in the unavailable state (HWID=3168)
370461 node-201 unix.hw state_change.unavailable 1085730925 1 Component State Change: Component \042alt0\042 is in the unavailable state (HWID=3098)
370460 node-196 unix.hw state_change.unavailable 1085730925 1 Component State Change: Component \042alt0\042 is in the unavailable state (HWID=2888)
370459 node-203 unix.hw state_change.unavailable 1085730925 1 Component State Change: Component \042alt0\042 is in the unavailable state (HWID=3238)
370458 node-192 unix.hw state_change.unavailable 1085730925 1 Component State Change: Component \042alt0\042 is in the unavailable state (HWID=41)
370440 node-200 unix.hw state_change.unavailable 1085727963 1 Component State Change: Component \042alt0\042 is in the unavailable state (HWID=2538)
370439 node-199 unix.hw state_change.unavailable 1085727963 1 Component State Change: Component \042alt0\042 is in the unavailable state (HWID=2608)
370438 node-193 unix.hw state_change.unavailable 1085727963 1 Component State Change: Component \042alt0\042 is in the unavailable state (HWID=4432)
370437 node-198 unix.hw state_change.unavailable 1085727963 1 Component State Change: Component \042alt0\042 is in the unavailable state (HWID=2748)
370436 node-202 unix.hw state_change.unavailable 1085727963 1 Component State Change: Component \042alt0\042 is in the unavailable state (HWID=3168)
370435 node-203 unix.hw state_change.unavailable 1085727963 1 Component State Change: Component \042alt0\042 is in the unavailable state (HWID=3238)
370434 node-201 unix.hw state_change.unavailable 1085727963 1 Component State Change: Component \042alt0\042 is in the unavailable state (HWID=3098)
370433 node-195 unix.hw state_change.unavailable 1085727963 1 Component State Change: Component \042alt0\042 is in the unavailable state (HWID=2958)
370432 node-197 unix.hw state_change.unavailable 1085727963 1 Component State Change: Component \042alt0\042 is in the unavailable state (HWID=3028)
370419 node-199 unix.hw state_change.unavailable 1085727963 1 Component State Change: Component \042alt0\042 is in the unavailable state (HWID=2608)
370418 node-193 unix.hw state_change.unavailable 1085727963 1 Component State Change: Component \042alt0\042 is in the unavailable state (HWID=4432)
370417 node-197 unix.hw state_change.unavailable 1085727963 1 Component State Change: Component \042alt0\042 is in the unavailable state (HWID=3028)
370416 node-201 unix.hw state_change.unavailable 1085727963 1 Component State Change: Component \042alt0\042 is in the unavailable state (HWID=3098)
370415 node-203 unix.hw state_change.unavailable 1085727963 1 Component State Change: Component \042alt0\042 is in the unavailable state (HWID=3238)
370414 node-198 unix.hw state_change.unavailable 1085727963 1 Component State Change: Component \042alt0\042 is in the unavailable state (HWID=2748)
370413 node-202 unix.hw state_change.unavailable 1085727963 1 Component State Change: Component \042alt0\042 is in the unavailable state (HWID=3168)
370412 node-195 unix.hw state_change.unavailable 1085727963 1 Component State Change: Component \042alt0\042 is in the unavailable state (HWID=2958)
370411 node-194 unix.hw state_change.unavailable 1085727963 1 Component State Change: Component \042alt0\042 is in the unavailable state (HWID=2818)
370410 node-196 unix.hw state_change.unavailable 1085727963 1 Component State Change: Component \042alt0\042 is in the unavailable state (HWID=2888)
