Jul  1 09:00:55 calvisitor-10-105-160-95 kernel[0]: AppleThunderboltNHIType2::prePCIWake - power up complete - took 2 us
Jul  1 09:00:55 calvisitor-10-105-160-95 kernel[0]: AppleThunderboltGenericHAL::earlyWake - complete - took 0 milliseconds
Jul  1 09:00:55 calvisitor-10-105-160-95 kernel[0]: AirPort: Link Down on awdl0. Reason 1 (Unspecified).
Jul  1 09:00:55 calvisitor-10-105-160-95 kernel[0]: ARPT: 620651.021206: wl0: wl_update_tcpkeep_seq: Original Seq: 2477329075, Ack: 1662858865, Win size: 4096
Jul  1 09:00:55 calvisitor-10-105-160-95 kernel[0]: Bluetooth -- LE is supported - Disable LE meta event
Jul  1 09:00:55 calvisitor-10-105-160-95 kernel[0]: ARPT: 620651.021235: wl0: wl_update_tcpkeep_seq: Updated seq/ack/win from UserClient Seq 2477329075, Ack 1662858865, Win size 278
Jul  1 09:00:55 calvisitor-10-105-160-95 kernel[0]: ARPT: 620651.021264: wl0: leaveModulePoweredForOffloads: Wi-Fi will stay on.
Jul  1 09:00:55 calvisitor-10-105-160-95 kernel[0]: ARPT: 620651.047545: AirPort_Brcm43xx::platformWoWEnable: WWEN[enable]
Jul  1 09:00:55 calvisitor-10-105-160-95 kernel[0]: ARPT: 620651.048430: AirPort_Brcm43xx::syncPowerState: WWEN[enabled]
Jul  1 09:00:55 calvisitor-10-105-160-95 kernel[0]: IOThunderboltSwitch<0>(0x0)::listenerCallback - Thunderbolt HPD packet for route = 0x0 port = 11 unplug = 0
Jul  1 09:00:55 calvisitor-10-105-160-95 kernel[0]: IOThunderboltSwitch<0>(0x0)::listenerCallback - Thunderbolt HPD packet for route = 0x0 port = 12 unplug = 0
Jul  1 09:00:55 calvisitor-10-105-160-95 kernel[0]: AppleCamIn::systemWakeCall - messageType = 0xE0000340
Jul  1 08:58:36 calvisitor-10-105-160-95 kernel[0]: AppleThunderboltNHIType2::waitForOk2Go2Sx - intel_rp = 1 dlla_reporting_supported = 0
Jul  1 09:00:55 calvisitor-10-105-160-95 kernel[0]: AppleThunderboltNHIType2::waitForOk2Go2Sx - retries = 6
Jul  1 09:00:55 calvisitor-10-105-160-95 kernel[0]: Wake reason: ?
Jul  1 09:00:55 calvisitor-10-105-160-95 kernel[0]: AppleCamIn::systemWakeCall - messageType = 0xE0000340
Jul  1 09:00:55 calvisitor-10-105-160-95 kernel[0]: AppleCamIn::wakeEventHandlerThread
Jul  1 09:00:55 calvisitor-10-105-160-95 kernel[0]: RTC: PowerByCalendarDate setting ignored
Jul  1 09:00:55 calvisitor-10-105-160-95 kernel[0]: Previous sleep cause: 5
Jul  1 09:00:55 calvisitor-10-105-160-95 kernel[0]: AppleThunderboltNHIType2::prePCIWake - power up complete - took 1 us
Jul  1 09:00:55 calvisitor-10-105-160-95 kernel[0]: AppleThunderboltGenericHAL::earlyWake - complete - took 1 milliseconds
Jul  1 09:00:55 calvisitor-10-105-160-95 kernel[0]: IOThunderboltSwitch<0>(0x0)::listenerCallback - Thunderbolt HPD packet for route = 0x0 port = 11 unplug = 0
Jul  1 09:00:55 calvisitor-10-105-160-95 kernel[0]: IOThunderboltSwitch<0>(0x0)::listenerCallback - Thunderbolt HPD packet for route = 0x0 port = 12 unplug = 0
Jul  1 09:00:55 calvisitor-10-105-160-95 kernel[0]: TBT W (2): 0x0040 [x]
Jul  1 09:00:55 calvisitor-10-105-160-95 kernel[0]: AirPort: Link Down on en0. Reason 8 (Disassociated because station leaving).
Jul  1 09:00:55 calvisitor-10-105-160-95 kernel[0]: en0: channel changed to 1
Jul  1 09:00:55 calvisitor-10-105-160-95 kernel[0]: en0::IO80211Interface::postMessage bssid changed
Jul  1 09:00:55 calvisitor-10-105-160-95 kernel[0]: en0: 802.11d country code set to 'X3'.
Jul  1 09:00:55 calvisitor-10-105-160-95 kernel[0]: en0: Supported channels 1 2 3 4 5 6 7 8 9 10 11 12 13 36 40 44 48 52 56 60 64 100 104 108 112 116 120 124 128 132 136 140 144 149 153 157 161
Jul  1 09:00:55 calvisitor-10-105-160-95 symptomsd[215]: -[NetworkAnalyticsEngine _writeJournalRecord:fromCellFingerprint:key:atLOI:ofKind:lqm:isFaulty:] Hashing of the primary key failed. Dropping the journal record.
Jul  1 09:00:55 calvisitor-10-105-160-95 kernel[0]: en0: channel changed to 1
Jul  1 09:00:55 calvisitor-10-105-160-95 kernel[0]: ARPT: 620652.789289: ARPT: Wake Reason: Wake on Scan offload
Jul  1 09:00:55 calvisitor-10-105-160-95 kernel[0]: AirPort: Link Up on awdl0
Jul  1 09:00:55 authorMacBook-Pro configd[53]: setting hostname to "authorMacBook-Pro.local"
Jul  1 09:00:55 authorMacBook-Pro kernel[0]: USBMSC Identifier (non-unique): 000000000820 0x5ac 0x8406 0x820, 3
Jul  1 09:00:55 authorMacBook-Pro kernel[0]: ARPT: 620652.891908: AirPort_Brcm43xx::powerChange: System Wake - Full Wake/ Dark Wake / Maintenance wake
Jul  1 09:00:55 authorMacBook-Pro kernel[0]: ARPT: 620652.891927: IOPMPowerSource Information: onWake,  SleepType: Normal Sleep,  'ExternalConnected': Yes, 'TimeRemaining': 0, 
Jul  1 09:00:55 authorMacBook-Pro kernel[0]: ARPT: 620652.891950: ARPT: Wake Reason: Wake on Scan offload
Jul  1 09:00:55 authorMacBook-Pro kernel[0]: ARPT: 620652.891984: AirPort_Brcm43xx::platformWoWEnable: WWEN[disable]
Jul  1 09:00:55 authorMacBook-Pro kernel[0]: AppleCamIn::systemWakeCall - messageType = 0xE0000340
Jul  1 09:00:55 authorMacBook-Pro kernel[0]: AppleCamIn::wakeEventHandlerThread
Jul  1 09:00:55 authorMacBook-Pro kernel[0]: [HID] [ATC] AppleDeviceManagementHIDEventService::processWakeReason Wake reason: Host (0x01)
Jul  1 09:00:55 authorMacBook-Pro networkd[195]: nw_nat64_post_new_ifstate successfully changed NAT64 ifstate from 0x8000000000000000 to 0x4
Jul  1 09:00:56 authorMacBook-Pro com.apple.cts[43]: com.apple.CacheDelete.daily: scheduler_evaluate_activity told me to run this job; however, but the start time isn't for 14567 seconds.  Ignoring.
Jul  1 09:00:56 authorMacBook-Pro com.apple.cts[258]: com.apple.Safari.SafeBrowsing.Update: scheduler_evaluate_activity told me to run this job; however, but the start time isn't for 1130 seconds.  Ignoring.
Jul  1 09:00:56 authorMacBook-Pro com.apple.cts[258]: com.apple.icloud.fmfd.heartbeat: scheduler_evaluate_activity told me to run this job; however, but the start time isn't for 440131 seconds.  Ignoring.
Jul  1 09:00:56 authorMacBook-Pro com.apple.cts[258]: com.apple.EscrowSecurityAlert.daily: scheduler_evaluate_activity told me to run this job; however, but the start time isn't for 14655 seconds.  Ignoring.
Jul  1 09:00:56 authorMacBook-Pro configd[53]: network changed: v4(en0-:10.105.160.95) v6(en0:2607:f140:6000:8:c6b3:1ff:fecd:467f) DNS! Proxy SMB
Jul  1 09:00:56 authorMacBook-Pro kernel[0]: in6_unlink_ifa: IPv6 address 0x77c911455cd9bcdb has no prefix
Jul  1 09:00:56 authorMacBook-Pro mDNSResponder[91]:  69: Could not write data to client PID[11203](Mail) because of error - aborting connection
Jul  1 09:00:56 authorMacBook-Pro mDNSResponder[91]:  69: DNSServiceCreateConnection: 0 registered records, 1 kDNSServiceFlagsShareConnection operation PID[11203](Mail)
Jul  1 09:00:56 authorMacBook-Pro mDNSResponder[91]:  ->  DNSServiceGetAddrInfo      0x4000D000  0 v4v6 gmail-imap.l.google.com. PID[11203]()
Jul  1 09:00:56 authorMacBook-Pro networkd[195]: -[NETClientConnection evaluateCrazyIvan46] CI46 - Perform CrazyIvan46! QQ.10018 tc18777 119.81.102.227:80
Jul  1 09:00:56 authorMacBook-Pro cdpd[11807]: Saw change in network reachability (isReachable=0)
Jul  1 09:00:56 authorMacBook-Pro configd[53]: network changed: v6(en0-:2607:f140:6000:8:c6b3:1ff:fecd:467f) DNS- Proxy-
Jul  1 09:00:56 authorMacBook-Pro UserEventAgent[43]: Captive: CNPluginHandler en0: Inactive
Jul  1 09:00:56 authorMacBook-Pro com.apple.WebKit.WebContent[25654]: [09:00:56.119] <<<< CRABS >>>> crabsFlumeHostUnavailable: [0x7f961cf08cf0] Byte flume reports host unavailable.
Jul  1 09:00:56 authorMacBook-Pro networkd[195]: __42-[NETClientConnection evaluateCrazyIvan46]_block_invoke CI46 - Hit by torpedo! QQ.10018 tc18777 119.81.102.227:80
Jul  1 09:00:56 authorMacBook-Pro networkd[195]: -[NETClientConnection effectiveBundleID] using process name apsd as bundle ID (this is expected for daemons without bundle ID
Jul  1 09:00:56 authorMacBook-Pro symptomsd[215]: __73-[NetworkAnalyticsEngine observeValueForKeyPath:ofObject:change:context:]_block_invoke unexpected switch value 2
Jul  1 09:00:56 authorMacBook-Pro Dropbox[24019]: [0701/090056:WARNING:dns_config_service_posix.cc(306)] Failed to read DnsConfig.
Jul  1 09:00:56 authorMacBook-Pro kernel[0]: PM response took 580 ms (54, powerd)
Jul  1 09:00:56 authorMacBook-Pro kernel[0]: Setting BTCoex Config: enable_2G:1, profile_2g:0, enable_5G:1, profile_5G:0
Jul  1 09:00:56 authorMacBook-Pro sharingd[30299]: 09:00:56.157 : BTLE scanner Powered On
Jul  1 09:00:56 authorMacBook-Pro sharingd[30299]: 09:00:56.158 : BTLE scanner Powered On
Jul  1 09:00:56 --- last message repeated 1 time ---
Jul  1 09:00:56 authorMacBook-Pro netbiosd[31128]: network_reachability_changed : network is not reachable, netbiosd is shutting down
Jul  1 09:00:56 authorMacBook-Pro Dropbox[24019]: [0701/090056:WARNING:dns_config_service_posix.cc(306)] Failed to read DnsConfig.
Jul  1 09:00:56 authorMacBook-Pro Dock[307]: -[UABestAppSuggestionManager notifyBestAppChanged:type:options:bundleIdentifier:activityType:dynamicIdentifier:when:confidence:deviceName:deviceIdentifier:deviceType:] (null) UASuggestedActionType=0 (null)/(null) opts=(null) when=2017-07-01 16:00:56 +0000 confidence=1 from=(null)/(null) (UABestAppSuggestionManager.m #319)
Jul  1 09:00:56 authorMacBook-Pro kernel[0]: in6_unlink_ifa: IPv6 address 0x77c911455cd9be2b has no prefix
Jul  1 09:00:56 authorMacBook-Pro kernel[0]: IO80211AWDLPeerManager::setAwdlOperatingMode Setting the AWDL operation mode from AUTO to SUSPENDED
Jul  1 09:00:56 authorMacBook-Pro kernel[0]: IO80211AWDLPeerManager::setAwdlSuspendedMode() Suspending AWDL, enterQuietMode(true)
Jul  1 09:00:56 authorMacBook-Pro networkd[195]: nw_nat64_post_new_ifstate successfully changed NAT64 ifstate from 0x4 to 0x8000000000000000
Jul  1 09:00:56 authorMacBook-Pro kernel[0]: ARPT: 620653.785355: wlc_dump_aggfifo:
Jul  1 09:00:56 authorMacBook-Pro kernel[0]: ARPT: 620653.785414: framerdy 0x0 bmccmd 3 framecnt 1024 
Jul  1 09:00:56 authorMacBook-Pro kernel[0]: ARPT: 620653.785517: AQM agg params 0xfc0 maxlen hi/lo 0x0 0xffff minlen 0x0 adjlen 0x0
Jul  1 09:00:56 authorMacBook-Pro kernel[0]: ARPT: 620653.785561: AQM agg results 0x8001 len hi/lo: 0x0 0x67 BAbitmap(0-3) 0 0 0 0
Jul  1 09:00:56 authorMacBook-Pro corecaptured[31125]: Received Capture Event
Jul  1 09:00:56 authorMacBook-Pro corecaptured[31125]: CCFile::captureLog
Jul  1 09:00:56 authorMacBook-Pro corecaptured[31125]: CCFile::captureLog Received Capture notice id: 1498924856.421273, reason = AssocFail:sts:5_rsn:0
Jul  1 09:00:56 authorMacBook-Pro corecaptured[31125]: Received Capture Event
Jul  1 09:00:56 authorMacBook-Pro corecaptured[31125]: CCFile::captureLog
Jul  1 09:00:56 authorMacBook-Pro corecaptured[31125]: CCFile::captureLog Received Capture notice id: 1498924856.421273, reason = AssocFail:sts:5_rsn:0
Jul  1 09:00:56 authorMacBook-Pro corecaptured[31125]: CCFile::copyFile fileName is [2017-07-01_08,57,48.779252]-io80211Family-002.pcapng, source path:/var/log/CoreCapture/com.apple.iokit.IO80211Family/IO80211AWDLPeerManager//[2017-07-01_08,57,48.779252]-io80211Family-002.pcapng, dest path:/Library/Logs/CrashReporter/CoreCapture/com.apple.iokit.IO80211Family/[2017-07-01_09,00,56.421273]=AssocFail:sts:5_rsn:0/IO80211AWDLPeerManager//[2017-07-01_08,57,48.779252]-io80211Family-002.pcapng
Jul  1 09:00:56 authorMacBook-Pro corecaptured[31125]: CCIOReporterFormatter::refreshSubscriptionsFromStreamRegistry clearing out any previous subscriptions
Jul  1 09:00:56 authorMacBook-Pro corecaptured[31125]: CCIOReporterFormatter::addRegistryChildToChannelDictionary streams 7
Jul  1 09:00:56 authorMacBook-Pro corecaptured[31125]: CCFile::captureLogRun Skipping current file Dir file [2017-07-01_09,00,56.422447]-io80211Family-003.pcapng, Current File [2017-07-01_09,00,56.422447]-io80211Family-003.pcapng
Jul  1 09:00:56 authorMacBook-Pro corecaptured[31125]: CCFile::captureLogRun() Exiting CCFile::captureLogRun 
Jul  1 09:00:56 authorMacBook-Pro corecaptured[31125]: CCFile::copyFile fileName is [2017-07-01_08,57,48.782711]-CCIOReporter-002.xml, source path:/var/log/CoreCapture/com.apple.iokit.IO80211Family/OneStats//[2017-07-01_08,57,48.782711]-CCIOReporter-002.xml, dest path:/Library/Logs/CrashReporter/CoreCapture/com.apple.iokit.IO80211Family/[2017-07-01_09,00,56.421273]=AssocFail:sts:5_rsn:0/OneStats//[2017-07-01_08,57,48.782711]-CCIOReporter-002.xml
Jul  1 09:00:56 authorMacBook-Pro corecaptured[31125]: CCFile::captureLogRun Skipping current file Dir file [2017-07-01_09,00,56.433797]-CCIOReporter-003.xml, Current File [2017-07-01_09,00,56.433797]-CCIOReporter-003.xml
Jul  1 09:00:56 authorMacBook-Pro corecaptured[31125]: CCFile::captureLogRun() Exiting CCFile::captureLogRun 
Jul  1 09:00:56 authorMacBook-Pro corecaptured[31125]: Received Capture Event
Jul  1 09:00:56 authorMacBook-Pro corecaptured[31125]: CCFile::captureLog
Jul  1 09:00:56 authorMacBook-Pro corecaptured[31125]: CCFile::captureLog Received Capture notice id: 1498924856.421273, reason = AssocFail:sts:5_rsn:0
Jul  1 09:00:56 authorMacBook-Pro corecaptured[31125]: CCFile::copyFile fileName is [2017-07-01_08,57,48.822257]-AirPortBrcm4360_Logs-002.txt, source path:/var/log/CoreCapture/com.apple.driver.AirPort.Brcm4360.0/DriverLogs//[2017-07-01_08,57,48.822257]-AirPortBrcm4360_Logs-002.txt, dest path:/Library/Logs/CrashReporter/CoreCapture/com.apple.driver.AirPort.Brcm4360.0/[2017-07-01_09,00,56.421273]=AssocFail:sts:5_rsn:0/DriverLogs//[2017-07-01_08,57,48.822257]-AirPortBrcm4360_Logs-002.txt
Jul  1 09:00:56 authorMacBook-Pro corecaptured[31125]: CCFile::captureLogRun Skipping current file Dir file [2017-07-01_09,00,56.456675]-AirPortBrcm4360_Logs-003.txt, Current File [2017-07-01_09,00,56.456675]-AirPortBrcm4360_Logs-003.txt
Jul  1 09:00:56 authorMacBook-Pro corecaptured[31125]: CCFile::captureLogRun() Exiting CCFile::captureLogRun 
Jul  1 09:00:56 authorMacBook-Pro symptomsd[215]: __73-[NetworkAnalyticsEngine observeValueForKeyPath:ofObject:change:context:]_block_invoke unexpected switch value 2
Jul  1 09:00:57 authorMacBook-Pro corecaptured[31125]: doSaveChannels@286: Will write to: /Library/Logs/CrashReporter/CoreCapture/IOReporters/[2017-07-01_09,00,56.421273] - AssocFail:sts:5_rsn:0.xml
Jul  1 09:01:00 authorMacBook-Pro kernel[0]: AppleCamIn::handleWakeEvent_gated
Jul  1 09:01:00 --- last message repeated 1 time ---
Jul  1 09:01:00 authorMacBook-Pro kernel[0]: AirPort: Link Up on en0
Jul  1 09:01:00 authorMacBook-Pro kernel[0]: en0: BSSID changed to 5c:50:15:36:bc:03
Jul  1 09:01:00 authorMacBook-Pro kernel[0]: en0: channel changed to 6
Jul  1 09:01:00 authorMacBook-Pro kernel[0]: en0::IO80211Interface::postMessage bssid changed
Jul  1 09:01:00 authorMacBook-Pro UserEventAgent[43]: Captive: [CNInfoNetworkActive:1748] en0: SSID 'CalVisitor' making interface primary (cache indicates network not captive)
Jul  1 09:01:00 authorMacBook-Pro UserEventAgent[43]: Captive: CNPluginHandler en0: Evaluating
Jul  1 09:01:00 authorMacBook-Pro configd[53]: network changed: DNS* Proxy
Jul  1 09:01:00 authorMacBook-Pro symptomsd[215]: -[NetworkAnalyticsEngine _writeJournalRecord:fromCellFingerprint:key:atLOI:ofKind:lqm:isFaulty:] Hashing of the primary key failed. Dropping the journal record.
Jul  1 09:01:00 authorMacBook-Pro UserEventAgent[43]: Captive: en0: Not probing 'CalVisitor' (cache indicates not captive)
Jul  1 09:01:00 authorMacBook-Pro UserEventAgent[43]: Captive: CNPluginHandler en0: Authenticated
Jul  1 09:01:00 authorMacBook-Pro configd[53]: network changed: v4(en0!:10.105.160.95) DNS+ Proxy+ SMB
Jul  1 09:01:00 calvisitor-10-105-160-95 configd[53]: setting hostname to "calvisitor-10-105-160-95.calvisitor.1918.berkeley.edu"
Jul  1 09:01:00 calvisitor-10-105-160-95 kernel[0]: en0: 802.11d country code set to 'US'.
Jul  1 09:01:00 calvisitor-10-105-160-95 kernel[0]: en0: Supported channels 1 2 3 4 5 6 7 8 9 10 11 12 13 36 40 44 48 52 56 60 64 100 104 108 112 116 120 124 128 132 136 140 144 149 153 157 161 165
Jul  1 09:01:00 calvisitor-10-105-160-95 kernel[0]: Unexpected payload found for message 9, dataLen 0
Jul  1 09:01:01 calvisitor-10-105-160-95 configd[53]: network changed: v4(en0:10.105.160.95) v6(en0+:2607:f140:6000:8:c6b3:1ff:fecd:467f) DNS! Proxy SMB
Jul  1 09:01:01 calvisitor-10-105-160-95 kernel[0]: Setting BTCoex Config: enable_2G:1, profile_2g:0, enable_5G:1, profile_5G:0
Jul  1 09:01:01 calvisitor-10-105-160-95 cdpd[11807]: Saw change in network reachability (isReachable=2)
Jul  1 09:01:01 calvisitor-10-105-160-95 symptomsd[215]: __73-[NetworkAnalyticsEngine observeValueForKeyPath:ofObject:change:context:]_block_invoke unexpected switch value 2
Jul  1 09:01:01 calvisitor-10-105-160-95 kernel[0]: IO80211AWDLPeerManager::setAwdlOperatingMode Setting the AWDL operation mode from SUSPENDED to AUTO
Jul  1 09:01:01 calvisitor-10-105-160-95 kernel[0]: IO80211AWDLPeerManager::setAwdlAutoMode Resuming AWDL
Jul  1 09:01:01 calvisitor-10-105-160-95 com.apple.WebKit.WebContent[25654]: [09:01:01.126] <<<< CRABS >>>> crabsFlumeHostAvailable: [0x7f961cf08cf0] Byte flume reports host available again.
Jul  1 09:01:01 calvisitor-10-105-160-95 sandboxd[129] ([10018]): QQ(10018) deny mach-lookup com.apple.networking.captivenetworksupport
Jul  1 09:01:05 calvisitor-10-105-160-95 com.apple.cts[258]: com.apple.Safari.SafeBrowsing.Update: scheduler_evaluate_activity told me to run this job; however, but the start time isn't for 1121 seconds.  Ignoring.
Jul  1 09:01:05 calvisitor-10-105-160-95 com.apple.cts[258]: com.apple.icloud.fmfd.heartbeat: scheduler_evaluate_activity told me to run this job; however, but the start time isn't for 440122 seconds.  Ignoring.
Jul  1 09:01:05 calvisitor-10-105-160-95 com.apple.cts[258]: com.apple.EscrowSecurityAlert.daily: scheduler_evaluate_activity told me to run this job; however, but the start time isn't for 14646 seconds.  Ignoring.
Jul  1 09:01:05 calvisitor-10-105-160-95 com.apple.cts[258]: com.apple.Safari.SafeBrowsing.Update: scheduler_evaluate_activity told me to run this job; however, but the start time isn't for 1121 seconds.  Ignoring.
Jul  1 09:01:05 calvisitor-10-105-160-95 com.apple.cts[258]: com.apple.icloud.fmfd.heartbeat: scheduler_evaluate_activity told me to run this job; however, but the start time isn't for 440122 seconds.  Ignoring.
Jul  1 09:01:05 calvisitor-10-105-160-95 com.apple.cts[258]: com.apple.EscrowSecurityAlert.daily: scheduler_evaluate_activity told me to run this job; however, but the start time isn't for 14646 seconds.  Ignoring.
Jul  1 09:01:05 calvisitor-10-105-160-95 QQ[10018]: ############################## _getSysMsgList
Jul  1 09:01:05 --- last message repeated 1 time ---
Jul  1 09:01:05 calvisitor-10-105-160-95 com.apple.cts[258]: com.apple.Safari.SafeBrowsing.Update: scheduler_evaluate_activity told me to run this job; however, but the start time isn't for 1121 seconds.  Ignoring.
Jul  1 09:01:05 calvisitor-10-105-160-95 com.apple.cts[258]: com.apple.icloud.fmfd.heartbeat: scheduler_evaluate_activity told me to run this job; however, but the start time isn't for 440122 seconds.  Ignoring.
Jul  1 09:01:05 calvisitor-10-105-160-95 com.apple.cts[258]: com.apple.EscrowSecurityAlert.daily: scheduler_evaluate_activity told me to run this job; however, but the start time isn't for 14646 seconds.  Ignoring.
Jul  1 09:01:05 calvisitor-10-105-160-95 CalendarAgent[279]: AOSKit ERROR: XPC CLIENT: Connection [0x7fa11ad29e00] event handler received event with type: [XPC_TYPE_ERROR].  Description: [Connection interrupted]
Jul  1 09:01:05 calvisitor-10-105-160-95 com.apple.cts[258]: com.apple.Safari.SafeBrowsing.Update: scheduler_evaluate_activity told me to run this job; however, but the start time isn't for 1121 seconds.  Ignoring.
Jul  1 09:01:05 calvisitor-10-105-160-95 com.apple.cts[258]: com.apple.icloud.fmfd.heartbeat: scheduler_evaluate_activity told me to run this job; however, but the start time isn't for 440122 seconds.  Ignoring.
Jul  1 09:01:05 calvisitor-10-105-160-95 com.apple.cts[258]: com.apple.EscrowSecurityAlert.daily: scheduler_evaluate_activity told me to run this job; however, but the start time isn't for 14646 seconds.  Ignoring.
Jul  1 09:01:05 calvisitor-10-105-160-95 com.apple.cts[258]: com.apple.Safari.SafeBrowsing.Update: scheduler_evaluate_activity told me to run this job; however, but the start time isn't for 1121 seconds.  Ignoring.
Jul  1 09:01:05 calvisitor-10-105-160-95 com.apple.CDScheduler[258]: Thermal pressure state: 1 Memory pressure state: 0
Jul  1 09:01:05 calvisitor-10-105-160-95 com.apple.cts[258]: com.apple.icloud.fmfd.heartbeat: scheduler_evaluate_activity told me to run this job; however, but the start time isn't for 440122 seconds.  Ignoring.
Jul  1 09:01:05 calvisitor-10-105-160-95 com.apple.cts[258]: com.apple.EscrowSecurityAlert.daily: scheduler_evaluate_activity told me to run this job; however, but the start time isn't for 14646 seconds.  Ignoring.
Jul  1 09:01:05 calvisitor-10-105-160-95 com.apple.cts[43]: com.apple.CacheDelete.daily: scheduler_evaluate_activity told me to run this job; however, but the start time isn't for 14558 seconds.  Ignoring.
Jul  1 09:01:05 calvisitor-10-105-160-95 com.apple.CDScheduler[43]: Thermal pressure state: 1 Memory pressure state: 0
Jul  1 09:01:05 calvisitor-10-105-160-95 com.apple.cts[43]: com.apple.CacheDelete.daily: scheduler_evaluate_activity told me to run this job; however, but the start time isn't for 14558 seconds.  Ignoring.
Jul  1 09:01:05 calvisitor-10-105-160-95 com.apple.cts[258]: com.apple.Safari.SafeBrowsing.Update: scheduler_evaluate_activity told me to run this job; however, but the start time isn't for 1121 seconds.  Ignoring.
Jul  1 09:01:05 calvisitor-10-105-160-95 com.apple.cts[258]: com.apple.icloud.fmfd.heartbeat: scheduler_evaluate_activity told me to run this job; however, but the start time isn't for 440122 seconds.  Ignoring.
Jul  1 09:01:05 calvisitor-10-105-160-95 com.apple.cts[258]: com.apple.EscrowSecurityAlert.daily: scheduler_evaluate_activity told me to run this job; however, but the start time isn't for 14646 seconds.  Ignoring.
Jul  1 09:01:06 calvisitor-10-105-160-95 QQ[10018]: FA||Url||taskID[2019352994] dealloc
Jul  1 09:01:15 calvisitor-10-105-160-95 com.apple.cts[258]: com.apple.Safari.SafeBrowsing.Update: scheduler_evaluate_activity told me to run this job; however, but the start time isn't for 1111 seconds.  Ignoring.
Jul  1 09:01:15 calvisitor-10-105-160-95 com.apple.CDScheduler[258]: Thermal pressure state: 0 Memory pressure state: 0
Jul  1 09:01:15 calvisitor-10-105-160-95 com.apple.cts[258]: com.apple.icloud.fmfd.heartbeat: scheduler_evaluate_activity told me to run this job; however, but the start time isn't for 440112 seconds.  Ignoring.
Jul  1 09:01:15 calvisitor-10-105-160-95 com.apple.cts[258]: com.apple.EscrowSecurityAlert.daily: scheduler_evaluate_activity told me to run this job; however, but the start time isn't for 14636 seconds.  Ignoring.
Jul  1 09:01:15 calvisitor-10-105-160-95 com.apple.cts[43]: com.apple.CacheDelete.daily: scheduler_evaluate_activity told me to run this job; however, but the start time isn't for 14548 seconds.  Ignoring.
Jul  1 09:01:15 calvisitor-10-105-160-95 com.apple.CDScheduler[43]: Thermal pressure state: 0 Memory pressure state: 0
Jul  1 09:01:15 calvisitor-10-105-160-95 com.apple.cts[258]: com.apple.Safari.SafeBrowsing.Update: scheduler_evaluate_activity told me to run this job; however, but the start time isn't for 1111 seconds.  Ignoring.
Jul  1 09:01:15 calvisitor-10-105-160-95 com.apple.cts[43]: com.apple.CacheDelete.daily: scheduler_evaluate_activity told me to run this job; however, but the start time isn't for 14548 seconds.  Ignoring.
Jul  1 09:01:15 calvisitor-10-105-160-95 com.apple.cts[258]: com.apple.icloud.fmfd.heartbeat: scheduler_evaluate_activity told me to run this job; however, but the start time isn't for 440112 seconds.  Ignoring.
Jul  1 09:01:15 calvisitor-10-105-160-95 com.apple.cts[258]: com.apple.EscrowSecurityAlert.daily: scheduler_evaluate_activity told me to run this job; however, but the start time isn't for 14636 seconds.  Ignoring.
Jul  1 09:01:24 calvisitor-10-105-160-95 kernel[0]: IO80211AWDLPeerManager::setAwdlOperatingMode Setting the AWDL operation mode from AUTO to SUSPENDED
Jul  1 09:01:24 calvisitor-10-105-160-95 kernel[0]: IO80211AWDLPeerManager::setAwdlSuspendedMode() Suspending AWDL, enterQuietMode(true)
Jul  1 09:01:24 calvisitor-10-105-160-95 syslogd[44]: ASL Sender Statistics
Jul  1 09:01:27 calvisitor-10-105-160-95 com.apple.cts[43]: com.apple.CacheDelete.daily: scheduler_evaluate_activity told me to run this job; however, but the start time isn't for 14536 seconds.  Ignoring.
Jul  1 09:01:29 calvisitor-10-105-160-95 kernel[0]: ARPT: 620686.448311: wl0: Roamed or switched channel, reason #8, bssid 5c:50:15:4c:18:13, last RSSI -61
Jul  1 09:01:29 calvisitor-10-105-160-95 kernel[0]: en0: BSSID changed to 5c:50:15:4c:18:13
Jul  1 09:01:29 calvisitor-10-105-160-95 kernel[0]: en0: channel changed to 1
Jul  1 09:01:29 calvisitor-10-105-160-95 kernel[0]: en0::IO80211Interface::postMessage bssid changed
Jul  1 09:01:29 calvisitor-10-105-160-95 symptomsd[215]: -[NetworkAnalyticsEngine _writeJournalRecord:fromCellFingerprint:key:atLOI:ofKind:lqm:isFaulty:] Hashing of the primary key failed. Dropping the journal record.
Jul  1 09:01:29 calvisitor-10-105-160-95 kernel[0]: IO80211AWDLPeerManager::setAwdlOperatingMode Setting the AWDL operation mode from SUSPENDED to AUTO
Jul  1 09:01:29 calvisitor-10-105-160-95 kernel[0]: IO80211AWDLPeerManager::setAwdlAutoMode Resuming AWDL
Jul  1 09:01:29 calvisitor-10-105-160-95 symptomsd[215]: -[NetworkAnalyticsEngine _writeJournalRecord:fromCellFingerprint:key:atLOI:ofKind:lqm:isFaulty:] Hashing of the primary key failed. Dropping the journal record.
Jul  1 09:01:29 calvisitor-10-105-160-95 mDNSResponder[91]: mDNS_RegisterInterface: Frequent transitions for interface en0 (FE80:0000:0000:0000:C6B3:01FF:FECD:467F)
Jul  1 09:01:35 calvisitor-10-105-160-95 QQ[10018]: FA||Url||taskID[2019352995] dealloc
Jul  1 09:01:41 calvisitor-10-105-160-95 kernel[0]: ARPT: 620698.465919: wl0: setup_keepalive: interval 900, retry_interval 30, retry_count 10
Jul  1 09:01:41 calvisitor-10-105-160-95 kernel[0]: ARPT: 620698.465936: wl0: setup_keepalive: Local IP: 10.105.160.95
Jul  1 09:01:41 calvisitor-10-105-160-95 kernel[0]: ARPT: 620698.465943: wl0: setup_keepalive: Remote IP: 17.249.28.92
Jul  1 09:01:41 calvisitor-10-105-160-95 kernel[0]: ARPT: 620698.465952: wl0: setup_keepalive: Local port: 61288, Remote port: 443
Jul  1 09:01:41 calvisitor-10-105-160-95 kernel[0]: ARPT: 620698.465961: wl0: setup_keepalive: Seq: 3388315461, Ack: 3113814160, Win size: 4096
Jul  1 09:01:41 calvisitor-10-105-160-95 kernel[0]: ARPT: 620698.465991: wl0: MDNS: IPV4 Addr: 10.105.160.95
Jul  1 09:01:41 calvisitor-10-105-160-95 kernel[0]: ARPT: 620698.466000: wl0: MDNS: IPV6 Addr: fe80:0:0:0:c6b3:1ff:fecd:467f
Jul  1 09:01:41 calvisitor-10-105-160-95 kernel[0]: ARPT: 620698.466009: wl0: MDNS: IPV6 Addr: 2607:f140:6000:8:c6b3:1ff:fecd:467f
Jul  1 09:01:41 calvisitor-10-105-160-95 kernel[0]: ARPT: 620698.466019: wl0: MDNS: IPV6 Addr: 2607:f140:6000:8:18f0:c95a:f99c:87b2
Jul  1 09:01:41 calvisitor-10-105-160-95 kernel[0]: ARPT: 620698.466027: wl0: MDNS: 0 SRV Recs, 0 TXT Recs
Jul  1 09:01:43 calvisitor-10-105-160-95 kernel[0]: PM response took 1990 ms (54, powerd)
Jul  1 09:01:43 calvisitor-10-105-160-95 kernel[0]: ARPT: 620700.454496: AirPort_Brcm43xx::powerChange: System Sleep 
Jul  1 09:01:43 calvisitor-10-105-160-95 kernel[0]: ARPT: 620700.454519: IOPMPowerSource Information: onSleep,  SleepType: Normal Sleep,  'ExternalConnected': Yes, 'TimeRemaining': 0, 
Jul  1 09:01:43 calvisitor-10-105-160-95 kernel[0]: AppleCamIn::systemWakeCall - messageType = 0xE0000340
Jul  1 09:02:26 calvisitor-10-105-160-95 kernel[0]: AppleThunderboltNHIType2::prePCIWake - power up complete - took 2 us
Jul  1 09:02:26 calvisitor-10-105-160-95 kernel[0]: AppleThunderboltGenericHAL::earlyWake - complete - took 0 milliseconds
Jul  1 09:02:26 calvisitor-10-105-160-95 kernel[0]: AirPort: Link Down on awdl0. Reason 1 (Unspecified).
Jul  1 09:02:26 calvisitor-10-105-160-95 kernel[0]: ARPT: 620700.982470: wl0: wl_update_tcpkeep_seq: Original Seq: 3388315461, Ack: 3113814160, Win size: 4096
Jul  1 09:02:26 calvisitor-10-105-160-95 kernel[0]: ARPT: 620700.982500: wl0: wl_update_tcpkeep_seq: Updated seq/ack/win from UserClient Seq 3388315461, Ack 3113814160, Win size 278
Jul  1 09:02:26 calvisitor-10-105-160-95 kernel[0]: ARPT: 620700.982528: wl0: leaveModulePoweredForOffloads: Wi-Fi will stay on.
Jul  1 09:02:26 calvisitor-10-105-160-95 kernel[0]: Bluetooth -- LE is supported - Disable LE meta event
Jul  1 09:02:26 calvisitor-10-105-160-95 kernel[0]: ARPT: 620701.010368: AirPort_Brcm43xx::platformWoWEnable: WWEN[enable]
Jul  1 09:02:26 calvisitor-10-105-160-95 kernel[0]: ARPT: 620701.011328: AirPort_Brcm43xx::syncPowerState: WWEN[enabled]
Jul  1 09:02:26 calvisitor-10-105-160-95 kernel[0]: IOThunderboltSwitch<0>(0x0)::listenerCallback - Thunderbolt HPD packet for route = 0x0 port = 11 unplug = 0
Jul  1 09:02:26 calvisitor-10-105-160-95 kernel[0]: IOThunderboltSwitch<0>(0x0)::listenerCallback - Thunderbolt HPD packet for route = 0x0 port = 12 unplug = 0
Jul  1 09:02:26 calvisitor-10-105-160-95 kernel[0]: AppleCamIn::systemWakeCall - messageType = 0xE0000340
Jul  1 09:01:44 calvisitor-10-105-160-95 kernel[0]: AppleThunderboltNHIType2::waitForOk2Go2Sx - intel_rp = 1 dlla_reporting_supported = 0
Jul  1 09:02:26 calvisitor-10-105-160-95 kernel[0]: AppleThunderboltNHIType2::waitForOk2Go2Sx - retries = 9
Jul  1 09:02:26 calvisitor-10-105-160-95 kernel[0]: Wake reason: ?
Jul  1 09:02:26 calvisitor-10-105-160-95 kernel[0]: AppleCamIn::systemWakeCall - messageType = 0xE0000340
Jul  1 09:02:26 calvisitor-10-105-160-95 kernel[0]: AppleCamIn::wakeEventHandlerThread
Jul  1 09:02:26 calvisitor-10-105-160-95 kernel[0]: RTC: PowerByCalendarDate setting ignored
Jul  1 09:02:26 calvisitor-10-105-160-95 kernel[0]: Previous sleep cause: 5
Jul  1 09:02:26 calvisitor-10-105-160-95 kernel[0]: AppleThunderboltNHIType2::prePCIWake - power up complete - took 1 us
Jul  1 09:02:26 calvisitor-10-105-160-95 kernel[0]: in6_unlink_ifa: IPv6 address 0x77c911455cd9b10b has no prefix
Jul  1 09:02:26 calvisitor-10-105-160-95 kernel[0]: AppleThunderboltGenericHAL::earlyWake - complete - took 1 milliseconds
Jul  1 09:02:26 calvisitor-10-105-160-95 kernel[0]: IOThunderboltSwitch<0>(0x0)::listenerCallback - Thunderbolt HPD packet for route = 0x0 port = 11 unplug = 0
Jul  1 09:02:26 calvisitor-10-105-160-95 kernel[0]: IOThunderboltSwitch<0>(0x0)::listenerCallback - Thunderbolt HPD packet for route = 0x0 port = 12 unplug = 0
Jul  1 09:02:26 calvisitor-10-105-160-95 kernel[0]: TBT W (2): 0x0040 [x]
Jul  1 09:02:26 calvisitor-10-105-160-95 mDNSResponder[91]: mDNS_RegisterInterface: Frequent transitions for interface en0 (FE80:0000:0000:0000:C6B3:01FF:FECD:467F)
Jul  1 09:02:26 calvisitor-10-105-160-95 kernel[0]: en0: channel changed to 1
Jul  1 09:02:26 calvisitor-10-105-160-95 kernel[0]: ARPT: 620702.769436: ARPT: Wake Reason: Wake on Scan offload
Jul  1 09:02:26 calvisitor-10-105-160-95 kernel[0]: AirPort: Link Down on en0. Reason 8 (Disassociated because station leaving).
Jul  1 09:02:26 calvisitor-10-105-160-95 kernel[0]: en0: channel changed to 1
Jul  1 09:02:26 calvisitor-10-105-160-95 kernel[0]: en0::IO80211Interface::postMessage bssid changed
Jul  1 09:02:26 calvisitor-10-105-160-95 symptomsd[215]: -[NetworkAnalyticsEngine _writeJournalRecord:fromCellFingerprint:key:atLOI:ofKind:lqm:isFaulty:] Hashing of the primary key failed. Dropping the journal record.
Jul  1 09:02:26 calvisitor-10-105-160-95 kernel[0]: AirPort: Link Up on awdl0
Jul  1 09:02:26 calvisitor-10-105-160-95 kernel[0]: en0: 802.11d country code set to 'X3'.
Jul  1 09:02:26 calvisitor-10-105-160-95 kernel[0]: en0: Supported channels 1 2 3 4 5 6 7 8 9 10 11 12 13 36 40 44 48 52 56 60 64 100 104 108 112 116 120 124 128 132 136 140 144 149 153 157 161
Jul  1 09:02:26 calvisitor-10-105-160-95 mDNSResponder[91]: mDNS_RegisterInterface: Frequent transitions for interface en0 (10.105.160.95)
Jul  1 09:02:26 authorMacBook-Pro configd[53]: setting hostname to "authorMacBook-Pro.local"
Jul  1 09:02:26 authorMacBook-Pro kernel[0]: Setting BTCoex Config: enable_2G:1, profile_2g:0, enable_5G:1, profile_5G:0
Jul  1 09:02:26 authorMacBook-Pro configd[53]: network changed: v4(en0-:10.105.160.95) v6(en0:2607:f140:6000:8:c6b3:1ff:fecd:467f) DNS! Proxy SMB
Jul  1 09:02:26 authorMacBook-Pro sharingd[30299]: 09:02:26.470 : BTLE scanner Powered On
Jul  1 09:02:27 --- last message repeated 2 times ---
Jul  1 09:02:26 authorMacBook-Pro kernel[0]: USBMSC Identifier (non-unique): 000000000820 0x5ac 0x8406 0x820, 3
Jul  1 09:02:26 authorMacBook-Pro mDNSResponder[91]: mDNS_DeregisterInterface: Frequent transitions for interface en0 (10.105.160.95)
Jul  1 09:02:26 authorMacBook-Pro mDNSResponder[91]: mDNS_RegisterInterface: Frequent transitions for interface awdl0 (FE80:0000:0000:0000:D8A5:90FF:FEF5:7FFF)
Jul  1 09:02:26 authorMacBook-Pro kernel[0]: ARPT: 620702.874264: AirPort_Brcm43xx::powerChange: System Wake - Full Wake/ Dark Wake / Maintenance wake
Jul  1 09:02:26 authorMacBook-Pro kernel[0]: ARPT: 620702.876079: IOPMPowerSource Information: onWake,  SleepType: Normal Sleep,  'ExternalConnected': Yes, 'TimeRemaining': 0, 
Jul  1 09:02:26 authorMacBook-Pro kernel[0]: ARPT: 620702.878165: ARPT: Wake Reason: Wake on Scan offload
Jul  1 09:02:26 authorMacBook-Pro kernel[0]: ARPT: 620702.879952: AirPort_Brcm43xx::platformWoWEnable: WWEN[disable]
Jul  1 09:02:26 authorMacBook-Pro kernel[0]: AppleCamIn::systemWakeCall - messageType = 0xE0000340
Jul  1 09:02:26 authorMacBook-Pro kernel[0]: IO80211AWDLPeerManager::setAwdlOperatingMode Setting the AWDL operation mode from AUTO to SUSPENDED
Jul  1 09:02:26 authorMacBook-Pro kernel[0]: IO80211AWDLPeerManager::setAwdlSuspendedMode() Suspending AWDL, enterQuietMode(true)
Jul  1 09:02:26 authorMacBook-Pro kernel[0]: AppleCamIn::wakeEventHandlerThread
Jul  1 09:02:26 authorMacBook-Pro kernel[0]: [HID] [ATC] AppleDeviceManagementHIDEventService::processWakeReason Wake reason: Host (0x01)
Jul  1 09:02:26 authorMacBook-Pro com.apple.cts[258]: com.apple.Safari.SafeBrowsing.Update: scheduler_evaluate_activity told me to run this job; however, but the start time isn't for 1040 seconds.  Ignoring.
Jul  1 09:02:26 authorMacBook-Pro com.apple.cts[258]: com.apple.icloud.fmfd.heartbeat: scheduler_evaluate_activity told me to run this job; however, but the start time isn't for 440041 seconds.  Ignoring.
Jul  1 09:02:26 authorMacBook-Pro com.apple.cts[43]: com.apple.CacheDelete.daily: scheduler_evaluate_activity told me to run this job; however, but the start time isn't for 14477 seconds.  Ignoring.
Jul  1 09:02:26 authorMacBook-Pro com.apple.cts[258]: com.apple.EscrowSecurityAlert.daily: scheduler_evaluate_activity told me to run this job; however, but the start time isn't for 14565 seconds.  Ignoring.
Jul  1 09:02:26 authorMacBook-Pro Dock[307]: -[UABestAppSuggestionManager notifyBestAppChanged:type:options:bundleIdentifier:activityType:dynamicIdentifier:when:confidence:deviceName:deviceIdentifier:deviceType:] (null) UASuggestedActionType=0 (null)/(null) opts=(null) when=2017-07-01 16:02:26 +0000 confidence=1 from=(null)/(null) (UABestAppSuggestionManager.m #319)
Jul  1 09:02:26 authorMacBook-Pro kernel[0]: in6_unlink_ifa: IPv6 address 0x77c911455cd9b3ab has no prefix
Jul  1 09:02:26 authorMacBook-Pro networkd[195]: nw_nat64_post_new_ifstate successfully changed NAT64 ifstate from 0x8000000000000000 to 0x4
Jul  1 09:02:26 authorMacBook-Pro cdpd[11807]: Saw change in network reachability (isReachable=0)
Jul  1 09:02:26 authorMacBook-Pro UserEventAgent[43]: Captive: CNPluginHandler en0: Inactive
Jul  1 09:02:26 authorMacBook-Pro networkd[195]: -[NETClientConnection evaluateCrazyIvan46] CI46 - Perform CrazyIvan46! QQ.10018 tc18784 119.81.102.227:80
Jul  1 09:02:26 authorMacBook-Pro networkd[195]: __42-[NETClientConnection evaluateCrazyIvan46]_block_invoke CI46 - Hit by torpedo! QQ.10018 tc18784 119.81.102.227:80
Jul  1 09:02:26 authorMacBook-Pro com.apple.WebKit.WebContent[25654]: [09:02:26.695] <<<< CRABS >>>> crabsFlumeHostUnavailable: [0x7f961cf08cf0] Byte flume reports host unavailable.
Jul  1 09:02:26 authorMacBook-Pro netbiosd[31133]: network_reachability_changed : network is not reachable, netbiosd is shutting down
Jul  1 09:02:26 authorMacBook-Pro symptomsd[215]: __73-[NetworkAnalyticsEngine observeValueForKeyPath:ofObject:change:context:]_block_invoke unexpected switch value 2
Jul  1 09:02:26 authorMacBook-Pro networkd[195]: nw_nat64_post_new_ifstate successfully changed NAT64 ifstate from 0x4 to 0x8000000000000000
Jul  1 09:02:27 authorMacBook-Pro configd[53]: network changed: v6(en0-:2607:f140:6000:8:c6b3:1ff:fecd:467f) DNS- Proxy-
Jul  1 09:02:27 authorMacBook-Pro networkd[195]: -[NETClientConnection effectiveBundleID] using process name apsd as bundle ID (this is expected for daemons without bundle ID
Jul  1 09:02:27 --- last message repeated 1 time ---
Jul  1 09:02:27 authorMacBook-Pro Dropbox[24019]: [0701/090227:WARNING:dns_config_service_posix.cc(306)] Failed to read DnsConfig.
Jul  1 09:02:27 authorMacBook-Pro symptomsd[215]: __73-[NetworkAnalyticsEngine observeValueForKeyPath:ofObject:change:context:]_block_invoke unexpected switch value 2
Jul  1 09:02:29 authorMacBook-Pro networkd[195]: -[NETClientConnection effectiveBundleID] using process name apsd as bundle ID (this is expected for daemons without bundle ID
Jul  1 09:02:30 --- last message repeated 1 time ---
Jul  1 09:02:30 authorMacBook-Pro kernel[0]: AirPort: Link Up on en0
Jul  1 09:02:30 authorMacBook-Pro kernel[0]: en0: BSSID changed to 5c:50:15:36:bc:03
Jul  1 09:02:30 authorMacBook-Pro kernel[0]: en0: channel changed to 6
Jul  1 09:02:30 authorMacBook-Pro kernel[0]: en0::IO80211Interface::postMessage bssid changed
Jul  1 09:02:30 authorMacBook-Pro symptomsd[215]: -[NetworkAnalyticsEngine _writeJournalRecord:fromCellFingerprint:key:atLOI:ofKind:lqm:isFaulty:] Hashing of the primary key failed. Dropping the journal record.
Jul  1 09:02:30 authorMacBook-Pro kernel[0]: en0: 802.11d country code set to 'US'.
Jul  1 09:02:30 authorMacBook-Pro kernel[0]: en0: Supported channels 1 2 3 4 5 6 7 8 9 10 11 12 13 36 40 44 48 52 56 60 64 100 104 108 112 116 120 124 128 132 136 140 144 149 153 157 161 165
Jul  1 09:02:30 authorMacBook-Pro kernel[0]: Unexpected payload found for message 9, dataLen 0
Jul  1 09:02:31 authorMacBook-Pro kernel[0]: AppleCamIn::handleWakeEvent_gated
Jul  1 09:02:31 authorMacBook-Pro kernel[0]: Setting BTCoex Config: enable_2G:1, profile_2g:0, enable_5G:1, profile_5G:0
Jul  1 09:02:31 authorMacBook-Pro kernel[0]: IO80211AWDLPeerManager::setAwdlOperatingMode Setting the AWDL operation mode from SUSPENDED to AUTO
Jul  1 09:02:31 authorMacBook-Pro kernel[0]: IO80211AWDLPeerManager::setAwdlAutoMode Resuming AWDL
Jul  1 09:02:31 authorMacBook-Pro UserEventAgent[43]: Captive: [CNInfoNetworkActive:1748] en0: SSID 'CalVisitor' making interface primary (cache indicates network not captive)
Jul  1 09:02:31 authorMacBook-Pro configd[53]: network changed: DNS* Proxy
Jul  1 09:02:31 authorMacBook-Pro UserEventAgent[43]: Captive: CNPluginHandler en0: Evaluating
Jul  1 09:02:31 authorMacBook-Pro UserEventAgent[43]: Captive: en0: Not probing 'CalVisitor' (cache indicates not captive)
Jul  1 09:02:31 authorMacBook-Pro UserEventAgent[43]: Captive: CNPluginHandler en0: Authenticated
Jul  1 09:02:31 authorMacBook-Pro configd[53]: network changed: v6(en0!:2607:f140:6000:8:c6b3:1ff:fecd:467f) DNS+ Proxy+ SMB
Jul  1 09:02:31 authorMacBook-Pro networkd[195]: nw_nat64_post_new_ifstate successfully changed NAT64 ifstate from 0x8000000000000000 to 0x4
Jul  1 09:02:31 authorMacBook-Pro cdpd[11807]: Saw change in network reachability (isReachable=2)
Jul  1 09:02:31 authorMacBook-Pro symptomsd[215]: __73-[NetworkAnalyticsEngine observeValueForKeyPath:ofObject:change:context:]_block_invoke unexpected switch value 2
Jul  1 09:02:31 authorMacBook-Pro com.apple.WebKit.WebContent[25654]: [09:02:31.400] <<<< CRABS >>>> crabsFlumeHostAvailable: [0x7f961cf08cf0] Byte flume reports host available again.
Jul  1 09:02:31 authorMacBook-Pro networkd[195]: -[NETClientConnection evaluateCrazyIvan46] CI46 - Perform CrazyIvan46! NeteaseMusic.17988 tc7414 103.251.128.144:80
Jul  1 09:02:31 authorMacBook-Pro sandboxd[129] ([10018]): QQ(10018) deny mach-lookup com.apple.networking.captivenetworksupport
Jul  1 09:02:31 authorMacBook-Pro networkd[195]: -[NETClientConnection evaluateCrazyIvan46] CI46 - Perform CrazyIvan46! QQ.10018 tc18790 119.81.102.227:80
Jul  1 09:02:31 authorMacBook-Pro kernel[0]: AppleCamIn::handleWakeEvent_gated
Jul  1 09:02:31 authorMacBook-Pro netbiosd[31138]: Unable to start NetBIOS name service: 
Jul  1 09:02:32 authorMacBook-Pro configd[53]: network changed: v4(en0+:10.105.160.95) v6(en0:2607:f140:6000:8:c6b3:1ff:fecd:467f) DNS! Proxy SMB
Jul  1 09:02:32 authorMacBook-Pro networkd[195]: __42-[NETClientConnection evaluateCrazyIvan46]_block_invoke CI46 - Hit by torpedo! NeteaseMusic.17988 tc7414 103.251.128.144:80
Jul  1 09:02:32 authorMacBook-Pro networkd[195]: __42-[NETClientConnection evaluateCrazyIvan46]_block_invoke CI46 - Hit by torpedo! QQ.10018 tc18790 119.81.102.227:80
Jul  1 09:02:32 authorMacBook-Pro NeteaseMusic[17988]: tcp_connection_handle_connect_conditions_bad 7414 failed: 3 - No network route
Jul  1 09:02:32 authorMacBook-Pro QQ[10018]: tcp_connection_handle_connect_conditions_bad 18790 failed: 3 - No network route
Jul  1 09:02:32 authorMacBook-Pro networkd[195]: nw_nat64_post_new_ifstate successfully changed NAT64 ifstate from 0x4 to 0x8000000000000000
Jul  1 09:02:32 calvisitor-10-105-160-95 configd[53]: setting hostname to "calvisitor-10-105-160-95.calvisitor.1918.berkeley.edu"
Jul  1 09:02:32 calvisitor-10-105-160-95 symptomsd[215]: __73-[NetworkAnalyticsEngine observeValueForKeyPath:ofObject:change:context:]_block_invoke unexpected switch value 2
Jul  1 09:02:36 calvisitor-10-105-160-95 com.apple.cts[258]: com.apple.Safari.SafeBrowsing.Update: scheduler_evaluate_activity told me to run this job; however, but the start time isn't for 1030 seconds.  Ignoring.
Jul  1 09:02:36 calvisitor-10-105-160-95 com.apple.cts[258]: com.apple.icloud.fmfd.heartbeat: scheduler_evaluate_activity told me to run this job; however, but the start time isn't for 440031 seconds.  Ignoring.
Jul  1 09:02:36 calvisitor-10-105-160-95 com.apple.cts[258]: com.apple.EscrowSecurityAlert.daily: scheduler_evaluate_activity told me to run this job; however, but the start time isn't for 14555 seconds.  Ignoring.
Jul  1 09:02:36 calvisitor-10-105-160-95 com.apple.cts[258]: com.apple.Safari.SafeBrowsing.Update: scheduler_evaluate_activity told me to run this job; however, but the start time isn't for 1030 seconds.  Ignoring.
Jul  1 09:02:36 calvisitor-10-105-160-95 com.apple.cts[258]: com.apple.icloud.fmfd.heartbeat: scheduler_evaluate_activity told me to run this job; however, but the start time isn't for 440031 seconds.  Ignoring.
Jul  1 09:02:36 calvisitor-10-105-160-95 com.apple.cts[258]: com.apple.EscrowSecurityAlert.daily: scheduler_evaluate_activity told me to run this job; however, but the start time isn't for 14555 seconds.  Ignoring.
Jul  1 09:02:36 calvisitor-10-105-160-95 QQ[10018]: ############################## _getSysMsgList
Jul  1 09:02:36 --- last message repeated 1 time ---
Jul  1 09:02:36 calvisitor-10-105-160-95 com.apple.cts[258]: com.apple.Safari.SafeBrowsing.Update: scheduler_evaluate_activity told me to run this job; however, but the start time isn't for 1030 seconds.  Ignoring.
Jul  1 09:02:36 calvisitor-10-105-160-95 com.apple.CDScheduler[258]: Thermal pressure state: 1 Memory pressure state: 0
Jul  1 09:02:36 calvisitor-10-105-160-95 com.apple.cts[258]: com.apple.icloud.fmfd.heartbeat: scheduler_evaluate_activity told me to run this job; however, but the start time isn't for 440031 seconds.  Ignoring.
Jul  1 09:02:36 calvisitor-10-105-160-95 com.apple.cts[258]: com.apple.EscrowSecurityAlert.daily: scheduler_evaluate_activity told me to run this job; however, but the start time isn't for 14555 seconds.  Ignoring.
Jul  1 09:02:36 calvisitor-10-105-160-95 com.apple.cts[43]: com.apple.CacheDelete.daily: scheduler_evaluate_activity told me to run this job; however, but the start time isn't for 14467 seconds.  Ignoring.
Jul  1 09:02:36 calvisitor-10-105-160-95 com.apple.CDScheduler[43]: Thermal pressure state: 1 Memory pressure state: 0
Jul  1 09:02:36 calvisitor-10-105-160-95 com.apple.cts[43]: com.apple.CacheDelete.daily: scheduler_evaluate_activity told me to run this job; however, but the start time isn't for 14467 seconds.  Ignoring.
Jul  1 09:02:36 calvisitor-10-105-160-95 com.apple.cts[258]: com.apple.Safari.SafeBrowsing.Update: scheduler_evaluate_activity told me to run this job; however, but the start time isn't for 1030 seconds.  Ignoring.
Jul  1 09:02:36 calvisitor-10-105-160-95 com.apple.cts[258]: com.apple.icloud.fmfd.heartbeat: scheduler_evaluate_activity told me to run this job; however, but the start time isn't for 440031 seconds.  Ignoring.
Jul  1 09:02:36 calvisitor-10-105-160-95 com.apple.cts[258]: com.apple.EscrowSecurityAlert.daily: scheduler_evaluate_activity told me to run this job; however, but the start time isn't for 14555 seconds.  Ignoring.
Jul  1 09:02:36 calvisitor-10-105-160-95 com.apple.cts[258]: com.apple.Safari.SafeBrowsing.Update: scheduler_evaluate_activity told me to run this job; however, but the start time isn't for 1030 seconds.  Ignoring.
Jul  1 09:02:36 calvisitor-10-105-160-95 com.apple.cts[258]: com.apple.icloud.fmfd.heartbeat: scheduler_evaluate_activity told me to run this job; however, but the start time isn't for 440031 seconds.  Ignoring.
Jul  1 09:02:36 calvisitor-10-105-160-95 com.apple.cts[258]: com.apple.EscrowSecurityAlert.daily: scheduler_evaluate_activity told me to run this job; however, but the start time isn't for 14555 seconds.  Ignoring.
Jul  1 09:02:37 calvisitor-10-105-160-95 QQ[10018]: FA||Url||taskID[2019352996] dealloc
Jul  1 09:02:41 calvisitor-10-105-160-95 com.apple.cts[43]: com.apple.CacheDelete.daily: scheduler_evaluate_activity told me to run this job; however, but the start time isn't for 14462 seconds.  Ignoring.
Jul  1 09:02:46 calvisitor-10-105-160-95 com.apple.cts[258]: com.apple.Safari.SafeBrowsing.Update: scheduler_evaluate_activity told me to run this job; however, but the start time isn't for 1020 seconds.  Ignoring.
Jul  1 09:02:46 calvisitor-10-105-160-95 com.apple.CDScheduler[258]: Thermal pressure state: 0 Memory pressure state: 0
Jul  1 09:02:46 calvisitor-10-105-160-95 com.apple.cts[258]: com.apple.icloud.fmfd.heartbeat: scheduler_evaluate_activity told me to run this job; however, but the start time isn't for 440021 seconds.  Ignoring.
Jul  1 09:02:46 calvisitor-10-105-160-95 com.apple.cts[258]: com.apple.EscrowSecurityAlert.daily: scheduler_evaluate_activity told me to run this job; however, but the start time isn't for 14545 seconds.  Ignoring.
Jul  1 09:02:46 calvisitor-10-105-160-95 com.apple.cts[43]: com.apple.CacheDelete.daily: scheduler_evaluate_activity told me to run this job; however, but the start time isn't for 14457 seconds.  Ignoring.
Jul  1 09:02:46 calvisitor-10-105-160-95 com.apple.CDScheduler[43]: Thermal pressure state: 0 Memory pressure state: 0
Jul  1 09:02:46 calvisitor-10-105-160-95 com.apple.cts[258]: com.apple.Safari.SafeBrowsing.Update: scheduler_evaluate_activity told me to run this job; however, but the start time isn't for 1020 seconds.  Ignoring.
Jul  1 09:02:46 calvisitor-10-105-160-95 com.apple.cts[43]: com.apple.CacheDelete.daily: scheduler_evaluate_activity told me to run this job; however, but the start time isn't for 14457 seconds.  Ignoring.
Jul  1 09:02:46 calvisitor-10-105-160-95 com.apple.cts[258]: com.apple.icloud.fmfd.heartbeat: scheduler_evaluate_activity told me to run this job; however, but the start time isn't for 440021 seconds.  Ignoring.
Jul  1 09:02:46 calvisitor-10-105-160-95 com.apple.cts[258]: com.apple.EscrowSecurityAlert.daily: scheduler_evaluate_activity told me to run this job; however, but the start time isn't for 14545 seconds.  Ignoring.
Jul  1 09:02:47 calvisitor-10-105-160-95 corecaptured[31125]: CCProfileMonitor::freeResources done
Jul  1 09:02:47 calvisitor-10-105-160-95 corecaptured[31125]: Got an XPC error: Connection invalid
Jul  1 09:02:47 calvisitor-10-105-160-95 corecaptured[31125]: CCDataTap::profileRemoved, Owner: com.apple.iokit.IO80211Family, Name: AssociationEventHistory
Jul  1 09:02:47 calvisitor-10-105-160-95 corecaptured[31125]: CCLogTap::profileRemoved, Owner: com.apple.iokit.IO80211Family, Name: OneStats
Jul  1 09:02:47 calvisitor-10-105-160-95 corecaptured[31125]: CCLogTap::profileRemoved, Owner: com.apple.driver.AirPort.Brcm4360.0, Name: DriverLogs
Jul  1 09:02:47 calvisitor-10-105-160-95 corecaptured[31125]: CCLogTap::profileRemoved, Owner: com.apple.iokit.IO80211Family, Name: IO80211AWDLPeerManager
Jul  1 09:02:47 calvisitor-10-105-160-95 corecaptured[31125]: CCDataTap::profileRemoved, Owner: com.apple.driver.AirPort.Brcm4360.0, Name: StateSnapshots
Jul  1 09:02:55 calvisitor-10-105-160-95 kernel[0]: IO80211AWDLPeerManager::setAwdlOperatingMode Setting the AWDL operation mode from AUTO to SUSPENDED
Jul  1 09:02:55 calvisitor-10-105-160-95 kernel[0]: IO80211AWDLPeerManager::setAwdlSuspendedMode() Suspending AWDL, enterQuietMode(true)
Jul  1 09:02:59 calvisitor-10-105-160-95 kernel[0]: IO80211AWDLPeerManager::setAwdlOperatingMode Setting the AWDL operation mode from SUSPENDED to AUTO
Jul  1 09:02:59 calvisitor-10-105-160-95 kernel[0]: IO80211AWDLPeerManager::setAwdlAutoMode Resuming AWDL
Jul  1 09:03:07 calvisitor-10-105-160-95 locationd[82]: Location icon should now be in state 'Active'
Jul  1 09:03:08 calvisitor-10-105-160-95 locationd[82]: NETWORK: requery, 0, 0, 0, 0, 292, items, fQueryRetries, 0, fLastRetryTimestamp, 520616166.1
Jul  1 09:03:11 calvisitor-10-105-160-95 kernel[0]: ARPT: 620747.928997: wl0: setup_keepalive: interval 900, retry_interval 30, retry_count 10
Jul  1 09:03:11 calvisitor-10-105-160-95 kernel[0]: ARPT: 620747.929011: wl0: setup_keepalive: Local IP: 10.105.160.95
Jul  1 09:03:11 calvisitor-10-105-160-95 kernel[0]: ARPT: 620747.929017: wl0: setup_keepalive: Remote IP: 17.249.28.76
Jul  1 09:03:11 calvisitor-10-105-160-95 kernel[0]: ARPT: 620747.929022: wl0: setup_keepalive: Local port: 61348, Remote port: 443
Jul  1 09:03:11 calvisitor-10-105-160-95 kernel[0]: ARPT: 620747.929030: wl0: setup_keepalive: Seq: 3226706533, Ack: 3871687177, Win size: 4096
Jul  1 09:03:11 calvisitor-10-105-160-95 kernel[0]: ARPT: 620747.929054: wl0: MDNS: IPV4 Addr: 10.105.160.95
Jul  1 09:03:11 calvisitor-10-105-160-95 kernel[0]: ARPT: 620747.929060: wl0: MDNS: IPV6 Addr: fe80:0:0:0:c6b3:1ff:fecd:467f
Jul  1 09:03:11 calvisitor-10-105-160-95 kernel[0]: ARPT: 620747.929066: wl0: MDNS: IPV6 Addr: 2607:f140:6000:8:c6b3:1ff:fecd:467f
Jul  1 09:03:11 calvisitor-10-105-160-95 kernel[0]: ARPT: 620747.929073: wl0: MDNS: IPV6 Addr: 2607:f140:6000:8:41b9:157b:8c58:6f0d
Jul  1 09:03:11 calvisitor-10-105-160-95 kernel[0]: ARPT: 620747.929078: wl0: MDNS: 0 SRV Recs, 0 TXT Recs
Jul  1 09:03:11 calvisitor-10-105-160-95 mDNSResponder[91]: mDNS_DeregisterInterface: Frequent transitions for interface awdl0 (FE80:0000:0000:0000:D8A5:90FF:FEF5:7FFF)
Jul  1 09:03:13 calvisitor-10-105-160-95 kernel[0]: PM response took 1972 ms (54, powerd)
Jul  1 09:03:13 calvisitor-10-105-160-95 kernel[0]: ARPT: 620749.901351: AirPort_Brcm43xx::powerChange: System Sleep 
Jul  1 09:03:13 calvisitor-10-105-160-95 kernel[0]: ARPT: 620749.901374: IOPMPowerSource Information: onSleep,  SleepType: Normal Sleep,  'ExternalConnected': Yes, 'TimeRemaining': 0, 
Jul  1 09:03:13 calvisitor-10-105-160-95 kernel[0]: AppleCamIn::systemWakeCall - messageType = 0xE0000340
Jul  1 09:04:33 calvisitor-10-105-160-95 kernel[0]: AppleThunderboltNHIType2::prePCIWake - power up complete - took 1 us
Jul  1 09:04:33 calvisitor-10-105-160-95 kernel[0]: AppleThunderboltGenericHAL::earlyWake - complete - took 0 milliseconds
Jul  1 09:04:33 calvisitor-10-105-160-95 kernel[0]: AirPort: Link Down on awdl0. Reason 1 (Unspecified).
Jul  1 09:04:33 calvisitor-10-105-160-95 kernel[0]: ARPT: 620750.434035: wl0: wl_update_tcpkeep_seq: Original Seq: 3226706533, Ack: 3871687177, Win size: 4096
Jul  1 09:04:33 calvisitor-10-105-160-95 kernel[0]: Bluetooth -- LE is supported - Disable LE meta event
Jul  1 09:04:33 calvisitor-10-105-160-95 kernel[0]: ARPT: 620750.434062: wl0: wl_update_tcpkeep_seq: Updated seq/ack/win from UserClient Seq 3226706533, Ack 3871687177, Win size 278
Jul  1 09:04:33 calvisitor-10-105-160-95 kernel[0]: ARPT: 620750.434089: wl0: leaveModulePoweredForOffloads: Wi-Fi will stay on.
Jul  1 09:04:33 calvisitor-10-105-160-95 kernel[0]: ARPT: 620750.469850: AirPort_Brcm43xx::platformWoWEnable: WWEN[enable]
Jul  1 09:04:33 calvisitor-10-105-160-95 kernel[0]: ARPT: 620750.470935: AirPort_Brcm43xx::syncPowerState: WWEN[enabled]
Jul  1 09:04:33 calvisitor-10-105-160-95 kernel[0]: IOThunderboltSwitch<0>(0x0)::listenerCallback - Thunderbolt HPD packet for route = 0x0 port = 11 unplug = 0
Jul  1 09:04:33 calvisitor-10-105-160-95 kernel[0]: AppleCamIn::systemWakeCall - messageType = 0xE0000340
Jul  1 09:03:15 calvisitor-10-105-160-95 kernel[0]: AppleThunderboltNHIType2::waitForOk2Go2Sx - intel_rp = 1 dlla_reporting_supported = 0
Jul  1 09:04:33 calvisitor-10-105-160-95 kernel[0]: AppleThunderboltNHIType2::waitForOk2Go2Sx - retries = 2
Jul  1 09:04:33 calvisitor-10-105-160-95 kernel[0]: Wake reason: ?
Jul  1 09:04:33 calvisitor-10-105-160-95 kernel[0]: AppleCamIn::systemWakeCall - messageType = 0xE0000340
Jul  1 09:04:33 calvisitor-10-105-160-95 kernel[0]: AppleCamIn::wakeEventHandlerThread
Jul  1 09:04:33 calvisitor-10-105-160-95 kernel[0]: Previous sleep cause: 5
Jul  1 09:04:33 calvisitor-10-105-160-95 kernel[0]: AppleThunderboltNHIType2::prePCIWake - power up complete - took 1 us
Jul  1 09:04:33 calvisitor-10-105-160-95 kernel[0]: AppleThunderboltGenericHAL::earlyWake - complete - took 1 milliseconds
Jul  1 09:04:33 calvisitor-10-105-160-95 kernel[0]: IOThunderboltSwitch<0>(0x0)::listenerCallback - Thunderbolt HPD packet for route = 0x0 port = 11 unplug = 0
Jul  1 09:04:33 calvisitor-10-105-160-95 kernel[0]: IOThunderboltSwitch<0>(0x0)::listenerCallback - Thunderbolt HPD packet for route = 0x0 port = 12 unplug = 0
Jul  1 09:04:33 calvisitor-10-105-160-95 kernel[0]: TBT W (2): 0x0040 [x]
Jul  1 09:04:33 calvisitor-10-105-160-95 kernel[0]: en0: channel changed to 1
Jul  1 09:04:33 calvisitor-10-105-160-95 kernel[0]: ARPT: 620752.250877: ARPT: Wake Reason: Wake on Scan offload
Jul  1 09:04:33 calvisitor-10-105-160-95 kernel[0]: AirPort: Link Down on en0. Reason 8 (Disassociated because station leaving).
Jul  1 09:04:33 calvisitor-10-105-160-95 kernel[0]: en0: channel changed to 1
Jul  1 09:04:33 calvisitor-10-105-160-95 kernel[0]: en0::IO80211Interface::postMessage bssid changed
Jul  1 09:04:33 calvisitor-10-105-160-95 symptomsd[215]: -[NetworkAnalyticsEngine _writeJournalRecord:fromCellFingerprint:key:atLOI:ofKind:lqm:isFaulty:] Hashing of the primary key failed. Dropping the journal record.
Jul  1 09:04:33 calvisitor-10-105-160-95 kernel[0]: AirPort: Link Up on awdl0
Jul  1 09:04:33 calvisitor-10-105-160-95 kernel[0]: en0: 802.11d country code set to 'X3'.
Jul  1 09:04:33 calvisitor-10-105-160-95 kernel[0]: en0: Supported channels 1 2 3 4 5 6 7 8 9 10 11 12 13 36 40 44 48 52 56 60 64 100 104 108 112 116 120 124 128 132 136 140 144 149 153 157 161
Jul  1 09:04:33 calvisitor-10-105-160-95 kernel[0]: in6_unlink_ifa: IPv6 address 0x77c911455cd9be2b has no prefix
Jul  1 09:04:33 authorMacBook-Pro configd[53]: setting hostname to "authorMacBook-Pro.local"
Jul  1 09:04:33 authorMacBook-Pro configd[53]: network changed: v4(en0-:10.105.160.95) v6(en0:2607:f140:6000:8:c6b3:1ff:fecd:467f) DNS! Proxy SMB
Jul  1 09:04:33 authorMacBook-Pro kernel[0]: USBMSC Identifier (non-unique): 000000000820 0x5ac 0x8406 0x820, 3
Jul  1 09:04:33 authorMacBook-Pro sharingd[30299]: 09:04:33.531 : BTLE scanner Powered On
Jul  1 09:04:33 --- last message repeated 2 times ---
Jul  1 09:04:33 authorMacBook-Pro kernel[0]: IO80211AWDLPeerManager::setAwdlOperatingMode Setting the AWDL operation mode from AUTO to SUSPENDED
Jul  1 09:04:33 authorMacBook-Pro kernel[0]: IO80211AWDLPeerManager::setAwdlSuspendedMode() Suspending AWDL, enterQuietMode(true)
Jul  1 09:04:33 authorMacBook-Pro Dock[307]: -[UABestAppSuggestionManager notifyBestAppChanged:type:options:bundleIdentifier:activityType:dynamicIdentifier:when:confidence:deviceName:deviceIdentifier:deviceType:] (null) UASuggestedActionType=0 (null)/(null) opts=(null) when=2017-07-01 16:04:33 +0000 confidence=1 from=(null)/(null) (UABestAppSuggestionManager.m #319)
Jul  1 09:04:33 authorMacBook-Pro kernel[0]: ARPT: 620752.337161: AirPort_Brcm43xx::powerChange: System Wake - Full Wake/ Dark Wake / Maintenance wake
Jul  1 09:04:33 authorMacBook-Pro kernel[0]: ARPT: 620752.337181: IOPMPowerSource Information: onWake,  SleepType: Normal Sleep,  'ExternalConnected': Yes, 'TimeRemaining': 0, 
Jul  1 09:04:33 authorMacBook-Pro kernel[0]: ARPT: 620752.337198: ARPT: Wake Reason: Wake on Scan offload
Jul  1 09:04:33 authorMacBook-Pro kernel[0]: ARPT: 620752.337248: AirPort_Brcm43xx::platformWoWEnable: WWEN[disable]
Jul  1 09:04:33 authorMacBook-Pro kernel[0]: AppleCamIn::systemWakeCall - messageType = 0xE0000340
Jul  1 09:04:33 authorMacBook-Pro kernel[0]: AppleCamIn::wakeEventHandlerThread
Jul  1 09:04:33 authorMacBook-Pro kernel[0]: [HID] [ATC] AppleDeviceManagementHIDEventService::processWakeReason Wake reason: Host (0x01)
Jul  1 09:04:33 authorMacBook-Pro com.apple.cts[43]: com.apple.CacheDelete.daily: scheduler_evaluate_activity told me to run this job; however, but the start time isn't for 14350 seconds.  Ignoring.
Jul  1 09:04:33 authorMacBook-Pro com.apple.cts[258]: com.apple.Safari.SafeBrowsing.Update: scheduler_evaluate_activity told me to run this job; however, but the start time isn't for 913 seconds.  Ignoring.
Jul  1 09:04:33 authorMacBook-Pro com.apple.cts[258]: com.apple.icloud.fmfd.heartbeat: scheduler_evaluate_activity told me to run this job; however, but the start time isn't for 439914 seconds.  Ignoring.
Jul  1 09:04:33 authorMacBook-Pro com.apple.cts[258]: com.apple.EscrowSecurityAlert.daily: scheduler_evaluate_activity told me to run this job; however, but the start time isn't for 14438 seconds.  Ignoring.
Jul  1 09:04:33 authorMacBook-Pro kernel[0]: in6_unlink_ifa: IPv6 address 0x77c911455cd9ba3b has no prefix
Jul  1 09:04:33 authorMacBook-Pro networkd[195]: nw_nat64_post_new_ifstate successfully changed NAT64 ifstate from 0x8000000000000000 to 0x4
Jul  1 09:04:33 authorMacBook-Pro networkd[195]: -[NETClientConnection evaluateCrazyIvan46] CI46 - Perform CrazyIvan46! QQ.10018 tc18791 123.151.137.107:80
Jul  1 09:04:33 authorMacBook-Pro com.apple.geod[30311]: PBRequester failed with Error Error Domain=NSURLErrorDomain Code=-1009 "The Internet connection appears to be offline." UserInfo={NSUnderlyingError=0x7fe13370c100 {Error Domain=kCFErrorDomainCFNetwork Code=-1009 "The Internet connection appears to be offline." UserInfo={NSErrorFailingURLStringKey=https://gsp-ssl.ls.apple.com/dispatcher.arpc, NSErrorFailingURLKey=https://gsp-ssl.ls.apple.com/dispatcher.arpc, _kCFStreamErrorCodeKey=57, _kCFStreamErrorDomainKey=1, NSLocalizedDescription=The Internet connection appears to be offline.}}, NSErrorFailingURLStringKey=https://gsp-ssl.ls.apple.com/dispatcher.arpc, NSErrorFailingURLKey=https://gsp-ssl.ls.apple.com/dispatcher.arpc, _kCFStreamErrorDomainKey=1, _kCFStreamErrorCodeKey=57, NSLocalizedDescription=The Internet connection appears to be offline.}
Jul  1 09:04:33 authorMacBook-Pro networkd[195]: __42-[NETClientConnection evaluateCrazyIvan46]_block_invoke CI46 - Hit by torpedo! QQ.10018 tc18791 123.151.137.107:80
Jul  1 09:04:33 authorMacBook-Pro UserEventAgent[43]: Captive: CNPluginHandler en0: Inactive
Jul  1 09:04:33 authorMacBook-Pro locationd[82]: PBRequester failed with Error Error Domain=NSURLErrorDomain Code=-1009 "The Internet connection appears to be offline." UserInfo={NSUnderlyingError=0x7fb7ed02f140 {Error Domain=kCFErrorDomainCFNetwork Code=-1009 "The Internet connection appears to be offline." UserInfo={NSErrorFailingURLStringKey=https://gs-loc.apple.com/clls/wloc, NSErrorFailingURLKey=https://gs-loc.apple.com/clls/wloc, _kCFStreamErrorCodeKey=57, _kCFStreamErrorDomainKey=1, NSLocalizedDescription=The Internet connection appears to be offline.}}, NSErrorFailingURLStringKey=https://gs-loc.apple.com/clls/wloc, NSErrorFailingURLKey=https://gs-loc.apple.com/clls/wloc, _kCFStreamErrorDomainKey=1, _kCFStreamErrorCodeKey=57, NSLocalizedDescription=The Internet connection appears to be offline.}
Jul  1 09:04:33 authorMacBook-Pro locationd[82]: NETWORK: no response from server, reachability, 2, queryRetries, 0
Jul  1 09:04:33 authorMacBook-Pro networkd[195]: nw_nat64_post_new_ifstate successfully changed NAT64 ifstate from 0x4 to 0x8000000000000000
Jul  1 09:04:34 authorMacBook-Pro cdpd[11807]: Saw change in network reachability (isReachable=0)
Jul  1 09:04:34 authorMacBook-Pro netbiosd[31138]: network_reachability_changed : network is not reachable, netbiosd is shutting down
Jul  1 09:04:34 authorMacBook-Pro symptomsd[215]: __73-[NetworkAnalyticsEngine observeValueForKeyPath:ofObject:change:context:]_block_invoke unexpected switch value 2
Jul  1 09:04:34 authorMacBook-Pro kernel[0]: Setting BTCoex Config: enable_2G:1, profile_2g:0, enable_5G:1, profile_5G:0
Jul  1 09:04:34 authorMacBook-Pro kernel[0]: AirPort: Link Up on en0
Jul  1 09:04:34 authorMacBook-Pro kernel[0]: en0: BSSID changed to 5c:50:15:4c:18:1c
Jul  1 09:04:34 authorMacBook-Pro kernel[0]: en0: channel changed to 132,+1
Jul  1 09:04:34 authorMacBook-Pro kernel[0]: en0::IO80211Interface::postMessage bssid changed
Jul  1 09:04:34 authorMacBook-Pro symptomsd[215]: -[NetworkAnalyticsEngine _writeJournalRecord:fromCellFingerprint:key:atLOI:ofKind:lqm:isFaulty:] Hashing of the primary key failed. Dropping the journal record.
Jul  1 09:04:34 authorMacBook-Pro kernel[0]: en0: 802.11d country code set to 'US'.
Jul  1 09:04:34 authorMacBook-Pro kernel[0]: en0: Supported channels 1 2 3 4 5 6 7 8 9 10 11 12 13 36 40 44 48 52 56 60 64 100 104 108 112 116 120 124 128 132 136 140 144 149 153 157 161 165
Jul  1 09:04:34 authorMacBook-Pro kernel[0]: Unexpected payload found for message 9, dataLen 0
Jul  1 09:04:34 authorMacBook-Pro configd[53]: network changed: v6(en0-:2607:f140:6000:8:c6b3:1ff:fecd:467f) DNS- Proxy-
Jul  1 09:04:34 authorMacBook-Pro QQ[10018]: tcp_connection_handle_connect_conditions_bad 18797 failed: 3 - No network route
Jul  1 09:04:34 authorMacBook-Pro QQ[10018]: tcp_connection_handle_connect_conditions_bad 18798 failed: 3 - No network route
Jul  1 09:04:34 authorMacBook-Pro com.apple.WebKit.WebContent[25654]: [09:04:34.586] <<<< CRABS >>>> crabsFlumeHostUnavailable: [0x7f961cf08cf0] Byte flume reports host unavailable.
Jul  1 09:04:34 authorMacBook-Pro networkd[195]: -[NETClientConnection effectiveBundleID] using process name apsd as bundle ID (this is expected for daemons without bundle ID
Jul  1 09:04:34 authorMacBook-Pro networkd[195]: -[NETClientConnection effectiveBundleID] using process name locationd as bundle ID (this is expected for daemons without bundle ID
Jul  1 09:04:34 authorMacBook-Pro networkd[195]: -[NETClientConnection effectiveBundleID] using process name apsd as bundle ID (this is expected for daemons without bundle ID
Jul  1 09:04:34 authorMacBook-Pro locationd[82]: PBRequester failed with Error Error Domain=NSURLErrorDomain Code=-1009 "The Internet connection appears to be offline." UserInfo={NSUnderlyingError=0x7fb7ed339da0 {Error Domain=kCFErrorDomainCFNetwork Code=-1009 "The Internet connection appears to be offline." UserInfo={NSErrorFailingURLStringKey=https://gs-loc.apple.com/clls/wloc, NSErrorFailingURLKey=https://gs-loc.apple.com/clls/wloc, _kCFStreamErrorCodeKey=8, _kCFStreamErrorDomainKey=12, NSLocalizedDescription=The Internet connection appears to be offline.}}, NSErrorFailingURLStringKey=https://gs-loc.apple.com/clls/wloc, NSErrorFailingURLKey=https://gs-loc.apple.com/clls/wloc, _kCFStreamErrorDomainKey=12, _kCFStreamErrorCodeKey=8, NSLocalizedDescription=The Internet connection appears to be offline.}
Jul  1 09:04:34 authorMacBook-Pro locationd[82]: NETWORK: no response from server, reachability, 2, queryRetries, 1
Jul  1 09:04:34 authorMacBook-Pro kernel[0]: PM response took 998 ms (54, powerd)
Jul  1 09:04:34 authorMacBook-Pro Dropbox[24019]: [0701/090434:WARNING:dns_config_service_posix.cc(306)] Failed to read DnsConfig.
Jul  1 09:04:34 authorMacBook-Pro UserEventAgent[43]: Captive: [CNInfoNetworkActive:1748] en0: SSID 'CalVisitor' making interface primary (cache indicates network not captive)
Jul  1 09:04:34 authorMacBook-Pro configd[53]: network changed: DNS* Proxy
Jul  1 09:04:34 authorMacBook-Pro UserEventAgent[43]: Captive: CNPluginHandler en0: Evaluating
Jul  1 09:04:34 authorMacBook-Pro UserEventAgent[43]: Captive: en0: Not probing 'CalVisitor' (cache indicates not captive)
Jul  1 09:04:34 authorMacBook-Pro UserEventAgent[43]: Captive: CNPluginHandler en0: Authenticated
Jul  1 09:04:34 authorMacBook-Pro configd[53]: network changed: v6(en0!:2607:f140:6000:8:c6b3:1ff:fecd:467f) DNS+ Proxy+ SMB
Jul  1 09:04:34 authorMacBook-Pro kernel[0]: IO80211AWDLPeerManager::setAwdlOperatingMode Setting the AWDL operation mode from SUSPENDED to AUTO
Jul  1 09:04:34 authorMacBook-Pro kernel[0]: IO80211AWDLPeerManager::setAwdlAutoMode Resuming AWDL
Jul  1 09:04:34 authorMacBook-Pro networkd[195]: nw_nat64_post_new_ifstate successfully changed NAT64 ifstate from 0x8000000000000000 to 0x4
Jul  1 09:04:35 authorMacBook-Pro cdpd[11807]: Saw change in network reachability (isReachable=2)
Jul  1 09:04:35 authorMacBook-Pro com.apple.WebKit.WebContent[25654]: [09:04:35.054] <<<< CRABS >>>> crabsFlumeHostAvailable: [0x7f961cf08cf0] Byte flume reports host available again.
Jul  1 09:04:35 authorMacBook-Pro symptomsd[215]: __73-[NetworkAnalyticsEngine observeValueForKeyPath:ofObject:change:context:]_block_invoke unexpected switch value 2
Jul  1 09:04:35 authorMacBook-Pro networkd[195]: -[NETClientConnection evaluateCrazyIvan46] CI46 - Perform CrazyIvan46! NeteaseMusic.17988 tc7426 103.251.128.144:80
Jul  1 09:04:35 authorMacBook-Pro sandboxd[129] ([10018]): QQ(10018) deny mach-lookup com.apple.networking.captivenetworksupport
Jul  1 09:04:35 authorMacBook-Pro networkd[195]: -[NETClientConnection evaluateCrazyIvan46] CI46 - Perform CrazyIvan46! QQ.10018 tc18801 119.81.102.227:80
Jul  1 09:04:35 authorMacBook-Pro locationd[82]: Location icon should now be in state 'Inactive'
Jul  1 09:04:36 authorMacBook-Pro configd[53]: network changed: v6(en0:2607:f140:6000:8:c6b3:1ff:fecd:467f) DNS! Proxy SMB
Jul  1 09:04:36 authorMacBook-Pro configd[53]: network changed: v4(en0+:10.105.160.95) v6(en0:2607:f140:6000:8:c6b3:1ff:fecd:467f) DNS! Proxy SMB
Jul  1 09:04:36 authorMacBook-Pro networkd[195]: nw_nat64_post_new_ifstate successfully changed NAT64 ifstate from 0x4 to 0x8000000000000000
Jul  1 09:04:37 authorMacBook-Pro symptomsd[215]: __73-[NetworkAnalyticsEngine observeValueForKeyPath:ofObject:change:context:]_block_invoke unexpected switch value 2
Jul  1 09:04:38 authorMacBook-Pro kernel[0]: AppleCamIn::handleWakeEvent_gated
Jul  1 09:04:38 --- last message repeated 1 time ---
Jul  1 09:04:38 authorMacBook-Pro networkd[195]: __42-[NETClientConnection evaluateCrazyIvan46]_block_invoke CI46 - Hit by torpedo! NeteaseMusic.17988 tc7426 103.251.128.144:80
Jul  1 09:04:38 authorMacBook-Pro networkd[195]: __42-[NETClientConnection evaluateCrazyIvan46]_block_invoke CI46 - Hit by torpedo! QQ.10018 tc18801 119.81.102.227:80
Jul  1 09:04:38 authorMacBook-Pro NeteaseMusic[17988]: tcp_connection_handle_connect_conditions_bad 7426 failed: 3 - No network route
Jul  1 09:04:38 authorMacBook-Pro QQ[10018]: tcp_connection_handle_connect_conditions_bad 18801 failed: 3 - No network route
Jul  1 09:04:38 calvisitor-10-105-160-95 configd[53]: setting hostname to "calvisitor-10-105-160-95.calvisitor.1918.berkeley.edu"
Jul  1 09:04:40 calvisitor-10-105-160-95 com.apple.cts[258]: com.apple.Safari.SafeBrowsing.Update: scheduler_evaluate_activity told me to run this job; however, but the start time isn't for 906 seconds.  Ignoring.
Jul  1 09:04:40 calvisitor-10-105-160-95 com.apple.cts[258]: com.apple.icloud.fmfd.heartbeat: scheduler_evaluate_activity told me to run this job; however, but the start time isn't for 439907 seconds.  Ignoring.
Jul  1 09:04:40 calvisitor-10-105-160-95 com.apple.cts[258]: com.apple.EscrowSecurityAlert.daily: scheduler_evaluate_activity told me to run this job; however, but the start time isn't for 14431 seconds.  Ignoring.
Jul  1 09:04:40 calvisitor-10-105-160-95 com.apple.cts[258]: com.apple.Safari.SafeBrowsing.Update: scheduler_evaluate_activity told me to run this job; however, but the start time isn't for 906 seconds.  Ignoring.
Jul  1 09:04:40 calvisitor-10-105-160-95 com.apple.cts[258]: com.apple.icloud.fmfd.heartbeat: scheduler_evaluate_activity told me to run this job; however, but the start time isn't for 439907 seconds.  Ignoring.
Jul  1 09:04:40 calvisitor-10-105-160-95 com.apple.cts[258]: com.apple.EscrowSecurityAlert.daily: scheduler_evaluate_activity told me to run this job; however, but the start time isn't for 14431 seconds.  Ignoring.
Jul  1 09:04:40 calvisitor-10-105-160-95 com.apple.cts[258]: com.apple.Safari.SafeBrowsing.Update: scheduler_evaluate_activity told me to run this job; however, but the start time isn't for 906 seconds.  Ignoring.
Jul  1 09:04:40 calvisitor-10-105-160-95 com.apple.cts[258]: com.apple.icloud.fmfd.heartbeat: scheduler_evaluate_activity told me to run this job; however, but the start time isn't for 439907 seconds.  Ignoring.
Jul  1 09:04:40 calvisitor-10-105-160-95 com.apple.cts[258]: com.apple.EscrowSecurityAlert.daily: scheduler_evaluate_activity told me to run this job; however, but the start time isn't for 14431 seconds.  Ignoring.
Jul  1 09:04:43 calvisitor-10-105-160-95 com.apple.cts[258]: com.apple.Safari.SafeBrowsing.Update: scheduler_evaluate_activity told me to run this job; however, but the start time isn't for 903 seconds.  Ignoring.
Jul  1 09:04:43 calvisitor-10-105-160-95 com.apple.cts[258]: com.apple.icloud.fmfd.heartbeat: scheduler_evaluate_activity told me to run this job; however, but the start time isn't for 439904 seconds.  Ignoring.
Jul  1 09:04:43 calvisitor-10-105-160-95 com.apple.CDScheduler[258]: Thermal pressure state: 1 Memory pressure state: 0
Jul  1 09:04:43 calvisitor-10-105-160-95 com.apple.cts[258]: com.apple.EscrowSecurityAlert.daily: scheduler_evaluate_activity told me to run this job; however, but the start time isn't for 14428 seconds.  Ignoring.
Jul  1 09:04:43 calvisitor-10-105-160-95 com.apple.cts[43]: com.apple.CacheDelete.daily: scheduler_evaluate_activity told me to run this job; however, but the start time isn't for 14340 seconds.  Ignoring.
Jul  1 09:04:43 calvisitor-10-105-160-95 com.apple.CDScheduler[43]: Thermal pressure state: 1 Memory pressure state: 0
Jul  1 09:04:43 calvisitor-10-105-160-95 com.apple.cts[258]: com.apple.Safari.SafeBrowsing.Update: scheduler_evaluate_activity told me to run this job; however, but the start time isn't for 903 seconds.  Ignoring.
Jul  1 09:04:43 calvisitor-10-105-160-95 com.apple.cts[43]: com.apple.CacheDelete.daily: scheduler_evaluate_activity told me to run this job; however, but the start time isn't for 14340 seconds.  Ignoring.
Jul  1 09:04:43 calvisitor-10-105-160-95 com.apple.cts[258]: com.apple.icloud.fmfd.heartbeat: scheduler_evaluate_activity told me to run this job; however, but the start time isn't for 439904 seconds.  Ignoring.
Jul  1 09:04:43 calvisitor-10-105-160-95 com.apple.cts[258]: com.apple.EscrowSecurityAlert.daily: scheduler_evaluate_activity told me to run this job; however, but the start time isn't for 14428 seconds.  Ignoring.
Jul  1 09:04:44 calvisitor-10-105-160-95 QQ[10018]: ############################## _getSysMsgList
Jul  1 09:04:45 --- last message repeated 1 time ---
Jul  1 09:04:45 calvisitor-10-105-160-95 QQ[10018]: FA||Url||taskID[2019352997] dealloc
Jul  1 09:04:53 calvisitor-10-105-160-95 com.apple.cts[258]: com.apple.Safari.SafeBrowsing.Update: scheduler_evaluate_activity told me to run this job; however, but the start time isn't for 893 seconds.  Ignoring.
Jul  1 09:04:53 calvisitor-10-105-160-95 com.apple.CDScheduler[258]: Thermal pressure state: 0 Memory pressure state: 0
Jul  1 09:04:53 calvisitor-10-105-160-95 com.apple.cts[258]: com.apple.icloud.fmfd.heartbeat: scheduler_evaluate_activity told me to run this job; however, but the start time isn't for 439894 seconds.  Ignoring.
Jul  1 09:04:53 calvisitor-10-105-160-95 com.apple.cts[258]: com.apple.EscrowSecurityAlert.daily: scheduler_evaluate_activity told me to run this job; however, but the start time isn't for 14418 seconds.  Ignoring.
Jul  1 09:04:53 calvisitor-10-105-160-95 com.apple.cts[43]: com.apple.CacheDelete.daily: scheduler_evaluate_activity told me to run this job; however, but the start time isn't for 14330 seconds.  Ignoring.
Jul  1 09:04:53 calvisitor-10-105-160-95 com.apple.CDScheduler[43]: Thermal pressure state: 0 Memory pressure state: 0
Jul  1 09:04:53 calvisitor-10-105-160-95 com.apple.cts[43]: com.apple.CacheDelete.daily: scheduler_evaluate_activity told me to run this job; however, but the start time isn't for 14330 seconds.  Ignoring.
Jul  1 09:04:53 calvisitor-10-105-160-95 com.apple.cts[258]: com.apple.Safari.SafeBrowsing.Update: scheduler_evaluate_activity told me to run this job; however, but the start time isn't for 893 seconds.  Ignoring.
Jul  1 09:04:53 calvisitor-10-105-160-95 com.apple.cts[258]: com.apple.icloud.fmfd.heartbeat: scheduler_evaluate_activity told me to run this job; however, but the start time isn't for 439894 seconds.  Ignoring.
Jul  1 09:04:53 calvisitor-10-105-160-95 com.apple.cts[258]: com.apple.EscrowSecurityAlert.daily: scheduler_evaluate_activity told me to run this job; however, but the start time isn't for 14418 seconds.  Ignoring.
Jul  1 09:04:58 calvisitor-10-105-160-95 kernel[0]: IO80211AWDLPeerManager::setAwdlOperatingMode Setting the AWDL operation mode from AUTO to SUSPENDED
Jul  1 09:04:58 calvisitor-10-105-160-95 kernel[0]: IO80211AWDLPeerManager::setAwdlSuspendedMode() Suspending AWDL, enterQuietMode(true)
Jul  1 09:05:00 calvisitor-10-105-160-95 com.apple.cts[43]: com.apple.CacheDelete.daily: scheduler_evaluate_activity told me to run this job; however, but the start time isn't for 14323 seconds.  Ignoring.
Jul  1 09:05:02 calvisitor-10-105-160-95 kernel[0]: ARPT: 620781.543931: wl0: Roamed or switched channel, reason #8, bssid 5c:50:15:36:bc:03, last RSSI -72
Jul  1 09:05:02 calvisitor-10-105-160-95 kernel[0]: en0: BSSID changed to 5c:50:15:36:bc:03
Jul  1 09:05:02 calvisitor-10-105-160-95 kernel[0]: en0: channel changed to 6
Jul  1 09:05:02 calvisitor-10-105-160-95 kernel[0]: en0::IO80211Interface::postMessage bssid changed
Jul  1 09:05:02 calvisitor-10-105-160-95 symptomsd[215]: -[NetworkAnalyticsEngine _writeJournalRecord:fromCellFingerprint:key:atLOI:ofKind:lqm:isFaulty:] Hashing of the primary key failed. Dropping the journal record.
Jul  1 09:05:02 calvisitor-10-105-160-95 kernel[0]: IO80211AWDLPeerManager::setAwdlOperatingMode Setting the AWDL operation mode from SUSPENDED to AUTO
Jul  1 09:05:02 calvisitor-10-105-160-95 kernel[0]: IO80211AWDLPeerManager::setAwdlAutoMode Resuming AWDL
Jul  1 09:05:02 calvisitor-10-105-160-95 kernel[0]: Setting BTCoex Config: enable_2G:1, profile_2g:0, enable_5G:1, profile_5G:0
Jul  1 09:05:02 calvisitor-10-105-160-95 symptomsd[215]: -[NetworkAnalyticsEngine _writeJournalRecord:fromCellFingerprint:key:atLOI:ofKind:lqm:isFaulty:] Hashing of the primary key failed. Dropping the journal record.
Jul  1 09:05:18 calvisitor-10-105-160-95 kernel[0]: ARPT: 620797.391728: wl0: setup_keepalive: interval 900, retry_interval 30, retry_count 10
Jul  1 09:05:18 calvisitor-10-105-160-95 kernel[0]: ARPT: 620797.391742: wl0: setup_keepalive: Local IP: 10.105.160.95
Jul  1 09:05:18 calvisitor-10-105-160-95 kernel[0]: ARPT: 620797.391750: wl0: setup_keepalive: Remote IP: 17.249.28.79
Jul  1 09:05:18 calvisitor-10-105-160-95 kernel[0]: ARPT: 620797.391758: wl0: setup_keepalive: Local port: 61417, Remote port: 443
Jul  1 09:05:18 calvisitor-10-105-160-95 kernel[0]: ARPT: 620797.391767: wl0: setup_keepalive: Seq: 1725909382, Ack: 2124849334, Win size: 4096
Jul  1 09:05:18 calvisitor-10-105-160-95 kernel[0]: ARPT: 620797.391796: wl0: MDNS: IPV4 Addr: 10.105.160.95
Jul  1 09:05:18 calvisitor-10-105-160-95 kernel[0]: ARPT: 620797.391805: wl0: MDNS: IPV6 Addr: fe80:0:0:0:c6b3:1ff:fecd:467f
Jul  1 09:05:18 calvisitor-10-105-160-95 kernel[0]: ARPT: 620797.391814: wl0: MDNS: IPV6 Addr: 2607:f140:6000:8:c6b3:1ff:fecd:467f
Jul  1 09:05:18 calvisitor-10-105-160-95 kernel[0]: ARPT: 620797.391823: wl0: MDNS: IPV6 Addr: 2607:f140:6000:8:e108:d25b:f3ac:f958
Jul  1 09:05:18 calvisitor-10-105-160-95 kernel[0]: ARPT: 620797.391830: wl0: MDNS: 0 SRV Recs, 0 TXT Recs
Jul  1 09:05:20 calvisitor-10-105-160-95 kernel[0]: PM response took 1967 ms (54, powerd)
Jul  1 09:05:20 calvisitor-10-105-160-95 kernel[0]: ARPT: 620799.357167: AirPort_Brcm43xx::powerChange: System Sleep 
Jul  1 09:05:20 calvisitor-10-105-160-95 kernel[0]: ARPT: 620799.357190: IOPMPowerSource Information: onSleep,  SleepType: Normal Sleep,  'ExternalConnected': Yes, 'TimeRemaining': 0, 
Jul  1 09:05:20 calvisitor-10-105-160-95 kernel[0]: AppleCamIn::systemWakeCall - messageType = 0xE0000340
Jul  1 09:12:19 calvisitor-10-105-160-95 kernel[0]: AppleThunderboltNHIType2::prePCIWake - power up complete - took 5 us
Jul  1 09:12:19 calvisitor-10-105-160-95 kernel[0]: AppleThunderboltGenericHAL::earlyWake - complete - took 0 milliseconds
Jul  1 09:12:19 calvisitor-10-105-160-95 kernel[0]: Bluetooth -- LE is supported - Disable LE meta event
Jul  1 09:12:19 calvisitor-10-105-160-95 kernel[0]: AirPort: Link Down on awdl0. Reason 1 (Unspecified).
Jul  1 09:12:19 calvisitor-10-105-160-95 kernel[0]: ARPT: 620799.883019: wl0: wl_update_tcpkeep_seq: Original Seq: 1725909382, Ack: 2124849334, Win size: 4096
Jul  1 09:12:19 calvisitor-10-105-160-95 kernel[0]: ARPT: 620799.883046: wl0: wl_update_tcpkeep_seq: Updated seq/ack/win from UserClient Seq 1725909382, Ack 2124849334, Win size 278
Jul  1 09:12:19 calvisitor-10-105-160-95 kernel[0]: ARPT: 620799.883074: wl0: leaveModulePoweredForOffloads: Wi-Fi will stay on.
Jul  1 09:12:19 calvisitor-10-105-160-95 kernel[0]: ARPT: 620799.913828: AirPort_Brcm43xx::platformWoWEnable: WWEN[enable]
Jul  1 09:12:19 calvisitor-10-105-160-95 kernel[0]: ARPT: 620799.914859: AirPort_Brcm43xx::syncPowerState: WWEN[enabled]
Jul  1 09:12:19 calvisitor-10-105-160-95 kernel[0]: IOThunderboltSwitch<0>(0x0)::listenerCallback - Thunderbolt HPD packet for route = 0x0 port = 11 unplug = 0
Jul  1 09:12:19 calvisitor-10-105-160-95 kernel[0]: IOThunderboltSwitch<0>(0x0)::listenerCallback - Thunderbolt HPD packet for route = 0x0 port = 12 unplug = 0
Jul  1 09:12:19 calvisitor-10-105-160-95 kernel[0]: AppleCamIn::systemWakeCall - messageType = 0xE0000340
Jul  1 09:05:22 calvisitor-10-105-160-95 kernel[0]: AppleThunderboltNHIType2::waitForOk2Go2Sx - intel_rp = 1 dlla_reporting_supported = 0
Jul  1 09:12:19 calvisitor-10-105-160-95 kernel[0]: AppleThunderboltNHIType2::waitForOk2Go2Sx - retries = 6
Jul  1 09:12:19 calvisitor-10-105-160-95 kernel[0]: Wake reason: ?
Jul  1 09:12:19 calvisitor-10-105-160-95 kernel[0]: AppleCamIn::systemWakeCall - messageType = 0xE0000340
Jul  1 09:12:19 calvisitor-10-105-160-95 kernel[0]: AppleCamIn::wakeEventHandlerThread
Jul  1 09:12:19 calvisitor-10-105-160-95 syslogd[44]: ASL Sender Statistics
Jul  1 09:12:19 calvisitor-10-105-160-95 kernel[0]: RTC: PowerByCalendarDate setting ignored
Jul  1 09:12:19 calvisitor-10-105-160-95 kernel[0]: Previous sleep cause: 5
Jul  1 09:12:19 calvisitor-10-105-160-95 kernel[0]: AppleThunderboltNHIType2::prePCIWake - power up complete - took 1 us
Jul  1 09:12:19 calvisitor-10-105-160-95 kernel[0]: in6_unlink_ifa: IPv6 address 0x77c911455cd9b3ab has no prefix
Jul  1 09:12:19 calvisitor-10-105-160-95 kernel[0]: AppleThunderboltGenericHAL::earlyWake - complete - took 2 milliseconds
Jul  1 09:12:19 calvisitor-10-105-160-95 kernel[0]: IOThunderboltSwitch<0>(0x0)::listenerCallback - Thunderbolt HPD packet for route = 0x0 port = 11 unplug = 0
Jul  1 09:12:19 calvisitor-10-105-160-95 kernel[0]: IOThunderboltSwitch<0>(0x0)::listenerCallback - Thunderbolt HPD packet for route = 0x0 port = 12 unplug = 0
Jul  1 09:12:19 calvisitor-10-105-160-95 kernel[0]: TBT W (2): 0x0040 [x]
Jul  1 09:12:19 calvisitor-10-105-160-95 kernel[0]: en0: channel changed to 1
Jul  1 09:12:19 calvisitor-10-105-160-95 kernel[0]: ARPT: 620801.708851: ARPT: Wake Reason: Wake on Scan offload
Jul  1 09:12:19 calvisitor-10-105-160-95 kernel[0]: AirPort: Link Down on en0. Reason 8 (Disassociated because station leaving).
Jul  1 09:12:19 calvisitor-10-105-160-95 kernel[0]: en0: channel changed to 1
Jul  1 09:12:19 calvisitor-10-105-160-95 kernel[0]: en0::IO80211Interface::postMessage bssid changed
Jul  1 09:12:19 calvisitor-10-105-160-95 symptomsd[215]: -[NetworkAnalyticsEngine _writeJournalRecord:fromCellFingerprint:key:atLOI:ofKind:lqm:isFaulty:] Hashing of the primary key failed. Dropping the journal record.
Jul  1 09:12:19 calvisitor-10-105-160-95 kernel[0]: AirPort: Link Up on awdl0
Jul  1 09:12:19 calvisitor-10-105-160-95 kernel[0]: en0: 802.11d country code set to 'X3'.
Jul  1 09:12:19 calvisitor-10-105-160-95 kernel[0]: en0: Supported channels 1 2 3 4 5 6 7 8 9 10 11 12 13 36 40 44 48 52 56 60 64 100 104 108 112 116 120 124 128 132 136 140 144 149 153 157 161
Jul  1 09:12:19 calvisitor-10-105-160-95 kernel[0]: Setting BTCoex Config: enable_2G:1, profile_2g:0, enable_5G:1, profile_5G:0
Jul  1 09:12:19 calvisitor-10-105-160-95 configd[53]: network changed: v4(en0-:10.105.160.95) v6(en0:2607:f140:6000:8:c6b3:1ff:fecd:467f) DNS! Proxy SMB
Jul  1 09:12:19 authorMacBook-Pro configd[53]: setting hostname to "authorMacBook-Pro.local"
Jul  1 09:12:19 authorMacBook-Pro kernel[0]: USBMSC Identifier (non-unique): 000000000820 0x5ac 0x8406 0x820, 3
Jul  1 09:12:19 authorMacBook-Pro sharingd[30299]: 09:12:19.527 : BTLE scanner Powered On
Jul  1 09:12:19 authorMacBook-Pro sharingd[30299]: 09:12:19.528 : BTLE scanner Powered On
Jul  1 09:12:19 --- last message repeated 1 time ---
Jul  1 09:12:19 authorMacBook-Pro kernel[0]: IO80211AWDLPeerManager::setAwdlOperatingMode Setting the AWDL operation mode from AUTO to SUSPENDED
Jul  1 09:12:19 authorMacBook-Pro kernel[0]: IO80211AWDLPeerManager::setAwdlSuspendedMode() Suspending AWDL, enterQuietMode(true)
Jul  1 09:12:19 authorMacBook-Pro Dock[307]: -[UABestAppSuggestionManager notifyBestAppChanged:type:options:bundleIdentifier:activityType:dynamicIdentifier:when:confidence:deviceName:deviceIdentifier:deviceType:] (null) UASuggestedActionType=0 (null)/(null) opts=(null) when=2017-07-01 16:12:19 +0000 confidence=1 from=(null)/(null) (UABestAppSuggestionManager.m #319)
Jul  1 09:12:19 authorMacBook-Pro kernel[0]: ARPT: 620801.801994: AirPort_Brcm43xx::powerChange: System Wake - Full Wake/ Dark Wake / Maintenance wake
Jul  1 09:12:19 authorMacBook-Pro kernel[0]: ARPT: 620801.802020: IOPMPowerSource Information: onWake,  SleepType: Normal Sleep,  'ExternalConnected': Yes, 'TimeRemaining': 0, 
Jul  1 09:12:19 authorMacBook-Pro kernel[0]: ARPT: 620801.802036: ARPT: Wake Reason: Wake on Scan offload
Jul  1 09:12:19 authorMacBook-Pro kernel[0]: ARPT: 620801.802094: AirPort_Brcm43xx::platformWoWEnable: WWEN[disable]
Jul  1 09:12:19 authorMacBook-Pro kernel[0]: AppleCamIn::systemWakeCall - messageType = 0xE0000340
Jul  1 09:12:19 authorMacBook-Pro kernel[0]: AppleCamIn::wakeEventHandlerThread
Jul  1 09:12:19 authorMacBook-Pro kernel[0]: [HID] [ATC] AppleDeviceManagementHIDEventService::processWakeReason Wake reason: Host (0x01)
Jul  1 09:12:19 authorMacBook-Pro com.apple.cts[43]: com.apple.CacheDelete.daily: scheduler_evaluate_activity told me to run this job; however, but the start time isn't for 13884 seconds.  Ignoring.
Jul  1 09:12:19 authorMacBook-Pro com.apple.cts[258]: com.apple.Safari.SafeBrowsing.Update: scheduler_evaluate_activity told me to run this job; however, but the start time isn't for 447 seconds.  Ignoring.
Jul  1 09:12:19 authorMacBook-Pro com.apple.cts[258]: com.apple.icloud.fmfd.heartbeat: scheduler_evaluate_activity told me to run this job; however, but the start time isn't for 439448 seconds.  Ignoring.
Jul  1 09:12:19 authorMacBook-Pro com.apple.cts[258]: com.apple.EscrowSecurityAlert.daily: scheduler_evaluate_activity told me to run this job; however, but the start time isn't for 13972 seconds.  Ignoring.
Jul  1 09:12:19 authorMacBook-Pro kernel[0]: in6_unlink_ifa: IPv6 address 0x77c911455cd9b8eb has no prefix
Jul  1 09:12:19 authorMacBook-Pro UserEventAgent[43]: Captive: CNPluginHandler en0: Inactive
Jul  1 09:12:19 authorMacBook-Pro cdpd[11807]: Saw change in network reachability (isReachable=0)
Jul  1 09:12:19 authorMacBook-Pro com.apple.WebKit.WebContent[25654]: [09:12:19.736] <<<< CRABS >>>> crabsFlumeHostUnavailable: [0x7f961cf08cf0] Byte flume reports host unavailable.
Jul  1 09:12:19 authorMacBook-Pro netbiosd[31145]: network_reachability_changed : network is not reachable, netbiosd is shutting down
Jul  1 09:12:19 authorMacBook-Pro symptomsd[215]: __73-[NetworkAnalyticsEngine observeValueForKeyPath:ofObject:change:context:]_block_invoke unexpected switch value 2
Jul  1 09:12:20 authorMacBook-Pro kernel[0]: AirPort: Link Up on en0
Jul  1 09:12:20 authorMacBook-Pro kernel[0]: en0: BSSID changed to 5c:50:15:4c:18:1c
Jul  1 09:12:20 authorMacBook-Pro kernel[0]: en0: channel changed to 132,+1
Jul  1 09:12:20 authorMacBook-Pro kernel[0]: en0::IO80211Interface::postMessage bssid changed
Jul  1 09:12:20 authorMacBook-Pro symptomsd[215]: -[NetworkAnalyticsEngine _writeJournalRecord:fromCellFingerprint:key:atLOI:ofKind:lqm:isFaulty:] Hashing of the primary key failed. Dropping the journal record.
Jul  1 09:12:20 authorMacBook-Pro configd[53]: network changed: v6(en0-:2607:f140:6000:8:c6b3:1ff:fecd:467f) DNS- Proxy-
Jul  1 09:12:20 authorMacBook-Pro networkd[195]: -[NETClientConnection effectiveBundleID] using process name apsd as bundle ID (this is expected for daemons without bundle ID
Jul  1 09:12:20 --- last message repeated 1 time ---
Jul  1 09:12:20 authorMacBook-Pro Dropbox[24019]: [0701/091220:WARNING:dns_config_service_posix.cc(306)] Failed to read DnsConfig.
Jul  1 09:12:20 authorMacBook-Pro kernel[0]: en0: 802.11d country code set to 'US'.
Jul  1 09:12:20 authorMacBook-Pro kernel[0]: en0: Supported channels 1 2 3 4 5 6 7 8 9 10 11 12 13 36 40 44 48 52 56 60 64 100 104 108 112 116 120 124 128 132 136 140 144 149 153 157 161 165
Jul  1 09:12:20 authorMacBook-Pro kernel[0]: Unexpected payload found for message 9, dataLen 0
Jul  1 09:12:20 authorMacBook-Pro UserEventAgent[43]: Captive: [CNInfoNetworkActive:1748] en0: SSID 'CalVisitor' making interface primary (cache indicates network not captive)
Jul  1 09:12:20 authorMacBook-Pro configd[53]: network changed: DNS* Proxy
Jul  1 09:12:20 authorMacBook-Pro UserEventAgent[43]: Captive: CNPluginHandler en0: Evaluating
Jul  1 09:12:20 authorMacBook-Pro UserEventAgent[43]: Captive: en0: Not probing 'CalVisitor' (cache indicates not captive)
Jul  1 09:12:20 authorMacBook-Pro UserEventAgent[43]: Captive: CNPluginHandler en0: Authenticated
Jul  1 09:12:20 authorMacBook-Pro configd[53]: network changed: v6(en0!:2607:f140:6000:8:c6b3:1ff:fecd:467f) DNS+ Proxy+ SMB
Jul  1 09:12:20 authorMacBook-Pro cdpd[11807]: Saw change in network reachability (isReachable=2)
Jul  1 09:12:20 authorMacBook-Pro com.apple.WebKit.WebContent[25654]: [09:12:20.425] <<<< CRABS >>>> crabsFlumeHostAvailable: [0x7f961cf08cf0] Byte flume reports host available again.
Jul  1 09:12:20 authorMacBook-Pro symptomsd[215]: __73-[NetworkAnalyticsEngine observeValueForKeyPath:ofObject:change:context:]_block_invoke unexpected switch value 2
Jul  1 09:12:20 authorMacBook-Pro NeteaseMusic[17988]: tcp_connection_handle_connect_conditions_bad 7435 failed: 3 - No network route
Jul  1 09:12:20 authorMacBook-Pro networkd[195]: nw_nat64_post_new_ifstate successfully changed NAT64 ifstate from 0x8000000000000000 to 0x4
Jul  1 09:12:20 authorMacBook-Pro kernel[0]: IO80211AWDLPeerManager::setAwdlOperatingMode Setting the AWDL operation mode from SUSPENDED to AUTO
Jul  1 09:12:20 authorMacBook-Pro kernel[0]: IO80211AWDLPeerManager::setAwdlAutoMode Resuming AWDL
Jul  1 09:12:20 authorMacBook-Pro sandboxd[129] ([10018]): QQ(10018) deny mach-lookup com.apple.networking.captivenetworksupport
Jul  1 09:12:20 authorMacBook-Pro networkd[195]: -[NETClientConnection evaluateCrazyIvan46] CI46 - Perform CrazyIvan46! QQ.10018 tc18807 119.81.102.227:80
Jul  1 09:12:20 authorMacBook-Pro symptomsd[215]: __73-[NetworkAnalyticsEngine observeValueForKeyPath:ofObject:change:context:]_block_invoke unexpected switch value 2
Jul  1 09:12:21 authorMacBook-Pro configd[53]: network changed: v4(en0+:10.105.160.95) v6(en0:2607:f140:6000:8:c6b3:1ff:fecd:467f) DNS! Proxy SMB
Jul  1 09:12:21 authorMacBook-Pro configd[53]: setting hostname to "calvisitor-10-105-160-95.calvisitor.1918.berkeley.edu"
Jul  1 09:12:21 calvisitor-10-105-160-95 networkd[195]: nw_nat64_post_new_ifstate successfully changed NAT64 ifstate from 0x4 to 0x8000000000000000
Jul  1 09:12:21 calvisitor-10-105-160-95 symptomsd[215]: __73-[NetworkAnalyticsEngine observeValueForKeyPath:ofObject:change:context:]_block_invoke unexpected switch value 2
Jul  1 09:12:22 calvisitor-10-105-160-95 networkd[195]: __42-[NETClientConnection evaluateCrazyIvan46]_block_invoke CI46 - Hit by torpedo! QQ.10018 tc18807 119.81.102.227:80
Jul  1 09:12:22 calvisitor-10-105-160-95 QQ[10018]: tcp_connection_handle_connect_conditions_bad 18807 failed: 3 - No network route
Jul  1 09:12:24 calvisitor-10-105-160-95 kernel[0]: AppleCamIn::handleWakeEvent_gated
Jul  1 09:12:25 --- last message repeated 1 time ---
Jul  1 09:12:25 calvisitor-10-105-160-95 com.apple.cts[258]: com.apple.Safari.SafeBrowsing.Update: scheduler_evaluate_activity told me to run this job; however, but the start time isn't for 441 seconds.  Ignoring.
Jul  1 09:12:25 calvisitor-10-105-160-95 com.apple.cts[258]: com.apple.icloud.fmfd.heartbeat: scheduler_evaluate_activity told me to run this job; however, but the start time isn't for 439442 seconds.  Ignoring.
Jul  1 09:12:25 calvisitor-10-105-160-95 com.apple.cts[258]: com.apple.EscrowSecurityAlert.daily: scheduler_evaluate_activity told me to run this job; however, but the start time isn't for 13966 seconds.  Ignoring.
Jul  1 09:12:25 calvisitor-10-105-160-95 com.apple.cts[258]: com.apple.Safari.SafeBrowsing.Update: scheduler_evaluate_activity told me to run this job; however, but the start time isn't for 441 seconds.  Ignoring.
Jul  1 09:12:25 calvisitor-10-105-160-95 com.apple.cts[258]: com.apple.icloud.fmfd.heartbeat: scheduler_evaluate_activity told me to run this job; however, but the start time isn't for 439442 seconds.  Ignoring.
Jul  1 09:12:25 calvisitor-10-105-160-95 com.apple.cts[258]: com.apple.EscrowSecurityAlert.daily: scheduler_evaluate_activity told me to run this job; however, but the start time isn't for 13966 seconds.  Ignoring.
Jul  1 09:12:25 calvisitor-10-105-160-95 QQ[10018]: ############################## _getSysMsgList
Jul  1 09:12:25 --- last message repeated 1 time ---
Jul  1 09:12:25 calvisitor-10-105-160-95 com.apple.cts[258]: com.apple.Safari.SafeBrowsing.Update: scheduler_evaluate_activity told me to run this job; however, but the start time isn't for 441 seconds.  Ignoring.
Jul  1 09:12:25 calvisitor-10-105-160-95 com.apple.cts[258]: com.apple.icloud.fmfd.heartbeat: scheduler_evaluate_activity told me to run this job; however, but the start time isn't for 439442 seconds.  Ignoring.
Jul  1 09:12:25 calvisitor-10-105-160-95 com.apple.cts[258]: com.apple.EscrowSecurityAlert.daily: scheduler_evaluate_activity told me to run this job; however, but the start time isn't for 13966 seconds.  Ignoring.
Jul  1 09:12:26 calvisitor-10-105-160-95 QQ[10018]: FA||Url||taskID[2019352998] dealloc
Jul  1 09:12:29 calvisitor-10-105-160-95 com.apple.cts[258]: com.apple.Safari.SafeBrowsing.Update: scheduler_evaluate_activity told me to run this job; however, but the start time isn't for 437 seconds.  Ignoring.
Jul  1 09:12:29 calvisitor-10-105-160-95 com.apple.CDScheduler[258]: Thermal pressure state: 1 Memory pressure state: 0
Jul  1 09:12:29 calvisitor-10-105-160-95 com.apple.cts[258]: com.apple.icloud.fmfd.heartbeat: scheduler_evaluate_activity told me to run this job; however, but the start time isn't for 439438 seconds.  Ignoring.
Jul  1 09:12:29 calvisitor-10-105-160-95 com.apple.cts[258]: com.apple.EscrowSecurityAlert.daily: scheduler_evaluate_activity told me to run this job; however, but the start time isn't for 13962 seconds.  Ignoring.
Jul  1 09:12:29 calvisitor-10-105-160-95 com.apple.cts[43]: com.apple.CacheDelete.daily: scheduler_evaluate_activity told me to run this job; however, but the start time isn't for 13874 seconds.  Ignoring.
Jul  1 09:12:29 calvisitor-10-105-160-95 com.apple.CDScheduler[43]: Thermal pressure state: 1 Memory pressure state: 0
Jul  1 09:12:29 calvisitor-10-105-160-95 com.apple.cts[258]: com.apple.Safari.SafeBrowsing.Update: scheduler_evaluate_activity told me to run this job; however, but the start time isn't for 437 seconds.  Ignoring.
Jul  1 09:12:29 calvisitor-10-105-160-95 com.apple.cts[43]: com.apple.CacheDelete.daily: scheduler_evaluate_activity told me to run this job; however, but the start time isn't for 13874 seconds.  Ignoring.
Jul  1 09:12:29 calvisitor-10-105-160-95 com.apple.cts[258]: com.apple.icloud.fmfd.heartbeat: scheduler_evaluate_activity told me to run this job; however, but the start time isn't for 439438 seconds.  Ignoring.
Jul  1 09:12:29 calvisitor-10-105-160-95 com.apple.cts[258]: com.apple.EscrowSecurityAlert.daily: scheduler_evaluate_activity told me to run this job; however, but the start time isn't for 13962 seconds.  Ignoring.
Jul  1 09:12:39 calvisitor-10-105-160-95 com.apple.cts[258]: com.apple.Safari.SafeBrowsing.Update: scheduler_evaluate_activity told me to run this job; however, but the start time isn't for 427 seconds.  Ignoring.
Jul  1 09:12:39 calvisitor-10-105-160-95 com.apple.CDScheduler[258]: Thermal pressure state: 0 Memory pressure state: 0
Jul  1 09:12:39 calvisitor-10-105-160-95 com.apple.cts[258]: com.apple.icloud.fmfd.heartbeat: scheduler_evaluate_activity told me to run this job; however, but the start time isn't for 439428 seconds.  Ignoring.
Jul  1 09:12:39 calvisitor-10-105-160-95 com.apple.cts[258]: com.apple.EscrowSecurityAlert.daily: scheduler_evaluate_activity told me to run this job; however, but the start time isn't for 13952 seconds.  Ignoring.
Jul  1 09:12:39 calvisitor-10-105-160-95 com.apple.cts[43]: com.apple.CacheDelete.daily: scheduler_evaluate_activity told me to run this job; however, but the start time isn't for 13864 seconds.  Ignoring.
Jul  1 09:12:39 calvisitor-10-105-160-95 com.apple.CDScheduler[43]: Thermal pressure state: 0 Memory pressure state: 0
Jul  1 09:12:39 calvisitor-10-105-160-95 com.apple.cts[43]: com.apple.CacheDelete.daily: scheduler_evaluate_activity told me to run this job; however, but the start time isn't for 13864 seconds.  Ignoring.
Jul  1 09:12:39 calvisitor-10-105-160-95 com.apple.cts[258]: com.apple.Safari.SafeBrowsing.Update: scheduler_evaluate_activity told me to run this job; however, but the start time isn't for 427 seconds.  Ignoring.
Jul  1 09:12:39 calvisitor-10-105-160-95 com.apple.cts[258]: com.apple.icloud.fmfd.heartbeat: scheduler_evaluate_activity told me to run this job; however, but the start time isn't for 439428 seconds.  Ignoring.
Jul  1 09:12:39 calvisitor-10-105-160-95 com.apple.cts[258]: com.apple.EscrowSecurityAlert.daily: scheduler_evaluate_activity told me to run this job; however, but the start time isn't for 13952 seconds.  Ignoring.
Jul  1 09:12:44 calvisitor-10-105-160-95 kernel[0]: IO80211AWDLPeerManager::setAwdlOperatingMode Setting the AWDL operation mode from AUTO to SUSPENDED
Jul  1 09:12:44 calvisitor-10-105-160-95 kernel[0]: IO80211AWDLPeerManager::setAwdlSuspendedMode() Suspending AWDL, enterQuietMode(true)
Jul  1 09:12:48 calvisitor-10-105-160-95 kernel[0]: ARPT: 620830.886618: wl0: Roamed or switched channel, reason #8, bssid 5c:50:15:4c:18:73, last RSSI -72
Jul  1 09:12:48 calvisitor-10-105-160-95 kernel[0]: en0: BSSID changed to 5c:50:15:4c:18:73
Jul  1 09:12:48 calvisitor-10-105-160-95 kernel[0]: en0: channel changed to 11
Jul  1 09:12:48 calvisitor-10-105-160-95 kernel[0]: en0::IO80211Interface::postMessage bssid changed
Jul  1 09:12:48 calvisitor-10-105-160-95 symptomsd[215]: -[NetworkAnalyticsEngine _writeJournalRecord:fromCellFingerprint:key:atLOI:ofKind:lqm:isFaulty:] Hashing of the primary key failed. Dropping the journal record.
Jul  1 09:12:48 calvisitor-10-105-160-95 kernel[0]: IO80211AWDLPeerManager::setAwdlOperatingMode Setting the AWDL operation mode from SUSPENDED to AUTO
Jul  1 09:12:48 calvisitor-10-105-160-95 kernel[0]: IO80211AWDLPeerManager::setAwdlAutoMode Resuming AWDL
Jul  1 09:12:48 calvisitor-10-105-160-95 kernel[0]: Setting BTCoex Config: enable_2G:1, profile_2g:0, enable_5G:1, profile_5G:0
Jul  1 09:12:48 calvisitor-10-105-160-95 symptomsd[215]: -[NetworkAnalyticsEngine _writeJournalRecord:fromCellFingerprint:key:atLOI:ofKind:lqm:isFaulty:] Hashing of the primary key failed. Dropping the journal record.
Jul  1 09:12:50 calvisitor-10-105-160-95 com.apple.cts[43]: com.apple.CacheDelete.daily: scheduler_evaluate_activity told me to run this job; however, but the start time isn't for 13853 seconds.  Ignoring.
Jul  1 09:13:04 calvisitor-10-105-160-95 kernel[0]: ARPT: 620846.857149: wl0: setup_keepalive: interval 900, retry_interval 30, retry_count 10
Jul  1 09:13:04 calvisitor-10-105-160-95 kernel[0]: ARPT: 620846.857163: wl0: setup_keepalive: Local IP: 10.105.160.95
Jul  1 09:13:04 calvisitor-10-105-160-95 kernel[0]: ARPT: 620846.857171: wl0: setup_keepalive: Remote IP: 17.249.28.97
Jul  1 09:13:04 calvisitor-10-105-160-95 kernel[0]: ARPT: 620846.857178: wl0: setup_keepalive: Local port: 61477, Remote port: 443
Jul  1 09:13:04 calvisitor-10-105-160-95 kernel[0]: ARPT: 620846.857186: wl0: setup_keepalive: Seq: 552598885, Ack: 159486651, Win size: 4096
Jul  1 09:13:04 calvisitor-10-105-160-95 kernel[0]: ARPT: 620846.857216: wl0: MDNS: IPV4 Addr: 10.105.160.95
Jul  1 09:13:04 calvisitor-10-105-160-95 kernel[0]: ARPT: 620846.857227: wl0: MDNS: IPV6 Addr: fe80:0:0:0:c6b3:1ff:fecd:467f
Jul  1 09:13:04 calvisitor-10-105-160-95 kernel[0]: ARPT: 620846.857236: wl0: MDNS: IPV6 Addr: 2607:f140:6000:8:c6b3:1ff:fecd:467f
Jul  1 09:13:04 calvisitor-10-105-160-95 kernel[0]: ARPT: 620846.857245: wl0: MDNS: IPV6 Addr: 2607:f140:6000:8:e119:d4e5:4ac3:6f42
Jul  1 09:13:04 calvisitor-10-105-160-95 kernel[0]: ARPT: 620846.857253: wl0: MDNS: 0 SRV Recs, 0 TXT Recs
Jul  1 09:13:06 calvisitor-10-105-160-95 kernel[0]: PM response took 2004 ms (54, powerd)
Jul  1 09:13:06 calvisitor-10-105-160-95 kernel[0]: ARPT: 620848.859221: AirPort_Brcm43xx::powerChange: System Sleep 
Jul  1 09:13:06 calvisitor-10-105-160-95 kernel[0]: ARPT: 620848.859244: IOPMPowerSource Information: onSleep,  SleepType: Normal Sleep,  'ExternalConnected': Yes, 'TimeRemaining': 0, 
Jul  1 09:13:06 calvisitor-10-105-160-95 kernel[0]: AppleCamIn::systemWakeCall - messageType = 0xE0000340
Jul  1 09:17:31 calvisitor-10-105-160-95 kernel[0]: AppleThunderboltNHIType2::prePCIWake - power up complete - took 4 us
Jul  1 09:17:31 calvisitor-10-105-160-95 kernel[0]: AppleThunderboltGenericHAL::earlyWake - complete - took 0 milliseconds
Jul  1 09:17:31 calvisitor-10-105-160-95 kernel[0]: AirPort: Link Down on awdl0. Reason 1 (Unspecified).
Jul  1 09:17:31 calvisitor-10-105-160-95 kernel[0]: Bluetooth -- LE is supported - Disable LE meta event
Jul  1 09:17:31 calvisitor-10-105-160-95 kernel[0]: ARPT: 620849.382435: wl0: wl_update_tcpkeep_seq: Original Seq: 552598885, Ack: 159486651, Win size: 4096
Jul  1 09:17:31 calvisitor-10-105-160-95 kernel[0]: ARPT: 620849.382462: wl0: wl_update_tcpkeep_seq: Updated seq/ack/win from UserClient Seq 552598885, Ack 159486651, Win size 278
Jul  1 09:17:31 calvisitor-10-105-160-95 kernel[0]: ARPT: 620849.382490: wl0: leaveModulePoweredForOffloads: Wi-Fi will stay on.
Jul  1 09:17:31 calvisitor-10-105-160-95 kernel[0]: ARPT: 620849.411502: AirPort_Brcm43xx::platformWoWEnable: WWEN[enable]
Jul  1 09:17:31 calvisitor-10-105-160-95 kernel[0]: ARPT: 620849.412536: AirPort_Brcm43xx::syncPowerState: WWEN[enabled]
Jul  1 09:17:31 calvisitor-10-105-160-95 kernel[0]: IOThunderboltSwitch<0>(0x0)::listenerCallback - Thunderbolt HPD packet for route = 0x0 port = 11 unplug = 0
Jul  1 09:17:31 calvisitor-10-105-160-95 kernel[0]: IOThunderboltSwitch<0>(0x0)::listenerCallback - Thunderbolt HPD packet for route = 0x0 port = 12 unplug = 0
Jul  1 09:17:31 calvisitor-10-105-160-95 kernel[0]: AppleCamIn::systemWakeCall - messageType = 0xE0000340
Jul  1 09:13:08 calvisitor-10-105-160-95 kernel[0]: AppleThunderboltNHIType2::waitForOk2Go2Sx - intel_rp = 1 dlla_reporting_supported = 0
Jul  1 09:17:31 calvisitor-10-105-160-95 kernel[0]: AppleThunderboltNHIType2::waitForOk2Go2Sx - retries = 4
Jul  1 09:17:31 calvisitor-10-105-160-95 kernel[0]: Wake reason: ?
Jul  1 09:17:31 calvisitor-10-105-160-95 kernel[0]: AppleCamIn::systemWakeCall - messageType = 0xE0000340
Jul  1 09:17:31 calvisitor-10-105-160-95 kernel[0]: AppleCamIn::wakeEventHandlerThread
Jul  1 09:17:31 calvisitor-10-105-160-95 kernel[0]: RTC: PowerByCalendarDate setting ignored
Jul  1 09:17:31 calvisitor-10-105-160-95 kernel[0]: Previous sleep cause: 5
Jul  1 09:17:31 calvisitor-10-105-160-95 kernel[0]: AppleThunderboltNHIType2::prePCIWake - power up complete - took 1 us
Jul  1 09:17:31 calvisitor-10-105-160-95 kernel[0]: AppleThunderboltGenericHAL::earlyWake - complete - took 1 milliseconds
Jul  1 09:17:31 calvisitor-10-105-160-95 QQ[10018]: tcp_connection_destination_perform_socket_connect 18814 connectx to 183.57.48.75:80@0 failed: [50] Network is down
Jul  1 09:17:31 calvisitor-10-105-160-95 kernel[0]: IOThunderboltSwitch<0>(0x0)::listenerCallback - Thunderbolt HPD packet for route = 0x0 port = 11 unplug = 0
Jul  1 09:17:31 calvisitor-10-105-160-95 kernel[0]: IOThunderboltSwitch<0>(0x0)::listenerCallback - Thunderbolt HPD packet for route = 0x0 port = 12 unplug = 0
Jul  1 09:17:31 calvisitor-10-105-160-95 kernel[0]: TBT W (2): 0x0040 [x]
Jul  1 09:17:31 calvisitor-10-105-160-95 kernel[0]: en0: channel changed to 1
Jul  1 09:17:31 calvisitor-10-105-160-95 kernel[0]: ARPT: 620851.154287: ARPT: Wake Reason: Wake on Scan offload
Jul  1 09:17:31 calvisitor-10-105-160-95 kernel[0]: AirPort: Link Down on en0. Reason 8 (Disassociated because station leaving).
Jul  1 09:17:31 calvisitor-10-105-160-95 kernel[0]: en0: channel changed to 1
Jul  1 09:17:31 calvisitor-10-105-160-95 kernel[0]: en0::IO80211Interface::postMessage bssid changed
Jul  1 09:17:31 calvisitor-10-105-160-95 symptomsd[215]: -[NetworkAnalyticsEngine _writeJournalRecord:fromCellFingerprint:key:atLOI:ofKind:lqm:isFaulty:] Hashing of the primary key failed. Dropping the journal record.
Jul  1 09:17:31 calvisitor-10-105-160-95 kernel[0]: AirPort: Link Up on awdl0
Jul  1 09:17:31 calvisitor-10-105-160-95 kernel[0]: en0: 802.11d country code set to 'X3'.
Jul  1 09:17:31 calvisitor-10-105-160-95 kernel[0]: en0: Supported channels 1 2 3 4 5 6 7 8 9 10 11 12 13 36 40 44 48 52 56 60 64 100 104 108 112 116 120 124 128 132 136 140 144 149 153 157 161
Jul  1 09:17:31 calvisitor-10-105-160-95 kernel[0]: in6_unlink_ifa: IPv6 address 0x77c911455cd9ba3b has no prefix
Jul  1 09:17:31 calvisitor-10-105-160-95 kernel[0]: Setting BTCoex Config: enable_2G:1, profile_2g:0, enable_5G:1, profile_5G:0
Jul  1 09:17:31 calvisitor-10-105-160-95 configd[53]: network changed: v4(en0-:10.105.160.95) v6(en0:2607:f140:6000:8:c6b3:1ff:fecd:467f) DNS! Proxy SMB
Jul  1 09:17:31 authorMacBook-Pro configd[53]: setting hostname to "authorMacBook-Pro.local"
Jul  1 09:17:31 authorMacBook-Pro sharingd[30299]: 09:17:31.473 : BTLE scanner Powered On
Jul  1 09:17:31 --- last message repeated 2 times ---
Jul  1 09:17:31 authorMacBook-Pro kernel[0]: IO80211AWDLPeerManager::setAwdlOperatingMode Setting the AWDL operation mode from AUTO to SUSPENDED
Jul  1 09:17:31 authorMacBook-Pro kernel[0]: IO80211AWDLPeerManager::setAwdlSuspendedMode() Suspending AWDL, enterQuietMode(true)
Jul  1 09:17:31 authorMacBook-Pro kernel[0]: USBMSC Identifier (non-unique): 000000000820 0x5ac 0x8406 0x820, 3
Jul  1 09:17:31 authorMacBook-Pro kernel[0]: ARPT: 620851.256608: AirPort_Brcm43xx::powerChange: System Wake - Full Wake/ Dark Wake / Maintenance wake
Jul  1 09:17:31 authorMacBook-Pro kernel[0]: ARPT: 620851.256628: IOPMPowerSource Information: onWake,  SleepType: Normal Sleep,  'ExternalConnected': Yes, 'TimeRemaining': 0, 
Jul  1 09:17:31 authorMacBook-Pro kernel[0]: ARPT: 620851.256647: ARPT: Wake Reason: Wake on Scan offload
Jul  1 09:17:31 authorMacBook-Pro kernel[0]: ARPT: 620851.256689: AirPort_Brcm43xx::platformWoWEnable: WWEN[disable]
Jul  1 09:17:31 authorMacBook-Pro kernel[0]: AppleCamIn::systemWakeCall - messageType = 0xE0000340
Jul  1 09:17:31 authorMacBook-Pro kernel[0]: AppleCamIn::wakeEventHandlerThread
Jul  1 09:17:31 authorMacBook-Pro kernel[0]: [HID] [ATC] AppleDeviceManagementHIDEventService::processWakeReason Wake reason: Host (0x01)
Jul  1 09:17:31 authorMacBook-Pro com.apple.cts[258]: com.apple.Safari.SafeBrowsing.Update: scheduler_evaluate_activity told me to run this job; however, but the start time isn't for 135 seconds.  Ignoring.
Jul  1 09:17:31 authorMacBook-Pro com.apple.cts[43]: com.apple.CacheDelete.daily: scheduler_evaluate_activity told me to run this job; however, but the start time isn't for 13572 seconds.  Ignoring.
Jul  1 09:17:31 authorMacBook-Pro com.apple.cts[258]: com.apple.icloud.fmfd.heartbeat: scheduler_evaluate_activity told me to run this job; however, but the start time isn't for 439136 seconds.  Ignoring.
Jul  1 09:17:31 authorMacBook-Pro com.apple.cts[258]: com.apple.EscrowSecurityAlert.daily: scheduler_evaluate_activity told me to run this job; however, but the start time isn't for 13660 seconds.  Ignoring.
Jul  1 09:17:31 authorMacBook-Pro Dock[307]: -[UABestAppSuggestionManager notifyBestAppChanged:type:options:bundleIdentifier:activityType:dynamicIdentifier:when:confidence:deviceName:deviceIdentifier:deviceType:] (null) UASuggestedActionType=0 (null)/(null) opts=(null) when=2017-07-01 16:17:31 +0000 confidence=1 from=(null)/(null) (UABestAppSuggestionManager.m #319)
Jul  1 09:17:31 authorMacBook-Pro networkd[195]: nw_nat64_post_new_ifstate successfully changed NAT64 ifstate from 0x8000000000000000 to 0x4
Jul  1 09:17:31 authorMacBook-Pro networkd[195]: -[NETClientConnection evaluateCrazyIvan46] CI46 - Perform CrazyIvan46! QQ.10018 tc18810 123.151.137.106:80
Jul  1 09:17:31 authorMacBook-Pro kernel[0]: in6_unlink_ifa: IPv6 address 0x77c911455cd9b64b has no prefix
Jul  1 09:17:31 authorMacBook-Pro UserEventAgent[43]: Captive: CNPluginHandler en0: Inactive
Jul  1 09:17:31 authorMacBook-Pro networkd[195]: nw_nat64_post_new_ifstate successfully changed NAT64 ifstate from 0x4 to 0x8000000000000000
Jul  1 09:17:32 authorMacBook-Pro cdpd[11807]: Saw change in network reachability (isReachable=0)
Jul  1 09:17:32 authorMacBook-Pro kernel[0]: AirPort: Link Up on en0
Jul  1 09:17:32 authorMacBook-Pro kernel[0]: en0: BSSID changed to 5c:50:15:4c:18:1c
Jul  1 09:17:32 authorMacBook-Pro kernel[0]: en0: channel changed to 132,+1
Jul  1 09:17:32 authorMacBook-Pro kernel[0]: en0::IO80211Interface::postMessage bssid changed
Jul  1 09:17:32 authorMacBook-Pro com.apple.WebKit.WebContent[25654]: [09:17:32.024] <<<< CRABS >>>> crabsFlumeHostUnavailable: [0x7f961cf08cf0] Byte flume reports host unavailable.
Jul  1 09:17:32 authorMacBook-Pro symptomsd[215]: __73-[NetworkAnalyticsEngine observeValueForKeyPath:ofObject:change:context:]_block_invoke unexpected switch value 2
Jul  1 09:17:32 authorMacBook-Pro netbiosd[31150]: network_reachability_changed : network is not reachable, netbiosd is shutting down
Jul  1 09:17:32 authorMacBook-Pro symptomsd[215]: -[NetworkAnalyticsEngine _writeJournalRecord:fromCellFingerprint:key:atLOI:ofKind:lqm:isFaulty:] Hashing of the primary key failed. Dropping the journal record.
Jul  1 09:17:32 authorMacBook-Pro kernel[0]: en0: 802.11d country code set to 'US'.
Jul  1 09:17:32 authorMacBook-Pro kernel[0]: en0: Supported channels 1 2 3 4 5 6 7 8 9 10 11 12 13 36 40 44 48 52 56 60 64 100 104 108 112 116 120 124 128 132 136 140 144 149 153 157 161 165
Jul  1 09:17:32 authorMacBook-Pro kernel[0]: Unexpected payload found for message 9, dataLen 0
Jul  1 09:17:32 authorMacBook-Pro configd[53]: network changed: v6(en0-:2607:f140:6000:8:c6b3:1ff:fecd:467f) DNS- Proxy-
Jul  1 09:17:32 authorMacBook-Pro networkd[195]: -[NETClientConnection effectiveBundleID] using process name apsd as bundle ID (this is expected for daemons without bundle ID
Jul  1 09:17:32 --- last message repeated 1 time ---
Jul  1 09:17:32 authorMacBook-Pro Dropbox[24019]: [0701/091732:WARNING:dns_config_service_posix.cc(306)] Failed to read DnsConfig.
Jul  1 09:17:33 authorMacBook-Pro kernel[0]: IO80211AWDLPeerManager::setAwdlOperatingMode Setting the AWDL operation mode from SUSPENDED to AUTO
Jul  1 09:17:33 authorMacBook-Pro kernel[0]: IO80211AWDLPeerManager::setAwdlAutoMode Resuming AWDL
Jul  1 09:17:33 authorMacBook-Pro UserEventAgent[43]: Captive: [CNInfoNetworkActive:1748] en0: SSID 'CalVisitor' making interface primary (cache indicates network not captive)
Jul  1 09:17:33 authorMacBook-Pro UserEventAgent[43]: Captive: CNPluginHandler en0: Evaluating
Jul  1 09:17:33 authorMacBook-Pro configd[53]: network changed: DNS* Proxy
Jul  1 09:17:33 authorMacBook-Pro UserEventAgent[43]: Captive: en0: Not probing 'CalVisitor' (cache indicates not captive)
Jul  1 09:17:33 authorMacBook-Pro UserEventAgent[43]: Captive: CNPluginHandler en0: Authenticated
Jul  1 09:17:33 authorMacBook-Pro configd[53]: network changed: v4(en0!:10.105.160.95) DNS+ Proxy+ SMB
Jul  1 09:17:33 calvisitor-10-105-160-95 configd[53]: setting hostname to "calvisitor-10-105-160-95.calvisitor.1918.berkeley.edu"
Jul  1 09:17:33 calvisitor-10-105-160-95 cdpd[11807]: Saw change in network reachability (isReachable=2)
Jul  1 09:17:33 calvisitor-10-105-160-95 com.apple.WebKit.WebContent[25654]: [09:17:33.618] <<<< CRABS >>>> crabsFlumeHostAvailable: [0x7f961cf08cf0] Byte flume reports host available again.
Jul  1 09:17:33 calvisitor-10-105-160-95 symptomsd[215]: __73-[NetworkAnalyticsEngine observeValueForKeyPath:ofObject:change:context:]_block_invoke unexpected switch value 2
Jul  1 09:17:33 calvisitor-10-105-160-95 sandboxd[129] ([10018]): QQ(10018) deny mach-lookup com.apple.networking.captivenetworksupport
Jul  1 09:17:34 calvisitor-10-105-160-95 configd[53]: network changed: v4(en0:10.105.160.95) v6(en0+:2607:f140:6000:8:c6b3:1ff:fecd:467f) DNS! Proxy SMB
Jul  1 09:17:35 calvisitor-10-105-160-95 systemstats[31154]: AutoSubmitPreference is 0
Jul  1 09:17:36 calvisitor-10-105-160-95 kernel[0]: AppleCamIn::handleWakeEvent_gated
Jul  1 09:17:38 --- last message repeated 1 time ---
Jul  1 09:17:38 calvisitor-10-105-160-95 QQ[10018]: ############################## _getSysMsgList
Jul  1 09:17:38 --- last message repeated 1 time ---
Jul  1 09:17:38 calvisitor-10-105-160-95 com.apple.cts[258]: com.apple.Safari.SafeBrowsing.Update: scheduler_evaluate_activity told me to run this job; however, but the start time isn't for 128 seconds.  Ignoring.
Jul  1 09:17:38 calvisitor-10-105-160-95 com.apple.cts[258]: com.apple.icloud.fmfd.heartbeat: scheduler_evaluate_activity told me to run this job; however, but the start time isn't for 439129 seconds.  Ignoring.
Jul  1 09:17:38 calvisitor-10-105-160-95 com.apple.cts[258]: com.apple.EscrowSecurityAlert.daily: scheduler_evaluate_activity told me to run this job; however, but the start time isn't for 13653 seconds.  Ignoring.
Jul  1 09:17:38 calvisitor-10-105-160-95 CalendarAgent[279]: [com.apple.calendar.store.log.caldav.coredav] [Refusing to parse response to PROPPATCH because of content-type: [text/html; charset=UTF-8].]
Jul  1 09:17:39 --- last message repeated 1 time ---
Jul  1 09:17:39 calvisitor-10-105-160-95 QQ[10018]: FA||Url||taskID[2019352999] dealloc
Jul  1 09:17:41 calvisitor-10-105-160-95 com.apple.cts[258]: com.apple.Safari.SafeBrowsing.Update: scheduler_evaluate_activity told me to run this job; however, but the start time isn't for 125 seconds.  Ignoring.
Jul  1 09:17:41 calvisitor-10-105-160-95 com.apple.cts[258]: com.apple.icloud.fmfd.heartbeat: scheduler_evaluate_activity told me to run this job; however, but the start time isn't for 439126 seconds.  Ignoring.
Jul  1 09:17:41 calvisitor-10-105-160-95 com.apple.CDScheduler[258]: Thermal pressure state: 1 Memory pressure state: 0
Jul  1 09:17:41 calvisitor-10-105-160-95 com.apple.cts[258]: com.apple.EscrowSecurityAlert.daily: scheduler_evaluate_activity told me to run this job; however, but the start time isn't for 13650 seconds.  Ignoring.
Jul  1 09:17:41 calvisitor-10-105-160-95 com.apple.cts[43]: com.apple.CacheDelete.daily: scheduler_evaluate_activity told me to run this job; however, but the start time isn't for 13562 seconds.  Ignoring.
Jul  1 09:17:41 calvisitor-10-105-160-95 com.apple.CDScheduler[43]: Thermal pressure state: 1 Memory pressure state: 0
Jul  1 09:17:41 calvisitor-10-105-160-95 com.apple.cts[258]: com.apple.Safari.SafeBrowsing.Update: scheduler_evaluate_activity told me to run this job; however, but the start time isn't for 125 seconds.  Ignoring.
Jul  1 09:17:41 calvisitor-10-105-160-95 com.apple.cts[43]: com.apple.CacheDelete.daily: scheduler_evaluate_activity told me to run this job; however, but the start time isn't for 13562 seconds.  Ignoring.
Jul  1 09:17:41 calvisitor-10-105-160-95 com.apple.cts[258]: com.apple.icloud.fmfd.heartbeat: scheduler_evaluate_activity told me to run this job; however, but the start time isn't for 439126 seconds.  Ignoring.
Jul  1 09:17:41 calvisitor-10-105-160-95 com.apple.cts[258]: com.apple.EscrowSecurityAlert.daily: scheduler_evaluate_activity told me to run this job; however, but the start time isn't for 13650 seconds.  Ignoring.
Jul  1 09:17:43 calvisitor-10-105-160-95 locationd[82]: NETWORK: requery, 0, 0, 0, 0, 292, items, fQueryRetries, 2, fLastRetryTimestamp, 520617788.4
Jul  1 09:17:47 calvisitor-10-105-160-95 locationd[82]: NETWORK: requery, 0, 0, 0, 0, 255, items, fQueryRetries, 0, fLastRetryTimestamp, 520618663.2
Jul  1 09:17:50 calvisitor-10-105-160-95 com.apple.cts[258]: com.apple.Safari.SafeBrowsing.Update: scheduler_evaluate_activity told me to run this job; however, but the start time isn't for 116 seconds.  Ignoring.
Jul  1 09:17:50 calvisitor-10-105-160-95 com.apple.CDScheduler[258]: Thermal pressure state: 0 Memory pressure state: 0
Jul  1 09:17:50 calvisitor-10-105-160-95 com.apple.cts[258]: com.apple.icloud.fmfd.heartbeat: scheduler_evaluate_activity told me to run this job; however, but the start time isn't for 439117 seconds.  Ignoring.
Jul  1 09:17:50 calvisitor-10-105-160-95 com.apple.cts[258]: com.apple.EscrowSecurityAlert.daily: scheduler_evaluate_activity told me to run this job; however, but the start time isn't for 13641 seconds.  Ignoring.
Jul  1 09:17:50 calvisitor-10-105-160-95 com.apple.cts[43]: com.apple.CacheDelete.daily: scheduler_evaluate_activity told me to run this job; however, but the start time isn't for 13553 seconds.  Ignoring.
Jul  1 09:17:50 calvisitor-10-105-160-95 com.apple.CDScheduler[43]: Thermal pressure state: 0 Memory pressure state: 0
Jul  1 09:17:50 calvisitor-10-105-160-95 com.apple.cts[258]: com.apple.Safari.SafeBrowsing.Update: scheduler_evaluate_activity told me to run this job; however, but the start time isn't for 116 seconds.  Ignoring.
Jul  1 09:17:50 calvisitor-10-105-160-95 com.apple.cts[43]: com.apple.CacheDelete.daily: scheduler_evaluate_activity told me to run this job; however, but the start time isn't for 13553 seconds.  Ignoring.
Jul  1 09:17:50 calvisitor-10-105-160-95 com.apple.cts[258]: com.apple.icloud.fmfd.heartbeat: scheduler_evaluate_activity told me to run this job; however, but the start time isn't for 439117 seconds.  Ignoring.
Jul  1 09:17:50 calvisitor-10-105-160-95 com.apple.cts[258]: com.apple.EscrowSecurityAlert.daily: scheduler_evaluate_activity told me to run this job; however, but the start time isn't for 13641 seconds.  Ignoring.
Jul  1 09:17:56 calvisitor-10-105-160-95 kernel[0]: IO80211AWDLPeerManager::setAwdlOperatingMode Setting the AWDL operation mode from AUTO to SUSPENDED
Jul  1 09:17:56 calvisitor-10-105-160-95 kernel[0]: IO80211AWDLPeerManager::setAwdlSuspendedMode() Suspending AWDL, enterQuietMode(true)
Jul  1 09:18:00 calvisitor-10-105-160-95 kernel[0]: ARPT: 620880.007641: wl0: Roamed or switched channel, reason #8, bssid 5c:50:15:36:bc:03, last RSSI -72
Jul  1 09:18:00 calvisitor-10-105-160-95 kernel[0]: en0: BSSID changed to 5c:50:15:36:bc:03
Jul  1 09:18:00 calvisitor-10-105-160-95 kernel[0]: en0: channel changed to 6
Jul  1 09:18:00 calvisitor-10-105-160-95 kernel[0]: en0::IO80211Interface::postMessage bssid changed
Jul  1 09:18:00 calvisitor-10-105-160-95 symptomsd[215]: -[NetworkAnalyticsEngine _writeJournalRecord:fromCellFingerprint:key:atLOI:ofKind:lqm:isFaulty:] Hashing of the primary key failed. Dropping the journal record.
Jul  1 09:18:00 calvisitor-10-105-160-95 kernel[0]: IO80211AWDLPeerManager::setAwdlOperatingMode Setting the AWDL operation mode from SUSPENDED to AUTO
Jul  1 09:18:00 calvisitor-10-105-160-95 kernel[0]: IO80211AWDLPeerManager::setAwdlAutoMode Resuming AWDL
Jul  1 09:18:00 calvisitor-10-105-160-95 kernel[0]: Setting BTCoex Config: enable_2G:1, profile_2g:0, enable_5G:1, profile_5G:0
Jul  1 09:18:00 calvisitor-10-105-160-95 symptomsd[215]: -[NetworkAnalyticsEngine _writeJournalRecord:fromCellFingerprint:key:atLOI:ofKind:lqm:isFaulty:] Hashing of the primary key failed. Dropping the journal record.
Jul  1 09:18:02 calvisitor-10-105-160-95 com.apple.cts[43]: com.apple.CacheDelete.daily: scheduler_evaluate_activity told me to run this job; however, but the start time isn't for 13541 seconds.  Ignoring.
Jul  1 09:18:16 calvisitor-10-105-160-95 kernel[0]: ARPT: 620896.311158: wl0: setup_keepalive: interval 900, retry_interval 30, retry_count 10
Jul  1 09:18:16 calvisitor-10-105-160-95 kernel[0]: ARPT: 620896.311176: wl0: setup_keepalive: Local IP: 10.105.160.95
Jul  1 09:18:16 calvisitor-10-105-160-95 kernel[0]: ARPT: 620896.311184: wl0: setup_keepalive: Remote IP: 17.249.28.72
Jul  1 09:18:16 calvisitor-10-105-160-95 kernel[0]: ARPT: 620896.311191: wl0: setup_keepalive: Local port: 61551, Remote port: 443
Jul  1 09:18:16 calvisitor-10-105-160-95 kernel[0]: ARPT: 620896.311201: wl0: setup_keepalive: Seq: 1061730458, Ack: 80597466, Win size: 4096
Jul  1 09:18:16 calvisitor-10-105-160-95 kernel[0]: ARPT: 620896.311229: wl0: MDNS: IPV4 Addr: 10.105.160.95
Jul  1 09:18:16 calvisitor-10-105-160-95 kernel[0]: ARPT: 620896.311238: wl0: MDNS: IPV6 Addr: fe80:0:0:0:c6b3:1ff:fecd:467f
Jul  1 09:18:16 calvisitor-10-105-160-95 kernel[0]: ARPT: 620896.311246: wl0: MDNS: IPV6 Addr: 2607:f140:6000:8:c6b3:1ff:fecd:467f
Jul  1 09:18:16 calvisitor-10-105-160-95 kernel[0]: ARPT: 620896.311255: wl0: MDNS: IPV6 Addr: 2607:f140:6000:8:2d86:1815:a79a:7bff
Jul  1 09:18:16 calvisitor-10-105-160-95 kernel[0]: ARPT: 620896.311264: wl0: MDNS: 0 SRV Recs, 0 TXT Recs
Jul  1 09:18:18 calvisitor-10-105-160-95 kernel[0]: PM response took 1947 ms (54, powerd)
Jul  1 09:18:18 calvisitor-10-105-160-95 kernel[0]: ARPT: 620898.255927: AirPort_Brcm43xx::powerChange: System Sleep 
Jul  1 09:18:18 calvisitor-10-105-160-95 kernel[0]: ARPT: 620898.255949: IOPMPowerSource Information: onSleep,  SleepType: Normal Sleep,  'ExternalConnected': Yes, 'TimeRemaining': 0, 
Jul  1 09:18:18 calvisitor-10-105-160-95 kernel[0]: AppleCamIn::systemWakeCall - messageType = 0xE0000340
Jul  1 09:19:03 calvisitor-10-105-160-95 kernel[0]: AppleThunderboltNHIType2::prePCIWake - power up complete - took 2 us
Jul  1 09:19:03 calvisitor-10-105-160-95 kernel[0]: AppleThunderboltGenericHAL::earlyWake - complete - took 0 milliseconds
Jul  1 09:19:03 calvisitor-10-105-160-95 kernel[0]: Bluetooth -- LE is supported - Disable LE meta event
Jul  1 09:19:03 calvisitor-10-105-160-95 kernel[0]: AirPort: Link Down on awdl0. Reason 1 (Unspecified).
Jul  1 09:19:03 calvisitor-10-105-160-95 kernel[0]: ARPT: 620898.783642: wl0: wl_update_tcpkeep_seq: Original Seq: 1061730458, Ack: 80597466, Win size: 4096
Jul  1 09:19:03 calvisitor-10-105-160-95 kernel[0]: ARPT: 620898.783669: wl0: wl_update_tcpkeep_seq: Updated seq/ack/win from UserClient Seq 1061730458, Ack 80597466, Win size 278
Jul  1 09:19:03 calvisitor-10-105-160-95 kernel[0]: ARPT: 620898.783697: wl0: leaveModulePoweredForOffloads: Wi-Fi will stay on.
Jul  1 09:19:03 calvisitor-10-105-160-95 kernel[0]: ARPT: 620898.810041: AirPort_Brcm43xx::platformWoWEnable: WWEN[enable]
Jul  1 09:19:03 calvisitor-10-105-160-95 kernel[0]: ARPT: 620898.810898: AirPort_Brcm43xx::syncPowerState: WWEN[enabled]
Jul  1 09:19:03 calvisitor-10-105-160-95 kernel[0]: IOThunderboltSwitch<0>(0x0)::listenerCallback - Thunderbolt HPD packet for route = 0x0 port = 11 unplug = 0
Jul  1 09:19:03 calvisitor-10-105-160-95 kernel[0]: IOThunderboltSwitch<0>(0x0)::listenerCallback - Thunderbolt HPD packet for route = 0x0 port = 12 unplug = 0
Jul  1 09:19:03 calvisitor-10-105-160-95 kernel[0]: AppleCamIn::systemWakeCall - messageType = 0xE0000340
Jul  1 09:18:20 calvisitor-10-105-160-95 kernel[0]: AppleThunderboltNHIType2::waitForOk2Go2Sx - intel_rp = 1 dlla_reporting_supported = 0
Jul  1 09:19:03 calvisitor-10-105-160-95 kernel[0]: AppleThunderboltNHIType2::waitForOk2Go2Sx - retries = 6
Jul  1 09:19:03 calvisitor-10-105-160-95 kernel[0]: Wake reason: ?
Jul  1 09:19:03 calvisitor-10-105-160-95 kernel[0]: AppleCamIn::systemWakeCall - messageType = 0xE0000340
Jul  1 09:19:03 calvisitor-10-105-160-95 kernel[0]: AppleCamIn::wakeEventHandlerThread
Jul  1 09:19:03 calvisitor-10-105-160-95 kernel[0]: RTC: PowerByCalendarDate setting ignored
Jul  1 09:19:03 calvisitor-10-105-160-95 kernel[0]: Previous sleep cause: 5
Jul  1 09:19:03 calvisitor-10-105-160-95 kernel[0]: AppleThunderboltNHIType2::prePCIWake - power up complete - took 3 us
Jul  1 09:19:03 calvisitor-10-105-160-95 kernel[0]: in6_unlink_ifa: IPv6 address 0x77c911455cd9b8eb has no prefix
Jul  1 09:19:03 calvisitor-10-105-160-95 kernel[0]: AppleThunderboltGenericHAL::earlyWake - complete - took 1 milliseconds
Jul  1 09:19:03 calvisitor-10-105-160-95 Mail[11203]: tcp_connection_destination_perform_socket_connect 35641 connectx to 123.125.50.30:585@0 failed: [50] Network is down
Jul  1 09:19:03 calvisitor-10-105-160-95 kernel[0]: IOThunderboltSwitch<0>(0x0)::listenerCallback - Thunderbolt HPD packet for route = 0x0 port = 11 unplug = 0
Jul  1 09:19:03 calvisitor-10-105-160-95 kernel[0]: IOThunderboltSwitch<0>(0x0)::listenerCallback - Thunderbolt HPD packet for route = 0x0 port = 12 unplug = 0
Jul  1 09:19:03 calvisitor-10-105-160-95 kernel[0]: TBT W (2): 0x0040 [x]
Jul  1 09:19:03 calvisitor-10-105-160-95 mDNSResponder[91]: mDNS_RegisterInterface: Frequent transitions for interface en0 (FE80:0000:0000:0000:C6B3:01FF:FECD:467F)
Jul  1 09:19:03 calvisitor-10-105-160-95 kernel[0]: en0: channel changed to 1
Jul  1 09:19:03 calvisitor-10-105-160-95 kernel[0]: ARPT: 620900.595889: ARPT: Wake Reason: Wake on Scan offload
Jul  1 09:19:03 calvisitor-10-105-160-95 mDNSResponder[91]: mDNS_RegisterInterface: Frequent transitions for interface en0 (10.105.160.95)
Jul  1 09:19:03 calvisitor-10-105-160-95 kernel[0]: AirPort: Link Down on en0. Reason 8 (Disassociated because station leaving).
Jul  1 09:19:03 calvisitor-10-105-160-95 kernel[0]: en0: channel changed to 1
Jul  1 09:19:03 calvisitor-10-105-160-95 kernel[0]: en0::IO80211Interface::postMessage bssid changed
Jul  1 09:19:03 calvisitor-10-105-160-95 symptomsd[215]: -[NetworkAnalyticsEngine _writeJournalRecord:fromCellFingerprint:key:atLOI:ofKind:lqm:isFaulty:] Hashing of the primary key failed. Dropping the journal record.
Jul  1 09:19:03 calvisitor-10-105-160-95 kernel[0]: AirPort: Link Up on awdl0
Jul  1 09:19:03 calvisitor-10-105-160-95 kernel[0]: en0: 802.11d country code set to 'X3'.
Jul  1 09:19:03 calvisitor-10-105-160-95 kernel[0]: en0: Supported channels 1 2 3 4 5 6 7 8 9 10 11 12 13 36 40 44 48 52 56 60 64 100 104 108 112 116 120 124 128 132 136 140 144 149 153 157 161
Jul  1 09:19:03 authorMacBook-Pro configd[53]: setting hostname to "authorMacBook-Pro.local"
Jul  1 09:19:03 authorMacBook-Pro kernel[0]: Setting BTCoex Config: enable_2G:1, profile_2g:0, enable_5G:1, profile_5G:0
Jul  1 09:19:03 authorMacBook-Pro configd[53]: network changed: v4(en0-:10.105.160.95) v6(en0:2607:f140:6000:8:c6b3:1ff:fecd:467f) DNS! Proxy SMB
Jul  1 09:19:03 authorMacBook-Pro kernel[0]: USBMSC Identifier (non-unique): 000000000820 0x5ac 0x8406 0x820, 3
Jul  1 09:19:03 authorMacBook-Pro sharingd[30299]: 09:19:03.532 : BTLE scanner Powered On
Jul  1 09:19:03 --- last message repeated 1 time ---
Jul  1 09:19:03 authorMacBook-Pro mDNSResponder[91]: mDNS_DeregisterInterface: Frequent transitions for interface en0 (2607:F140:6000:0008:C6B3:01FF:FECD:467F)
Jul  1 09:19:03 authorMacBook-Pro sharingd[30299]: 09:19:03.533 : BTLE scanner Powered On
Jul  1 09:19:03 authorMacBook-Pro mDNSResponder[91]: mDNS_RegisterInterface: Frequent transitions for interface awdl0 (FE80:0000:0000:0000:D8A5:90FF:FEF5:7FFF)
Jul  1 09:19:03 authorMacBook-Pro kernel[0]: IO80211AWDLPeerManager::setAwdlOperatingMode Setting the AWDL operation mode from AUTO to SUSPENDED
Jul  1 09:19:03 authorMacBook-Pro kernel[0]: IO80211AWDLPeerManager::setAwdlSuspendedMode() Suspending AWDL, enterQuietMode(true)
Jul  1 09:19:03 authorMacBook-Pro Dock[307]: -[UABestAppSuggestionManager notifyBestAppChanged:type:options:bundleIdentifier:activityType:dynamicIdentifier:when:confidence:deviceName:deviceIdentifier:deviceType:] (null) UASuggestedActionType=0 (null)/(null) opts=(null) when=2017-07-01 16:19:03 +0000 confidence=1 from=(null)/(null) (UABestAppSuggestionManager.m #319)
Jul  1 09:19:03 authorMacBook-Pro kernel[0]: ARPT: 620900.687610: AirPort_Brcm43xx::powerChange: System Wake - Full Wake/ Dark Wake / Maintenance wake
Jul  1 09:19:03 authorMacBook-Pro kernel[0]: ARPT: 620900.687633: IOPMPowerSource Information: onWake,  SleepType: Normal Sleep,  'ExternalConnected': Yes, 'TimeRemaining': 0, 
Jul  1 09:19:03 authorMacBook-Pro kernel[0]: ARPT: 620900.687654: ARPT: Wake Reason: Wake on Scan offload
Jul  1 09:19:03 authorMacBook-Pro kernel[0]: ARPT: 620900.687718: AirPort_Brcm43xx::platformWoWEnable: WWEN[disable]
Jul  1 09:19:03 authorMacBook-Pro kernel[0]: AppleCamIn::systemWakeCall - messageType = 0xE0000340
Jul  1 09:19:03 authorMacBook-Pro kernel[0]: AppleCamIn::wakeEventHandlerThread
Jul  1 09:19:03 authorMacBook-Pro kernel[0]: [HID] [ATC] AppleDeviceManagementHIDEventService::processWakeReason Wake reason: Host (0x01)
Jul  1 09:19:03 authorMacBook-Pro com.apple.cts[258]: com.apple.Safari.SafeBrowsing.Update: scheduler_evaluate_activity told me to run this job; however, but the start time isn't for 43 seconds.  Ignoring.
Jul  1 09:19:03 authorMacBook-Pro com.apple.cts[258]: com.apple.icloud.fmfd.heartbeat: scheduler_evaluate_activity told me to run this job; however, but the start time isn't for 439044 seconds.  Ignoring.
Jul  1 09:19:03 authorMacBook-Pro com.apple.cts[43]: com.apple.CacheDelete.daily: scheduler_evaluate_activity told me to run this job; however, but the start time isn't for 13480 seconds.  Ignoring.
Jul  1 09:19:03 authorMacBook-Pro com.apple.cts[258]: com.apple.EscrowSecurityAlert.daily: scheduler_evaluate_activity told me to run this job; however, but the start time isn't for 13568 seconds.  Ignoring.
Jul  1 09:19:03 authorMacBook-Pro kernel[0]: in6_unlink_ifa: IPv6 address 0x77c911455cd9b10b has no prefix
Jul  1 09:19:03 authorMacBook-Pro networkd[195]: nw_nat64_post_new_ifstate successfully changed NAT64 ifstate from 0x8000000000000000 to 0x4
Jul  1 09:19:03 authorMacBook-Pro cdpd[11807]: Saw change in network reachability (isReachable=0)
Jul  1 09:19:03 authorMacBook-Pro UserEventAgent[43]: Captive: CNPluginHandler en0: Inactive
Jul  1 09:19:03 authorMacBook-Pro networkd[195]: -[NETClientConnection evaluateCrazyIvan46] CI46 - Perform CrazyIvan46! QQ.10018 tc18817 119.81.102.227:80
Jul  1 09:19:03 authorMacBook-Pro networkd[195]: __42-[NETClientConnection evaluateCrazyIvan46]_block_invoke CI46 - Hit by torpedo! QQ.10018 tc18817 119.81.102.227:80
Jul  1 09:19:03 authorMacBook-Pro com.apple.WebKit.WebContent[25654]: [09:19:03.777] <<<< CRABS >>>> crabsFlumeHostUnavailable: [0x7f961cf08cf0] Byte flume reports host unavailable.
Jul  1 09:19:03 authorMacBook-Pro symptomsd[215]: __73-[NetworkAnalyticsEngine observeValueForKeyPath:ofObject:change:context:]_block_invoke unexpected switch value 2
Jul  1 09:19:03 authorMacBook-Pro netbiosd[31157]: network_reachability_changed : network is not reachable, netbiosd is shutting down
Jul  1 09:19:04 authorMacBook-Pro networkd[195]: nw_nat64_post_new_ifstate successfully changed NAT64 ifstate from 0x4 to 0x8000000000000000
Jul  1 09:19:04 authorMacBook-Pro configd[53]: network changed: v6(en0-:2607:f140:6000:8:c6b3:1ff:fecd:467f) DNS- Proxy-
Jul  1 09:19:04 authorMacBook-Pro networkd[195]: -[NETClientConnection effectiveBundleID] using process name apsd as bundle ID (this is expected for daemons without bundle ID
Jul  1 09:19:04 --- last message repeated 1 time ---
Jul  1 09:19:04 authorMacBook-Pro Dropbox[24019]: [0701/091904:WARNING:dns_config_service_posix.cc(306)] Failed to read DnsConfig.
Jul  1 09:19:04 authorMacBook-Pro symptomsd[215]: __73-[NetworkAnalyticsEngine observeValueForKeyPath:ofObject:change:context:]_block_invoke unexpected switch value 2
Jul  1 09:19:07 authorMacBook-Pro networkd[195]: -[NETClientConnection effectiveBundleID] using process name apsd as bundle ID (this is expected for daemons without bundle ID
Jul  1 09:19:08 --- last message repeated 1 time ---
Jul  1 09:19:08 authorMacBook-Pro kernel[0]: AppleCamIn::handleWakeEvent_gated
Jul  1 09:19:08 authorMacBook-Pro kernel[0]: AirPort: Link Up on en0
Jul  1 09:19:08 authorMacBook-Pro kernel[0]: en0: BSSID changed to 5c:50:15:4c:18:1c
Jul  1 09:19:08 authorMacBook-Pro kernel[0]: en0: channel changed to 132,+1
Jul  1 09:19:08 authorMacBook-Pro kernel[0]: en0::IO80211Interface::postMessage bssid changed
Jul  1 09:19:08 authorMacBook-Pro kernel[0]: en0: 802.11d country code set to 'US'.
Jul  1 09:19:08 authorMacBook-Pro kernel[0]: en0: Supported channels 1 2 3 4 5 6 7 8 9 10 11 12 13 36 40 44 48 52 56 60 64 100 104 108 112 116 120 124 128 132 136 140 144 149 153 157 161 165
Jul  1 09:19:08 authorMacBook-Pro kernel[0]: Unexpected payload found for message 9, dataLen 0
Jul  1 09:19:08 authorMacBook-Pro configd[53]: network changed: DNS* Proxy
Jul  1 09:19:08 authorMacBook-Pro UserEventAgent[43]: Captive: [CNInfoNetworkActive:1748] en0: SSID 'CalVisitor' making interface primary (cache indicates network not captive)
Jul  1 09:19:08 authorMacBook-Pro UserEventAgent[43]: Captive: CNPluginHandler en0: Evaluating
Jul  1 09:19:08 authorMacBook-Pro UserEventAgent[43]: Captive: en0: Not probing 'CalVisitor' (cache indicates not captive)
Jul  1 09:19:08 authorMacBook-Pro UserEventAgent[43]: Captive: CNPluginHandler en0: Authenticated
Jul  1 09:19:08 authorMacBook-Pro configd[53]: network changed: v4(en0!:10.105.160.95) DNS+ Proxy+ SMB
Jul  1 09:19:08 authorMacBook-Pro configd[53]: network changed: v4(en0:10.105.160.95) v6(en0+:2607:f140:6000:8:c6b3:1ff:fecd:467f) DNS! Proxy SMB
Jul  1 09:19:08 authorMacBook-Pro symptomsd[215]: -[NetworkAnalyticsEngine _writeJournalRecord:fromCellFingerprint:key:atLOI:ofKind:lqm:isFaulty:] Hashing of the primary key failed. Dropping the journal record.
Jul  1 09:19:08 calvisitor-10-105-160-95 configd[53]: setting hostname to "calvisitor-10-105-160-95.calvisitor.1918.berkeley.edu"
Jul  1 09:19:08 calvisitor-10-105-160-95 kernel[0]: IO80211AWDLPeerManager::setAwdlOperatingMode Setting the AWDL operation mode from SUSPENDED to AUTO
Jul  1 09:19:08 calvisitor-10-105-160-95 kernel[0]: IO80211AWDLPeerManager::setAwdlAutoMode Resuming AWDL
Jul  1 09:19:08 calvisitor-10-105-160-95 cdpd[11807]: Saw change in network reachability (isReachable=2)
Jul  1 09:19:08 calvisitor-10-105-160-95 com.apple.WebKit.WebContent[25654]: [09:19:08.499] <<<< CRABS >>>> crabsFlumeHostAvailable: [0x7f961cf08cf0] Byte flume reports host available again.
Jul  1 09:19:08 calvisitor-10-105-160-95 symptomsd[215]: __73-[NetworkAnalyticsEngine observeValueForKeyPath:ofObject:change:context:]_block_invoke unexpected switch value 2
Jul  1 09:19:08 calvisitor-10-105-160-95 kernel[0]: AppleCamIn::handleWakeEvent_gated
Jul  1 09:19:08 calvisitor-10-105-160-95 sandboxd[129] ([10018]): QQ(10018) deny mach-lookup com.apple.networking.captivenetworksupport
Jul  1 09:19:11 calvisitor-10-105-160-95 QQ[10018]: ############################## _getSysMsgList
Jul  1 09:19:12 --- last message repeated 1 time ---
Jul  1 09:19:12 calvisitor-10-105-160-95 com.apple.cts[258]: com.apple.Safari.SafeBrowsing.Update: scheduler_evaluate_activity told me to run this job; however, but the start time isn't for 34 seconds.  Ignoring.
Jul  1 09:19:12 calvisitor-10-105-160-95 com.apple.cts[258]: com.apple.icloud.fmfd.heartbeat: scheduler_evaluate_activity told me to run this job; however, but the start time isn't for 439035 seconds.  Ignoring.
Jul  1 09:19:12 calvisitor-10-105-160-95 com.apple.cts[258]: com.apple.EscrowSecurityAlert.daily: scheduler_evaluate_activity told me to run this job; however, but the start time isn't for 13559 seconds.  Ignoring.
Jul  1 09:19:12 calvisitor-10-105-160-95 com.apple.cts[258]: com.apple.Safari.SafeBrowsing.Update: scheduler_evaluate_activity told me to run this job; however, but the start time isn't for 34 seconds.  Ignoring.
Jul  1 09:19:12 calvisitor-10-105-160-95 com.apple.cts[258]: com.apple.icloud.fmfd.heartbeat: scheduler_evaluate_activity told me to run this job; however, but the start time isn't for 439035 seconds.  Ignoring.
Jul  1 09:19:12 calvisitor-10-105-160-95 com.apple.cts[258]: com.apple.EscrowSecurityAlert.daily: scheduler_evaluate_activity told me to run this job; however, but the start time isn't for 13559 seconds.  Ignoring.
Jul  1 09:19:12 calvisitor-10-105-160-95 com.apple.cts[258]: com.apple.Safari.SafeBrowsing.Update: scheduler_evaluate_activity told me to run this job; however, but the start time isn't for 34 seconds.  Ignoring.
Jul  1 09:19:12 calvisitor-10-105-160-95 com.apple.cts[258]: com.apple.icloud.fmfd.heartbeat: scheduler_evaluate_activity told me to run this job; however, but the start time isn't for 439035 seconds.  Ignoring.
Jul  1 09:19:12 calvisitor-10-105-160-95 com.apple.cts[258]: com.apple.EscrowSecurityAlert.daily: scheduler_evaluate_activity told me to run this job; however, but the start time isn't for 13559 seconds.  Ignoring.
Jul  1 09:19:12 calvisitor-10-105-160-95 QQ[10018]: FA||Url||taskID[2019353000] dealloc
Jul  1 09:19:12 calvisitor-10-105-160-95 com.apple.cts[258]: com.apple.Safari.SafeBrowsing.Update: scheduler_evaluate_activity told me to run this job; however, but the start time isn't for 34 seconds.  Ignoring.
Jul  1 09:19:12 calvisitor-10-105-160-95 com.apple.cts[258]: com.apple.icloud.fmfd.heartbeat: scheduler_evaluate_activity told me to run this job; however, but the start time isn't for 439035 seconds.  Ignoring.
Jul  1 09:19:12 calvisitor-10-105-160-95 com.apple.cts[258]: com.apple.EscrowSecurityAlert.daily: scheduler_evaluate_activity told me to run this job; however, but the start time isn't for 13559 seconds.  Ignoring.
Jul  1 09:19:13 calvisitor-10-105-160-95 com.apple.cts[258]: com.apple.Safari.SafeBrowsing.Update: scheduler_evaluate_activity told me to run this job; however, but the start time isn't for 33 seconds.  Ignoring.
Jul  1 09:19:13 calvisitor-10-105-160-95 com.apple.CDScheduler[258]: Thermal pressure state: 1 Memory pressure state: 0
Jul  1 09:19:13 calvisitor-10-105-160-95 com.apple.cts[258]: com.apple.icloud.fmfd.heartbeat: scheduler_evaluate_activity told me to run this job; however, but the start time isn't for 439034 seconds.  Ignoring.
Jul  1 09:19:13 calvisitor-10-105-160-95 com.apple.cts[258]: com.apple.EscrowSecurityAlert.daily: scheduler_evaluate_activity told me to run this job; however, but the start time isn't for 13558 seconds.  Ignoring.
Jul  1 09:19:13 calvisitor-10-105-160-95 com.apple.cts[43]: com.apple.CacheDelete.daily: scheduler_evaluate_activity told me to run this job; however, but the start time isn't for 13470 seconds.  Ignoring.
Jul  1 09:19:13 calvisitor-10-105-160-95 com.apple.CDScheduler[43]: Thermal pressure state: 1 Memory pressure state: 0
Jul  1 09:19:13 calvisitor-10-105-160-95 com.apple.cts[43]: com.apple.CacheDelete.daily: scheduler_evaluate_activity told me to run this job; however, but the start time isn't for 13470 seconds.  Ignoring.
Jul  1 09:19:13 calvisitor-10-105-160-95 com.apple.cts[258]: com.apple.Safari.SafeBrowsing.Update: scheduler_evaluate_activity told me to run this job; however, but the start time isn't for 33 seconds.  Ignoring.
Jul  1 09:19:13 calvisitor-10-105-160-95 com.apple.cts[258]: com.apple.icloud.fmfd.heartbeat: scheduler_evaluate_activity told me to run this job; however, but the start time isn't for 439034 seconds.  Ignoring.
Jul  1 09:19:13 calvisitor-10-105-160-95 com.apple.cts[258]: com.apple.EscrowSecurityAlert.daily: scheduler_evaluate_activity told me to run this job; however, but the start time isn't for 13558 seconds.  Ignoring.
Jul  1 09:19:23 calvisitor-10-105-160-95 com.apple.cts[258]: com.apple.Safari.SafeBrowsing.Update: scheduler_evaluate_activity told me to run this job; however, but the start time isn't for 23 seconds.  Ignoring.
Jul  1 09:19:23 calvisitor-10-105-160-95 com.apple.CDScheduler[258]: Thermal pressure state: 0 Memory pressure state: 0
Jul  1 09:19:23 calvisitor-10-105-160-95 com.apple.cts[258]: com.apple.icloud.fmfd.heartbeat: scheduler_evaluate_activity told me to run this job; however, but the start time isn't for 439024 seconds.  Ignoring.
Jul  1 09:19:23 calvisitor-10-105-160-95 com.apple.cts[258]: com.apple.EscrowSecurityAlert.daily: scheduler_evaluate_activity told me to run this job; however, but the start time isn't for 13548 seconds.  Ignoring.
Jul  1 09:19:23 calvisitor-10-105-160-95 com.apple.cts[43]: com.apple.CacheDelete.daily: scheduler_evaluate_activity told me to run this job; however, but the start time isn't for 13460 seconds.  Ignoring.
Jul  1 09:19:23 calvisitor-10-105-160-95 com.apple.CDScheduler[43]: Thermal pressure state: 0 Memory pressure state: 0
Jul  1 09:19:23 calvisitor-10-105-160-95 com.apple.cts[258]: com.apple.Safari.SafeBrowsing.Update: scheduler_evaluate_activity told me to run this job; however, but the start time isn't for 23 seconds.  Ignoring.
Jul  1 09:19:23 calvisitor-10-105-160-95 com.apple.cts[43]: com.apple.CacheDelete.daily: scheduler_evaluate_activity told me to run this job; however, but the start time isn't for 13460 seconds.  Ignoring.
Jul  1 09:19:23 calvisitor-10-105-160-95 com.apple.cts[258]: com.apple.icloud.fmfd.heartbeat: scheduler_evaluate_activity told me to run this job; however, but the start time isn't for 439024 seconds.  Ignoring.
Jul  1 09:19:23 calvisitor-10-105-160-95 com.apple.cts[258]: com.apple.EscrowSecurityAlert.daily: scheduler_evaluate_activity told me to run this job; however, but the start time isn't for 13548 seconds.  Ignoring.
Jul  1 09:19:32 calvisitor-10-105-160-95 kernel[0]: IO80211AWDLPeerManager::setAwdlOperatingMode Setting the AWDL operation mode from AUTO to SUSPENDED
Jul  1 09:19:32 calvisitor-10-105-160-95 kernel[0]: IO80211AWDLPeerManager::setAwdlSuspendedMode() Suspending AWDL, enterQuietMode(true)
Jul  1 09:19:34 calvisitor-10-105-160-95 com.apple.cts[43]: com.apple.CacheDelete.daily: scheduler_evaluate_activity told me to run this job; however, but the start time isn't for 13449 seconds.  Ignoring.
Jul  1 09:19:36 calvisitor-10-105-160-95 kernel[0]: ARPT: 620933.519936: wl0: Roamed or switched channel, reason #8, bssid 5c:50:15:36:bc:03, last RSSI -73
Jul  1 09:19:36 calvisitor-10-105-160-95 kernel[0]: en0: BSSID changed to 5c:50:15:36:bc:03
Jul  1 09:19:36 calvisitor-10-105-160-95 kernel[0]: en0: channel changed to 6
Jul  1 09:19:36 calvisitor-10-105-160-95 kernel[0]: en0::IO80211Interface::postMessage bssid changed
Jul  1 09:19:36 calvisitor-10-105-160-95 symptomsd[215]: -[NetworkAnalyticsEngine _writeJournalRecord:fromCellFingerprint:key:atLOI:ofKind:lqm:isFaulty:] Hashing of the primary key failed. Dropping the journal record.
Jul  1 09:19:36 calvisitor-10-105-160-95 kernel[0]: IO80211AWDLPeerManager::setAwdlOperatingMode Setting the AWDL operation mode from SUSPENDED to AUTO
Jul  1 09:19:36 calvisitor-10-105-160-95 kernel[0]: IO80211AWDLPeerManager::setAwdlAutoMode Resuming AWDL
Jul  1 09:19:36 calvisitor-10-105-160-95 kernel[0]: Setting BTCoex Config: enable_2G:1, profile_2g:0, enable_5G:1, profile_5G:0
Jul  1 09:19:36 calvisitor-10-105-160-95 symptomsd[215]: -[NetworkAnalyticsEngine _writeJournalRecord:fromCellFingerprint:key:atLOI:ofKind:lqm:isFaulty:] Hashing of the primary key failed. Dropping the journal record.
Jul  1 09:19:36 calvisitor-10-105-160-95 mDNSResponder[91]: mDNS_RegisterInterface: Frequent transitions for interface en0 (FE80:0000:0000:0000:C6B3:01FF:FECD:467F)
Jul  1 09:19:36 calvisitor-10-105-160-95 mDNSResponder[91]: mDNS_RegisterInterface: Frequent transitions for interface en0 (10.105.160.95)
Jul  1 09:19:48 calvisitor-10-105-160-95 kernel[0]: ARPT: 620945.742699: wl0: setup_keepalive: interval 900, retry_interval 30, retry_count 10
Jul  1 09:19:48 calvisitor-10-105-160-95 kernel[0]: ARPT: 620945.742715: wl0: setup_keepalive: Local IP: 10.105.160.95
Jul  1 09:19:48 calvisitor-10-105-160-95 kernel[0]: ARPT: 620945.742723: wl0: setup_keepalive: Remote IP: 17.249.28.20
Jul  1 09:19:48 calvisitor-10-105-160-95 kernel[0]: ARPT: 620945.742731: wl0: setup_keepalive: Local port: 61608, Remote port: 443
Jul  1 09:19:48 calvisitor-10-105-160-95 kernel[0]: ARPT: 620945.742740: wl0: setup_keepalive: Seq: 1599825083, Ack: 2788024632, Win size: 4096
Jul  1 09:19:48 calvisitor-10-105-160-95 kernel[0]: ARPT: 620945.742771: wl0: MDNS: IPV4 Addr: 10.105.160.95
Jul  1 09:19:48 calvisitor-10-105-160-95 kernel[0]: ARPT: 620945.742780: wl0: MDNS: IPV6 Addr: fe80:0:0:0:c6b3:1ff:fecd:467f
Jul  1 09:19:48 calvisitor-10-105-160-95 kernel[0]: ARPT: 620945.742789: wl0: MDNS: IPV6 Addr: 2607:f140:6000:8:c6b3:1ff:fecd:467f
Jul  1 09:19:48 calvisitor-10-105-160-95 kernel[0]: ARPT: 620945.742798: wl0: MDNS: IPV6 Addr: 2607:f140:6000:8:9d89:b1fd:44a0:86d0
Jul  1 09:19:48 calvisitor-10-105-160-95 kernel[0]: ARPT: 620945.742806: wl0: MDNS: 0 SRV Recs, 0 TXT Recs
Jul  1 09:19:48 calvisitor-10-105-160-95 mDNSResponder[91]: mDNS_DeregisterInterface: Frequent transitions for interface awdl0 (FE80:0000:0000:0000:D8A5:90FF:FEF5:7FFF)
Jul  1 09:19:48 calvisitor-10-105-160-95 mDNSResponder[91]: mDNS_DeregisterInterface: Frequent transitions for interface en0 (2607:F140:6000:0008:C6B3:01FF:FECD:467F)
Jul  1 09:19:50 calvisitor-10-105-160-95 kernel[0]: PM response took 1981 ms (54, powerd)
Jul  1 09:19:50 calvisitor-10-105-160-95 kernel[0]: ARPT: 620947.721492: AirPort_Brcm43xx::powerChange: System Sleep 
Jul  1 09:19:50 calvisitor-10-105-160-95 kernel[0]: ARPT: 620947.721515: IOPMPowerSource Information: onSleep,  SleepType: Normal Sleep,  'ExternalConnected': Yes, 'TimeRemaining': 0, 
Jul  1 09:19:50 calvisitor-10-105-160-95 kernel[0]: AppleCamIn::systemWakeCall - messageType = 0xE0000340
Jul  1 09:20:14 calvisitor-10-105-160-95 kernel[0]: AppleThunderboltNHIType2::prePCIWake - power up complete - took 2 us
Jul  1 09:20:14 calvisitor-10-105-160-95 kernel[0]: AppleThunderboltGenericHAL::earlyWake - complete - took 0 milliseconds
Jul  1 09:20:14 calvisitor-10-105-160-95 kernel[0]: Bluetooth -- LE is supported - Disable LE meta event
Jul  1 09:20:14 calvisitor-10-105-160-95 kernel[0]: AirPort: Link Down on awdl0. Reason 1 (Unspecified).
Jul  1 09:20:14 calvisitor-10-105-160-95 kernel[0]: ARPT: 620948.249431: wl0: wl_update_tcpkeep_seq: Original Seq: 1599825083, Ack: 2788024632, Win size: 4096
Jul  1 09:20:14 calvisitor-10-105-160-95 kernel[0]: ARPT: 620948.249459: wl0: wl_update_tcpkeep_seq: Updated seq/ack/win from UserClient Seq 1599825083, Ack 2788024632, Win size 278
Jul  1 09:20:14 calvisitor-10-105-160-95 kernel[0]: ARPT: 620948.249488: wl0: leaveModulePoweredForOffloads: Wi-Fi will stay on.
Jul  1 09:20:14 calvisitor-10-105-160-95 kernel[0]: ARPT: 620948.277475: AirPort_Brcm43xx::platformWoWEnable: WWEN[enable]
Jul  1 09:20:14 calvisitor-10-105-160-95 kernel[0]: ARPT: 620948.278573: AirPort_Brcm43xx::syncPowerState: WWEN[enabled]
Jul  1 09:20:14 calvisitor-10-105-160-95 kernel[0]: IOThunderboltSwitch<0>(0x0)::listenerCallback - Thunderbolt HPD packet for route = 0x0 port = 11 unplug = 0
Jul  1 09:20:14 calvisitor-10-105-160-95 kernel[0]: IOThunderboltSwitch<0>(0x0)::listenerCallback - Thunderbolt HPD packet for route = 0x0 port = 12 unplug = 0
Jul  1 09:20:14 calvisitor-10-105-160-95 kernel[0]: AppleCamIn::systemWakeCall - messageType = 0xE0000340
Jul  1 09:19:52 calvisitor-10-105-160-95 kernel[0]: AppleThunderboltNHIType2::waitForOk2Go2Sx - intel_rp = 1 dlla_reporting_supported = 0
Jul  1 09:20:14 calvisitor-10-105-160-95 kernel[0]: AppleThunderboltNHIType2::waitForOk2Go2Sx - retries = 5
Jul  1 09:20:14 calvisitor-10-105-160-95 kernel[0]: Wake reason: ?
Jul  1 09:20:14 calvisitor-10-105-160-95 kernel[0]: AppleCamIn::systemWakeCall - messageType = 0xE0000340
Jul  1 09:20:14 calvisitor-10-105-160-95 kernel[0]: AppleCamIn::wakeEventHandlerThread
Jul  1 09:20:14 calvisitor-10-105-160-95 kernel[0]: RTC: PowerByCalendarDate setting ignored
Jul  1 09:20:14 calvisitor-10-105-160-95 kernel[0]: Previous sleep cause: 5
Jul  1 09:20:14 calvisitor-10-105-160-95 kernel[0]: AppleThunderboltNHIType2::prePCIWake - power up complete - took 2 us
Jul  1 09:20:14 calvisitor-10-105-160-95 kernel[0]: in6_unlink_ifa: IPv6 address 0x77c911455cd9b64b has no prefix
Jul  1 09:20:14 calvisitor-10-105-160-95 kernel[0]: AppleThunderboltGenericHAL::earlyWake - complete - took 1 milliseconds
Jul  1 09:20:14 calvisitor-10-105-160-95 kernel[0]: IOThunderboltSwitch<0>(0x0)::listenerCallback - Thunderbolt HPD packet for route = 0x0 port = 11 unplug = 0
Jul  1 09:20:14 calvisitor-10-105-160-95 kernel[0]: IOThunderboltSwitch<0>(0x0)::listenerCallback - Thunderbolt HPD packet for route = 0x0 port = 12 unplug = 0
Jul  1 09:20:14 calvisitor-10-105-160-95 kernel[0]: TBT W (2): 0x0040 [x]
Jul  1 09:20:14 calvisitor-10-105-160-95 mDNSResponder[91]: mDNS_RegisterInterface: Frequent transitions for interface en0 (FE80:0000:0000:0000:C6B3:01FF:FECD:467F)
Jul  1 09:20:14 calvisitor-10-105-160-95 mDNSResponder[91]: mDNS_RegisterInterface: Frequent transitions for interface en0 (10.105.160.95)
Jul  1 09:20:14 calvisitor-10-105-160-95 kernel[0]: en0: channel changed to 1
Jul  1 09:20:14 calvisitor-10-105-160-95 kernel[0]: ARPT: 620950.016682: ARPT: Wake Reason: Wake on Scan offload
Jul  1 09:20:14 calvisitor-10-105-160-95 kernel[0]: AirPort: Link Down on en0. Reason 8 (Disassociated because station leaving).
Jul  1 09:20:14 calvisitor-10-105-160-95 kernel[0]: en0: channel changed to 1
Jul  1 09:20:14 calvisitor-10-105-160-95 kernel[0]: en0::IO80211Interface::postMessage bssid changed
Jul  1 09:20:14 calvisitor-10-105-160-95 symptomsd[215]: -[NetworkAnalyticsEngine _writeJournalRecord:fromCellFingerprint:key:atLOI:ofKind:lqm:isFaulty:] Hashing of the primary key failed. Dropping the journal record.
Jul  1 09:20:14 calvisitor-10-105-160-95 kernel[0]: AirPort: Link Up on awdl0
Jul  1 09:20:14 calvisitor-10-105-160-95 kernel[0]: en0: 802.11d country code set to 'X3'.
Jul  1 09:20:14 calvisitor-10-105-160-95 kernel[0]: en0: Supported channels 1 2 3 4 5 6 7 8 9 10 11 12 13 36 40 44 48 52 56 60 64 100 104 108 112 116 120 124 128 132 136 140 144 149 153 157 161
Jul  1 09:20:14 calvisitor-10-105-160-95 kernel[0]: Setting BTCoex Config: enable_2G:1, profile_2g:0, enable_5G:1, profile_5G:0
Jul  1 09:20:14 authorMacBook-Pro configd[53]: setting hostname to "authorMacBook-Pro.local"
Jul  1 09:20:14 authorMacBook-Pro configd[53]: network changed: v4(en0-:10.105.160.95) v6(en0:2607:f140:6000:8:c6b3:1ff:fecd:467f) DNS! Proxy SMB
Jul  1 09:20:14 authorMacBook-Pro mDNSResponder[91]: mDNS_RegisterInterface: Frequent transitions for interface awdl0 (FE80:0000:0000:0000:D8A5:90FF:FEF5:7FFF)
Jul  1 09:20:14 authorMacBook-Pro sharingd[30299]: 09:20:14.468 : BTLE scanner Powered On
Jul  1 09:20:14 --- last message repeated 2 times ---
Jul  1 09:20:14 authorMacBook-Pro kernel[0]: USBMSC Identifier (non-unique): 000000000820 0x5ac 0x8406 0x820, 3
Jul  1 09:20:14 authorMacBook-Pro kernel[0]: ARPT: 620950.120286: AirPort_Brcm43xx::powerChange: System Wake - Full Wake/ Dark Wake / Maintenance wake
Jul  1 09:20:14 authorMacBook-Pro kernel[0]: ARPT: 620950.120306: IOPMPowerSource Information: onWake,  SleepType: Normal Sleep,  'ExternalConnected': Yes, 'TimeRemaining': 0, 
Jul  1 09:20:14 authorMacBook-Pro kernel[0]: ARPT: 620950.120327: ARPT: Wake Reason: Wake on Scan offload
Jul  1 09:20:14 authorMacBook-Pro kernel[0]: ARPT: 620950.120380: AirPort_Brcm43xx::platformWoWEnable: WWEN[disable]
Jul  1 09:20:14 authorMacBook-Pro kernel[0]: AppleCamIn::systemWakeCall - messageType = 0xE0000340
Jul  1 09:20:14 authorMacBook-Pro kernel[0]: AppleCamIn::wakeEventHandlerThread
Jul  1 09:20:14 authorMacBook-Pro kernel[0]: [HID] [ATC] AppleDeviceManagementHIDEventService::processWakeReason Wake reason: Host (0x01)
Jul  1 09:20:14 authorMacBook-Pro kernel[0]: in6_unlink_ifa: IPv6 address 0x77c911455cd9be2b has no prefix
Jul  1 09:20:14 authorMacBook-Pro networkd[195]: nw_nat64_post_new_ifstate successfully changed NAT64 ifstate from 0x8000000000000000 to 0x4
Jul  1 09:20:14 authorMacBook-Pro com.apple.cts[43]: com.apple.CacheDelete.daily: scheduler_evaluate_activity told me to run this job; however, but the start time isn't for 13409 seconds.  Ignoring.
Jul  1 09:20:14 authorMacBook-Pro com.apple.cts[258]: com.apple.icloud.fmfd.heartbeat: scheduler_evaluate_activity told me to run this job; however, but the start time isn't for 438973 seconds.  Ignoring.
Jul  1 09:20:14 authorMacBook-Pro com.apple.cts[258]: com.apple.EscrowSecurityAlert.daily: scheduler_evaluate_activity told me to run this job; however, but the start time isn't for 13497 seconds.  Ignoring.
Jul  1 09:20:14 authorMacBook-Pro Dock[307]: -[UABestAppSuggestionManager notifyBestAppChanged:type:options:bundleIdentifier:activityType:dynamicIdentifier:when:confidence:deviceName:deviceIdentifier:deviceType:] (null) UASuggestedActionType=0 (null)/(null) opts=(null) when=2017-07-01 16:20:14 +0000 confidence=1 from=(null)/(null) (UABestAppSuggestionManager.m #319)
Jul  1 09:20:14 authorMacBook-Pro UserEventAgent[43]: Captive: CNPluginHandler en0: Inactive
Jul  1 09:20:14 authorMacBook-Pro kernel[0]: IO80211AWDLPeerManager::setAwdlOperatingMode Setting the AWDL operation mode from AUTO to SUSPENDED
Jul  1 09:20:14 authorMacBook-Pro kernel[0]: IO80211AWDLPeerManager::setAwdlSuspendedMode() Suspending AWDL, enterQuietMode(true)
Jul  1 09:20:14 authorMacBook-Pro mDNSResponder[91]: mDNS_DeregisterInterface: Frequent transitions for interface en0 (2607:F140:6000:0008:C6B3:01FF:FECD:467F)
Jul  1 09:20:14 authorMacBook-Pro cdpd[11807]: Saw change in network reachability (isReachable=0)
Jul  1 09:20:14 authorMacBook-Pro networkd[195]: -[NETClientConnection evaluateCrazyIvan46] CI46 - Perform CrazyIvan46! QQ.10018 tc18821 119.81.102.227:80
Jul  1 09:20:14 authorMacBook-Pro networkd[195]: __42-[NETClientConnection evaluateCrazyIvan46]_block_invoke CI46 - Hit by torpedo! QQ.10018 tc18821 119.81.102.227:80
Jul  1 09:20:14 authorMacBook-Pro com.apple.WebKit.WebContent[25654]: [09:20:14.640] <<<< CRABS >>>> crabsFlumeHostUnavailable: [0x7f961cf08cf0] Byte flume reports host unavailable.
Jul  1 09:20:14 authorMacBook-Pro netbiosd[31163]: network_reachability_changed : network is not reachable, netbiosd is shutting down
Jul  1 09:20:14 authorMacBook-Pro symptomsd[215]: __73-[NetworkAnalyticsEngine observeValueForKeyPath:ofObject:change:context:]_block_invoke unexpected switch value 2
Jul  1 09:20:14 authorMacBook-Pro networkd[195]: nw_nat64_post_new_ifstate successfully changed NAT64 ifstate from 0x4 to 0x8000000000000000
Jul  1 09:20:15 authorMacBook-Pro symptomsd[215]: __73-[NetworkAnalyticsEngine observeValueForKeyPath:ofObject:change:context:]_block_invoke unexpected switch value 2
Jul  1 09:20:15 authorMacBook-Pro configd[53]: network changed: v6(en0-:2607:f140:6000:8:c6b3:1ff:fecd:467f) DNS- Proxy-
Jul  1 09:20:15 authorMacBook-Pro kernel[0]: PM response took 969 ms (54, powerd)
Jul  1 09:20:15 authorMacBook-Pro networkd[195]: -[NETClientConnection effectiveBundleID] using process name com.apple.Safar as bundle ID (this is expected for daemons without bundle ID
Jul  1 09:20:15 authorMacBook-Pro networkd[195]: -[NETClientConnection effectiveBundleID] using process name apsd as bundle ID (this is expected for daemons without bundle ID
Jul  1 09:20:15 --- last message repeated 1 time ---
Jul  1 09:20:15 authorMacBook-Pro Dropbox[24019]: [0701/092015:WARNING:dns_config_service_posix.cc(306)] Failed to read DnsConfig.
Jul  1 09:20:15 authorMacBook-Pro com.apple.cts[258]: com.apple.Safari.SafeBrowsing.Update: scheduler_evaluate_activity told me to run this job; however, but the start time isn't for 59 seconds.  Ignoring.
Jul  1 09:20:15 authorMacBook-Pro com.apple.cts[258]: com.apple.icloud.fmfd.heartbeat: scheduler_evaluate_activity told me to run this job; however, but the start time isn't for 438972 seconds.  Ignoring.
Jul  1 09:20:15 authorMacBook-Pro com.apple.cts[258]: com.apple.EscrowSecurityAlert.daily: scheduler_evaluate_activity told me to run this job; however, but the start time isn't for 13496 seconds.  Ignoring.
Jul  1 09:20:17 authorMacBook-Pro networkd[195]: -[NETClientConnection effectiveBundleID] using process name apsd as bundle ID (this is expected for daemons without bundle ID
Jul  1 09:20:19 --- last message repeated 1 time ---
Jul  1 09:20:19 authorMacBook-Pro kernel[0]: AppleCamIn::handleWakeEvent_gated
Jul  1 09:20:19 authorMacBook-Pro kernel[0]: AirPort: Link Up on en0
Jul  1 09:20:19 authorMacBook-Pro kernel[0]: en0: BSSID changed to 5c:50:15:4c:18:13
Jul  1 09:20:19 authorMacBook-Pro kernel[0]: en0: channel changed to 1
Jul  1 09:20:19 authorMacBook-Pro kernel[0]: en0::IO80211Interface::postMessage bssid changed
Jul  1 09:20:19 authorMacBook-Pro symptomsd[215]: -[NetworkAnalyticsEngine _writeJournalRecord:fromCellFingerprint:key:atLOI:ofKind:lqm:isFaulty:] Hashing of the primary key failed. Dropping the journal record.
Jul  1 09:20:19 authorMacBook-Pro kernel[0]: en0: 802.11d country code set to 'US'.
Jul  1 09:20:19 authorMacBook-Pro kernel[0]: en0: Supported channels 1 2 3 4 5 6 7 8 9 10 11 12 13 36 40 44 48 52 56 60 64 100 104 108 112 116 120 124 128 132 136 140 144 149 153 157 161 165
Jul  1 09:20:19 authorMacBook-Pro kernel[0]: Unexpected payload found for message 9, dataLen 0
Jul  1 09:20:19 authorMacBook-Pro configd[53]: network changed: DNS* Proxy
Jul  1 09:20:19 authorMacBook-Pro UserEventAgent[43]: Captive: [CNInfoNetworkActive:1748] en0: SSID 'CalVisitor' making interface primary (cache indicates network not captive)
Jul  1 09:20:19 authorMacBook-Pro UserEventAgent[43]: Captive: CNPluginHandler en0: Evaluating
Jul  1 09:20:19 authorMacBook-Pro UserEventAgent[43]: Captive: en0: Not probing 'CalVisitor' (cache indicates not captive)
Jul  1 09:20:19 authorMacBook-Pro UserEventAgent[43]: Captive: CNPluginHandler en0: Authenticated
Jul  1 09:20:19 authorMacBook-Pro configd[53]: network changed: v6(en0!:2607:f140:6000:8:c6b3:1ff:fecd:467f) DNS+ Proxy+ SMB
Jul  1 09:20:19 authorMacBook-Pro cdpd[11807]: Saw change in network reachability (isReachable=2)
Jul  1 09:20:19 authorMacBook-Pro com.apple.WebKit.WebContent[25654]: [09:20:19.357] <<<< CRABS >>>> crabsFlumeHostAvailable: [0x7f961cf08cf0] Byte flume reports host available again.
Jul  1 09:20:19 authorMacBook-Pro networkd[195]: nw_nat64_post_new_ifstate successfully changed NAT64 ifstate from 0x8000000000000000 to 0x4
Jul  1 09:20:19 authorMacBook-Pro symptomsd[215]: __73-[NetworkAnalyticsEngine observeValueForKeyPath:ofObject:change:context:]_block_invoke unexpected switch value 2
Jul  1 09:20:19 authorMacBook-Pro networkd[195]: -[NETClientConnection evaluateCrazyIvan46] CI46 - Perform CrazyIvan46! NeteaseMusic.17988 tc7466 103.251.128.144:80
Jul  1 09:20:19 authorMacBook-Pro kernel[0]: Setting BTCoex Config: enable_2G:1, profile_2g:0, enable_5G:1, profile_5G:0
Jul  1 09:20:19 authorMacBook-Pro kernel[0]: IO80211AWDLPeerManager::setAwdlOperatingMode Setting the AWDL operation mode from SUSPENDED to AUTO
Jul  1 09:20:19 authorMacBook-Pro kernel[0]: IO80211AWDLPeerManager::setAwdlAutoMode Resuming AWDL
Jul  1 09:20:19 authorMacBook-Pro sandboxd[129] ([10018]): QQ(10018) deny mach-lookup com.apple.networking.captivenetworksupport
Jul  1 09:20:19 authorMacBook-Pro networkd[195]: -[NETClientConnection evaluateCrazyIvan46] CI46 - Perform CrazyIvan46! QQ.10018 tc18830 119.81.102.227:80
Jul  1 09:20:19 authorMacBook-Pro kernel[0]: AppleCamIn::handleWakeEvent_gated
Jul  1 09:20:19 authorMacBook-Pro symptomsd[215]: __73-[NetworkAnalyticsEngine observeValueForKeyPath:ofObject:change:context:]_block_invoke unexpected switch value 2
Jul  1 09:20:19 authorMacBook-Pro netbiosd[31169]: Unable to start NetBIOS name service: 
Jul  1 09:20:20 authorMacBook-Pro configd[53]: network changed: v4(en0+:10.105.160.95) v6(en0:2607:f140:6000:8:c6b3:1ff:fecd:467f) DNS! Proxy SMB
Jul  1 09:20:20 authorMacBook-Pro networkd[195]: __42-[NETClientConnection evaluateCrazyIvan46]_block_invoke CI46 - Hit by torpedo! NeteaseMusic.17988 tc7466 103.251.128.144:80
Jul  1 09:20:20 authorMacBook-Pro networkd[195]: __42-[NETClientConnection evaluateCrazyIvan46]_block_invoke CI46 - Hit by torpedo! QQ.10018 tc18830 119.81.102.227:80
Jul  1 09:20:20 authorMacBook-Pro NeteaseMusic[17988]: tcp_connection_handle_connect_conditions_bad 7466 failed: 3 - No network route
Jul  1 09:20:20 authorMacBook-Pro QQ[10018]: tcp_connection_handle_connect_conditions_bad 18830 failed: 3 - No network route
Jul  1 09:20:20 authorMacBook-Pro networkd[195]: -[NETClientConnection evaluateCrazyIvan46] CI46 - Perform CrazyIvan46! QQ.10018 tc18831 123.151.10.175:80
Jul  1 09:20:20 authorMacBook-Pro networkd[195]: __42-[NETClientConnection evaluateCrazyIvan46]_block_invoke CI46 - Hit by torpedo! QQ.10018 tc18831 123.151.10.175:80
Jul  1 09:20:20 calvisitor-10-105-160-95 configd[53]: setting hostname to "calvisitor-10-105-160-95.calvisitor.1918.berkeley.edu"
Jul  1 09:20:20 calvisitor-10-105-160-95 com.apple.WebKit.WebContent[25654]: [09:20:20.294] <<<< CRABS >>>> crabsFlumeHostUnavailable: [0x7f961cf08cf0] Byte flume reports host unavailable.
Jul  1 09:20:20 calvisitor-10-105-160-95 networkd[195]: nw_nat64_post_new_ifstate successfully changed NAT64 ifstate from 0x4 to 0x8000000000000000
Jul  1 09:20:20 calvisitor-10-105-160-95 symptomsd[215]: __73-[NetworkAnalyticsEngine observeValueForKeyPath:ofObject:change:context:]_block_invoke unexpected switch value 2
Jul  1 09:20:20 calvisitor-10-105-160-95 com.apple.WebKit.WebContent[25654]: [09:20:20.788] <<<< CRABS >>>> crabsFlumeHostAvailable: [0x7f961cf08cf0] Byte flume reports host available again.
Jul  1 09:20:24 calvisitor-10-105-160-95 com.apple.cts[258]: com.apple.Safari.SafeBrowsing.Update: scheduler_evaluate_activity told me to run this job; however, but the start time isn't for 50 seconds.  Ignoring.
Jul  1 09:20:24 calvisitor-10-105-160-95 com.apple.cts[258]: com.apple.icloud.fmfd.heartbeat: scheduler_evaluate_activity told me to run this job; however, but the start time isn't for 438963 seconds.  Ignoring.
Jul  1 09:20:24 calvisitor-10-105-160-95 com.apple.cts[258]: com.apple.EscrowSecurityAlert.daily: scheduler_evaluate_activity told me to run this job; however, but the start time isn't for 13487 seconds.  Ignoring.
Jul  1 09:20:24 calvisitor-10-105-160-95 com.apple.cts[258]: com.apple.Safari.SafeBrowsing.Update: scheduler_evaluate_activity told me to run this job; however, but the start time isn't for 50 seconds.  Ignoring.
Jul  1 09:20:24 calvisitor-10-105-160-95 com.apple.cts[258]: com.apple.icloud.fmfd.heartbeat: scheduler_evaluate_activity told me to run this job; however, but the start time isn't for 438963 seconds.  Ignoring.
Jul  1 09:20:24 calvisitor-10-105-160-95 com.apple.cts[258]: com.apple.EscrowSecurityAlert.daily: scheduler_evaluate_activity told me to run this job; however, but the start time isn't for 13487 seconds.  Ignoring.
Jul  1 09:20:24 calvisitor-10-105-160-95 QQ[10018]: ############################## _getSysMsgList
Jul  1 09:20:24 --- last message repeated 1 time ---
Jul  1 09:20:24 calvisitor-10-105-160-95 com.apple.cts[258]: com.apple.Safari.SafeBrowsing.Update: scheduler_evaluate_activity told me to run this job; however, but the start time isn't for 50 seconds.  Ignoring.
Jul  1 09:20:24 calvisitor-10-105-160-95 com.apple.cts[258]: com.apple.icloud.fmfd.heartbeat: scheduler_evaluate_activity told me to run this job; however, but the start time isn't for 438963 seconds.  Ignoring.
Jul  1 09:20:24 calvisitor-10-105-160-95 com.apple.cts[258]: com.apple.EscrowSecurityAlert.daily: scheduler_evaluate_activity told me to run this job; however, but the start time isn't for 13487 seconds.  Ignoring.
Jul  1 09:20:24 calvisitor-10-105-160-95 com.apple.cts[258]: com.apple.Safari.SafeBrowsing.Update: scheduler_evaluate_activity told me to run this job; however, but the start time isn't for 50 seconds.  Ignoring.
Jul  1 09:20:24 calvisitor-10-105-160-95 com.apple.CDScheduler[258]: Thermal pressure state: 1 Memory pressure state: 0
Jul  1 09:20:24 calvisitor-10-105-160-95 com.apple.cts[258]: com.apple.icloud.fmfd.heartbeat: scheduler_evaluate_activity told me to run this job; however, but the start time isn't for 438963 seconds.  Ignoring.
Jul  1 09:20:24 calvisitor-10-105-160-95 com.apple.cts[258]: com.apple.EscrowSecurityAlert.daily: scheduler_evaluate_activity told me to run this job; however, but the start time isn't for 13487 seconds.  Ignoring.
Jul  1 09:20:24 calvisitor-10-105-160-95 com.apple.cts[43]: com.apple.CacheDelete.daily: scheduler_evaluate_activity told me to run this job; however, but the start time isn't for 13399 seconds.  Ignoring.
Jul  1 09:20:24 calvisitor-10-105-160-95 com.apple.CDScheduler[43]: Thermal pressure state: 1 Memory pressure state: 0
Jul  1 09:20:24 calvisitor-10-105-160-95 com.apple.cts[258]: com.apple.Safari.SafeBrowsing.Update: scheduler_evaluate_activity told me to run this job; however, but the start time isn't for 50 seconds.  Ignoring.
Jul  1 09:20:24 calvisitor-10-105-160-95 com.apple.cts[43]: com.apple.CacheDelete.daily: scheduler_evaluate_activity told me to run this job; however, but the start time isn't for 13399 seconds.  Ignoring.
Jul  1 09:20:24 calvisitor-10-105-160-95 com.apple.cts[258]: com.apple.icloud.fmfd.heartbeat: scheduler_evaluate_activity told me to run this job; however, but the start time isn't for 438963 seconds.  Ignoring.
Jul  1 09:20:24 calvisitor-10-105-160-95 com.apple.cts[258]: com.apple.EscrowSecurityAlert.daily: scheduler_evaluate_activity told me to run this job; however, but the start time isn't for 13487 seconds.  Ignoring.
Jul  1 09:20:25 calvisitor-10-105-160-95 QQ[10018]: FA||Url||taskID[2019353001] dealloc
Jul  1 09:20:34 calvisitor-10-105-160-95 com.apple.cts[258]: com.apple.Safari.SafeBrowsing.Update: scheduler_evaluate_activity told me to run this job; however, but the start time isn't for 40 seconds.  Ignoring.
Jul  1 09:20:34 calvisitor-10-105-160-95 com.apple.CDScheduler[258]: Thermal pressure state: 0 Memory pressure state: 0
Jul  1 09:20:34 calvisitor-10-105-160-95 com.apple.cts[258]: com.apple.icloud.fmfd.heartbeat: scheduler_evaluate_activity told me to run this job; however, but the start time isn't for 438953 seconds.  Ignoring.
Jul  1 09:20:34 calvisitor-10-105-160-95 com.apple.cts[258]: com.apple.EscrowSecurityAlert.daily: scheduler_evaluate_activity told me to run this job; however, but the start time isn't for 13477 seconds.  Ignoring.
Jul  1 09:20:34 calvisitor-10-105-160-95 com.apple.cts[43]: com.apple.CacheDelete.daily: scheduler_evaluate_activity told me to run this job; however, but the start time isn't for 13389 seconds.  Ignoring.
Jul  1 09:20:34 calvisitor-10-105-160-95 com.apple.CDScheduler[43]: Thermal pressure state: 0 Memory pressure state: 0
Jul  1 09:20:34 calvisitor-10-105-160-95 com.apple.cts[258]: com.apple.Safari.SafeBrowsing.Update: scheduler_evaluate_activity told me to run this job; however, but the start time isn't for 40 seconds.  Ignoring.
Jul  1 09:20:34 calvisitor-10-105-160-95 com.apple.cts[43]: com.apple.CacheDelete.daily: scheduler_evaluate_activity told me to run this job; however, but the start time isn't for 13389 seconds.  Ignoring.
Jul  1 09:20:34 calvisitor-10-105-160-95 com.apple.cts[258]: com.apple.icloud.fmfd.heartbeat: scheduler_evaluate_activity told me to run this job; however, but the start time isn't for 438953 seconds.  Ignoring.
Jul  1 09:20:34 calvisitor-10-105-160-95 com.apple.cts[258]: com.apple.EscrowSecurityAlert.daily: scheduler_evaluate_activity told me to run this job; however, but the start time isn't for 13477 seconds.  Ignoring.
Jul  1 09:20:38 calvisitor-10-105-160-95 com.apple.cts[43]: com.apple.CacheDelete.daily: scheduler_evaluate_activity told me to run this job; however, but the start time isn't for 13385 seconds.  Ignoring.
Jul  1 09:20:43 calvisitor-10-105-160-95 kernel[0]: IO80211AWDLPeerManager::setAwdlOperatingMode Setting the AWDL operation mode from AUTO to SUSPENDED
Jul  1 09:20:43 calvisitor-10-105-160-95 kernel[0]: IO80211AWDLPeerManager::setAwdlSuspendedMode() Suspending AWDL, enterQuietMode(true)
Jul  1 09:20:47 calvisitor-10-105-160-95 kernel[0]: IO80211AWDLPeerManager::setAwdlOperatingMode Setting the AWDL operation mode from SUSPENDED to AUTO
Jul  1 09:20:47 calvisitor-10-105-160-95 kernel[0]: IO80211AWDLPeerManager::setAwdlAutoMode Resuming AWDL
Jul  1 09:20:59 calvisitor-10-105-160-95 kernel[0]: ARPT: 620995.172033: wl0: setup_keepalive: interval 900, retry_interval 30, retry_count 10
Jul  1 09:20:59 calvisitor-10-105-160-95 kernel[0]: ARPT: 620995.172049: wl0: setup_keepalive: Local IP: 10.105.160.95
Jul  1 09:20:59 calvisitor-10-105-160-95 kernel[0]: ARPT: 620995.172058: wl0: setup_keepalive: Remote IP: 17.249.28.71
Jul  1 09:20:59 calvisitor-10-105-160-95 kernel[0]: ARPT: 620995.172069: wl0: setup_keepalive: Local port: 61663, Remote port: 443
Jul  1 09:20:59 calvisitor-10-105-160-95 kernel[0]: ARPT: 620995.172079: wl0: setup_keepalive: Seq: 1603768438, Ack: 849011450, Win size: 4096
Jul  1 09:20:59 calvisitor-10-105-160-95 kernel[0]: ARPT: 620995.172109: wl0: MDNS: IPV4 Addr: 10.105.160.95
Jul  1 09:20:59 calvisitor-10-105-160-95 kernel[0]: ARPT: 620995.172118: wl0: MDNS: IPV6 Addr: fe80:0:0:0:c6b3:1ff:fecd:467f
Jul  1 09:20:59 calvisitor-10-105-160-95 kernel[0]: ARPT: 620995.172129: wl0: MDNS: IPV6 Addr: 2607:f140:6000:8:c6b3:1ff:fecd:467f
Jul  1 09:20:59 calvisitor-10-105-160-95 kernel[0]: ARPT: 620995.172139: wl0: MDNS: IPV6 Addr: 2607:f140:6000:8:d5d2:3058:9860:446d
Jul  1 09:20:59 calvisitor-10-105-160-95 kernel[0]: ARPT: 620995.172148: wl0: MDNS: 0 SRV Recs, 0 TXT Recs
Jul  1 09:20:59 calvisitor-10-105-160-95 mDNSResponder[91]: mDNS_DeregisterInterface: Frequent transitions for interface awdl0 (FE80:0000:0000:0000:D8A5:90FF:FEF5:7FFF)
Jul  1 09:21:01 calvisitor-10-105-160-95 kernel[0]: PM response took 1939 ms (54, powerd)
Jul  1 09:21:01 calvisitor-10-105-160-95 kernel[0]: ARPT: 620997.110858: AirPort_Brcm43xx::powerChange: System Sleep 
Jul  1 09:21:01 calvisitor-10-105-160-95 kernel[0]: ARPT: 620997.110882: IOPMPowerSource Information: onSleep,  SleepType: Normal Sleep,  'ExternalConnected': Yes, 'TimeRemaining': 0, 
Jul  1 09:21:01 calvisitor-10-105-160-95 kernel[0]: AppleCamIn::systemWakeCall - messageType = 0xE0000340
Jul  1 09:21:52 calvisitor-10-105-160-95 kernel[0]: AppleThunderboltNHIType2::prePCIWake - power up complete - took 4 us
Jul  1 09:21:52 calvisitor-10-105-160-95 kernel[0]: AppleThunderboltGenericHAL::earlyWake - complete - took 0 milliseconds
Jul  1 09:21:52 calvisitor-10-105-160-95 kernel[0]: Bluetooth -- LE is supported - Disable LE meta event
Jul  1 09:21:52 calvisitor-10-105-160-95 kernel[0]: AirPort: Link Down on awdl0. Reason 1 (Unspecified).
Jul  1 09:21:52 calvisitor-10-105-160-95 kernel[0]: ARPT: 620997.637284: wl0: wl_update_tcpkeep_seq: Original Seq: 1603768438, Ack: 849011450, Win size: 4096
Jul  1 09:21:52 calvisitor-10-105-160-95 kernel[0]: ARPT: 620997.637313: wl0: wl_update_tcpkeep_seq: Updated seq/ack/win from UserClient Seq 1603768438, Ack 849011450, Win size 278
Jul  1 09:21:52 calvisitor-10-105-160-95 kernel[0]: ARPT: 620997.637341: wl0: leaveModulePoweredForOffloads: Wi-Fi will stay on.
Jul  1 09:21:52 calvisitor-10-105-160-95 kernel[0]: ARPT: 620997.665995: AirPort_Brcm43xx::platformWoWEnable: WWEN[enable]
Jul  1 09:21:52 calvisitor-10-105-160-95 kernel[0]: ARPT: 620997.666830: AirPort_Brcm43xx::syncPowerState: WWEN[enabled]
Jul  1 09:21:52 calvisitor-10-105-160-95 kernel[0]: IOThunderboltSwitch<0>(0x0)::listenerCallback - Thunderbolt HPD packet for route = 0x0 port = 11 unplug = 0
Jul  1 09:21:52 calvisitor-10-105-160-95 kernel[0]: IOThunderboltSwitch<0>(0x0)::listenerCallback - Thunderbolt HPD packet for route = 0x0 port = 12 unplug = 0
Jul  1 09:21:52 calvisitor-10-105-160-95 kernel[0]: AppleCamIn::systemWakeCall - messageType = 0xE0000340
Jul  1 09:21:02 calvisitor-10-105-160-95 kernel[0]: AppleThunderboltNHIType2::waitForOk2Go2Sx - intel_rp = 1 dlla_reporting_supported = 0
Jul  1 09:21:52 calvisitor-10-105-160-95 kernel[0]: AppleThunderboltNHIType2::waitForOk2Go2Sx - retries = 3
Jul  1 09:21:52 calvisitor-10-105-160-95 kernel[0]: Wake reason: ?
Jul  1 09:21:52 calvisitor-10-105-160-95 kernel[0]: AppleCamIn::systemWakeCall - messageType = 0xE0000340
Jul  1 09:21:52 calvisitor-10-105-160-95 kernel[0]: AppleCamIn::wakeEventHandlerThread
Jul  1 09:21:52 calvisitor-10-105-160-95 kernel[0]: RTC: PowerByCalendarDate setting ignored
Jul  1 09:21:52 calvisitor-10-105-160-95 kernel[0]: Previous sleep cause: 5
Jul  1 09:21:52 calvisitor-10-105-160-95 kernel[0]: AppleThunderboltNHIType2::prePCIWake - power up complete - took 1 us
Jul  1 09:21:52 calvisitor-10-105-160-95 kernel[0]: in6_unlink_ifa: IPv6 address 0x77c911455cd9b25b has no prefix
Jul  1 09:21:52 calvisitor-10-105-160-95 kernel[0]: AppleThunderboltGenericHAL::earlyWake - complete - took 1 milliseconds
Jul  1 09:21:52 calvisitor-10-105-160-95 mDNSResponder[91]: mDNS_RegisterInterface: Frequent transitions for interface en0 (FE80:0000:0000:0000:C6B3:01FF:FECD:467F)
Jul  1 09:21:52 calvisitor-10-105-160-95 mDNSResponder[91]: mDNS_RegisterInterface: Frequent transitions for interface en0 (10.105.160.95)
Jul  1 09:21:52 calvisitor-10-105-160-95 kernel[0]: IOThunderboltSwitch<0>(0x0)::listenerCallback - Thunderbolt HPD packet for route = 0x0 port = 11 unplug = 0
Jul  1 09:21:52 calvisitor-10-105-160-95 kernel[0]: TBT W (2): 0x0040 [x]
Jul  1 09:21:52 calvisitor-10-105-160-95 kernel[0]: IOThunderboltSwitch<0>(0x0)::listenerCallback - Thunderbolt HPD packet for route = 0x0 port = 12 unplug = 0
Jul  1 09:21:52 calvisitor-10-105-160-95 kernel[0]: en0: channel changed to 1
Jul  1 09:21:52 calvisitor-10-105-160-95 kernel[0]: ARPT: 620999.412142: ARPT: Wake Reason: Wake on Scan offload
Jul  1 09:21:52 calvisitor-10-105-160-95 kernel[0]: AirPort: Link Down on en0. Reason 8 (Disassociated because station leaving).
Jul  1 09:21:52 calvisitor-10-105-160-95 kernel[0]: en0: channel changed to 1
Jul  1 09:21:52 calvisitor-10-105-160-95 kernel[0]: en0::IO80211Interface::postMessage bssid changed
Jul  1 09:21:52 calvisitor-10-105-160-95 symptomsd[215]: -[NetworkAnalyticsEngine _writeJournalRecord:fromCellFingerprint:key:atLOI:ofKind:lqm:isFaulty:] Hashing of the primary key failed. Dropping the journal record.
Jul  1 09:21:52 calvisitor-10-105-160-95 kernel[0]: AirPort: Link Up on awdl0
Jul  1 09:21:52 calvisitor-10-105-160-95 kernel[0]: en0: 802.11d country code set to 'X3'.
Jul  1 09:21:52 calvisitor-10-105-160-95 kernel[0]: en0: Supported channels 1 2 3 4 5 6 7 8 9 10 11 12 13 36 40 44 48 52 56 60 64 100 104 108 112 116 120 124 128 132 136 140 144 149 153 157 161
Jul  1 09:21:52 calvisitor-10-105-160-95 kernel[0]: Setting BTCoex Config: enable_2G:1, profile_2g:0, enable_5G:1, profile_5G:0
Jul  1 09:21:52 authorMacBook-Pro configd[53]: setting hostname to "authorMacBook-Pro.local"
Jul  1 09:21:52 authorMacBook-Pro configd[53]: network changed: v4(en0-:10.105.160.95) v6(en0:2607:f140:6000:8:c6b3:1ff:fecd:467f) DNS! Proxy SMB
Jul  1 09:21:52 authorMacBook-Pro sharingd[30299]: 09:21:52.471 : BTLE scanner Powered On
Jul  1 09:21:52 --- last message repeated 2 times ---
Jul  1 09:21:52 authorMacBook-Pro kernel[0]: USBMSC Identifier (non-unique): 000000000820 0x5ac 0x8406 0x820, 3
Jul  1 09:21:52 authorMacBook-Pro kernel[0]: ARPT: 620999.512694: AirPort_Brcm43xx::powerChange: System Wake - Full Wake/ Dark Wake / Maintenance wake
Jul  1 09:21:52 authorMacBook-Pro kernel[0]: ARPT: 620999.512716: IOPMPowerSource Information: onWake,  SleepType: Normal Sleep,  'ExternalConnected': Yes, 'TimeRemaining': 0, 
Jul  1 09:21:52 authorMacBook-Pro kernel[0]: ARPT: 620999.512738: ARPT: Wake Reason: Wake on Scan offload
Jul  1 09:21:52 authorMacBook-Pro kernel[0]: ARPT: 620999.512791: AirPort_Brcm43xx::platformWoWEnable: WWEN[disable]
Jul  1 09:21:52 authorMacBook-Pro kernel[0]: AppleCamIn::systemWakeCall - messageType = 0xE0000340
Jul  1 09:21:52 authorMacBook-Pro kernel[0]: AppleCamIn::wakeEventHandlerThread
Jul  1 09:21:52 authorMacBook-Pro kernel[0]: [HID] [ATC] AppleDeviceManagementHIDEventService::processWakeReason Wake reason: Host (0x01)
Jul  1 09:21:52 authorMacBook-Pro com.apple.cts[43]: com.apple.CacheDelete.daily: scheduler_evaluate_activity told me to run this job; however, but the start time isn't for 13311 seconds.  Ignoring.
Jul  1 09:21:52 authorMacBook-Pro com.apple.cts[258]: com.apple.icloud.fmfd.heartbeat: scheduler_evaluate_activity told me to run this job; however, but the start time isn't for 438875 seconds.  Ignoring.
Jul  1 09:21:52 authorMacBook-Pro com.apple.cts[258]: com.apple.EscrowSecurityAlert.daily: scheduler_evaluate_activity told me to run this job; however, but the start time isn't for 13399 seconds.  Ignoring.
Jul  1 09:21:52 authorMacBook-Pro mDNSResponder[91]: mDNS_RegisterInterface: Frequent transitions for interface awdl0 (FE80:0000:0000:0000:D8A5:90FF:FEF5:7FFF)
Jul  1 09:21:52 authorMacBook-Pro Dock[307]: -[UABestAppSuggestionManager notifyBestAppChanged:type:options:bundleIdentifier:activityType:dynamicIdentifier:when:confidence:deviceName:deviceIdentifier:deviceType:] (null) UASuggestedActionType=0 (null)/(null) opts=(null) when=2017-07-01 16:21:52 +0000 confidence=1 from=(null)/(null) (UABestAppSuggestionManager.m #319)
Jul  1 09:21:52 authorMacBook-Pro kernel[0]: in6_unlink_ifa: IPv6 address 0x77c911455cd9bb8b has no prefix
Jul  1 09:21:52 authorMacBook-Pro UserEventAgent[43]: Captive: CNPluginHandler en0: Inactive
Jul  1 09:21:52 authorMacBook-Pro cdpd[11807]: Saw change in network reachability (isReachable=0)
Jul  1 09:21:52 authorMacBook-Pro com.apple.WebKit.WebContent[25654]: [09:21:52.688] <<<< CRABS >>>> crabsFlumeHostUnavailable: [0x7f961cf08cf0] Byte flume reports host unavailable.
Jul  1 09:21:52 authorMacBook-Pro symptomsd[215]: __73-[NetworkAnalyticsEngine observeValueForKeyPath:ofObject:change:context:]_block_invoke unexpected switch value 2
Jul  1 09:21:52 authorMacBook-Pro mDNSResponder[91]: mDNS_DeregisterInterface: Frequent transitions for interface en0 (2607:F140:6000:0008:C6B3:01FF:FECD:467F)
Jul  1 09:21:52 authorMacBook-Pro netbiosd[31169]: network_reachability_changed : network is not reachable, netbiosd is shutting down
Jul  1 09:21:52 authorMacBook-Pro kernel[0]: IO80211AWDLPeerManager::setAwdlOperatingMode Setting the AWDL operation mode from AUTO to SUSPENDED
Jul  1 09:21:52 authorMacBook-Pro kernel[0]: IO80211AWDLPeerManager::setAwdlSuspendedMode() Suspending AWDL, enterQuietMode(true)
Jul  1 09:21:52 authorMacBook-Pro kernel[0]: ARPT: 620999.902458: wlc_dump_aggfifo:
Jul  1 09:21:52 authorMacBook-Pro kernel[0]: ARPT: 620999.902485: framerdy 0x0 bmccmd 3 framecnt 1024 
Jul  1 09:21:52 authorMacBook-Pro kernel[0]: ARPT: 620999.902544: AQM agg params 0xfc0 maxlen hi/lo 0x0 0xffff minlen 0x0 adjlen 0x0
Jul  1 09:21:52 authorMacBook-Pro kernel[0]: ARPT: 620999.902587: AQM agg results 0x8001 len hi/lo: 0x0 0x26 BAbitmap(0-3) 0 0 0 0
Jul  1 09:21:53 authorMacBook-Pro configd[53]: network changed: v6(en0-:2607:f140:6000:8:c6b3:1ff:fecd:467f) DNS- Proxy-
Jul  1 09:21:53 authorMacBook-Pro corecaptured[31174]: CCProfileMonitor::profileCallback Entered token:1
Jul  1 09:21:53 authorMacBook-Pro corecaptured[31174]: CCProfileMonitor::setStreamEventHandler 
Jul  1 09:21:53 authorMacBook-Pro corecaptured[31174]: CCXPCService::setStreamEventHandler Registered for notification callback.
Jul  1 09:21:53 authorMacBook-Pro networkd[195]: -[NETClientConnection effectiveBundleID] using process name apsd as bundle ID (this is expected for daemons without bundle ID
Jul  1 09:21:53 authorMacBook-Pro networkd[195]: -[NETClientConnection effectiveBundleID] using process name com.apple.Safar as bundle ID (this is expected for daemons without bundle ID
Jul  1 09:21:53 authorMacBook-Pro networkd[195]: -[NETClientConnection effectiveBundleID] using process name apsd as bundle ID (this is expected for daemons without bundle ID
Jul  1 09:21:53 authorMacBook-Pro com.apple.cts[258]: com.apple.Safari.SafeBrowsing.Update: scheduler_evaluate_activity told me to run this job; however, but the start time isn't for 2459 seconds.  Ignoring.
Jul  1 09:21:53 authorMacBook-Pro com.apple.cts[258]: com.apple.icloud.fmfd.heartbeat: scheduler_evaluate_activity told me to run this job; however, but the start time isn't for 438874 seconds.  Ignoring.
Jul  1 09:21:53 authorMacBook-Pro com.apple.cts[258]: com.apple.EscrowSecurityAlert.daily: scheduler_evaluate_activity told me to run this job; however, but the start time isn't for 13398 seconds.  Ignoring.
Jul  1 09:21:53 authorMacBook-Pro QQ[10018]: FA||Url||taskID[2019353002] dealloc
Jul  1 09:21:53 authorMacBook-Pro Dropbox[24019]: [0701/092153:WARNING:dns_config_service_posix.cc(306)] Failed to read DnsConfig.
Jul  1 09:21:53 authorMacBook-Pro corecaptured[31174]: CCIOReporterFormatter::refreshSubscriptionsFromStreamRegistry clearing out any previous subscriptions
Jul  1 09:21:53 authorMacBook-Pro corecaptured[31174]: CCIOReporterFormatter::addRegistryChildToChannelDictionary streams 7
Jul  1 09:21:53 authorMacBook-Pro corecaptured[31174]: Received Capture Event
Jul  1 09:21:53 authorMacBook-Pro corecaptured[31174]: CCFile::captureLog
Jul  1 09:21:53 authorMacBook-Pro corecaptured[31174]: CCFile::captureLog Received Capture notice id: 1498926112.911845, reason = AuthFail:sts:5_rsn:0
Jul  1 09:21:53 authorMacBook-Pro corecaptured[31174]: CCFile::copyFile fileName is [2017-07-01_09,21,53.914986]-io80211Family-001.pcapng, source path:/var/log/CoreCapture/com.apple.iokit.IO80211Family/IO80211AWDLPeerManager//[2017-07-01_09,21,53.914986]-io80211Family-001.pcapng, dest path:/Library/Logs/CrashReporter/CoreCapture/com.apple.iokit.IO80211Family/[2017-07-01_09,21,52.911845]=AuthFail:sts:5_rsn:0/IO80211AWDLPeerManager//[2017-07-01_09,21,53.914986]-io80211Family-001.pcapng
Jul  1 09:21:53 authorMacBook-Pro corecaptured[31174]: CCFile::captureLogRun Skipping current file Dir file [2017-07-01_09,21,53.926232]-io80211Family-002.pcapng, Current File [2017-07-01_09,21,53.926232]-io80211Family-002.pcapng
Jul  1 09:21:53 authorMacBook-Pro corecaptured[31174]: CCFile::captureLogRun() Exiting CCFile::captureLogRun 
Jul  1 09:21:53 authorMacBook-Pro corecaptured[31174]: Received Capture Event
Jul  1 09:21:53 authorMacBook-Pro corecaptured[31174]: CCFile::captureLog
Jul  1 09:21:53 authorMacBook-Pro corecaptured[31174]: CCFile::captureLog Received Capture notice id: 1498926112.911845, reason = AuthFail:sts:5_rsn:0
Jul  1 09:21:53 authorMacBook-Pro corecaptured[31174]: CCIOReporterFormatter::refreshSubscriptionsFromStreamRegistry clearing out any previous subscriptions
Jul  1 09:21:53 authorMacBook-Pro corecaptured[31174]: CCIOReporterFormatter::addRegistryChildToChannelDictionary streams 7
Jul  1 09:21:53 authorMacBook-Pro corecaptured[31174]: CCFile::copyFile fileName is [2017-07-01_09,21,53.914966]-CCIOReporter-001.xml, source path:/var/log/CoreCapture/com.apple.iokit.IO80211Family/OneStats//[2017-07-01_09,21,53.914966]-CCIOReporter-001.xml, dest path:/Library/Logs/CrashReporter/CoreCapture/com.apple.iokit.IO80211Family/[2017-07-01_09,21,52.911845]=AuthFail:sts:5_rsn:0/OneStats//[2017-07-01_09,21,53.914966]-CCIOReporter-001.xml
Jul  1 09:21:53 authorMacBook-Pro corecaptured[31174]: CCFile::captureLogRun Skipping current file Dir file [2017-07-01_09,21,53.932245]-CCIOReporter-002.xml, Current File [2017-07-01_09,21,53.932245]-CCIOReporter-002.xml
Jul  1 09:21:53 authorMacBook-Pro corecaptured[31174]: CCFile::captureLogRun() Exiting CCFile::captureLogRun 
Jul  1 09:21:53 authorMacBook-Pro corecaptured[31174]: Received Capture Event
Jul  1 09:21:53 authorMacBook-Pro corecaptured[31174]: CCFile::captureLog
Jul  1 09:21:53 authorMacBook-Pro corecaptured[31174]: CCFile::captureLog Received Capture notice id: 1498926112.911845, reason = AuthFail:sts:5_rsn:0
Jul  1 09:21:53 authorMacBook-Pro corecaptured[31174]: CCFile::copyFile fileName is [2017-07-01_09,21,53.914960]-AirPortBrcm4360_Logs-001.txt, source path:/var/log/CoreCapture/com.apple.driver.AirPort.Brcm4360.0/DriverLogs//[2017-07-01_09,21,53.914960]-AirPortBrcm4360_Logs-001.txt, dest path:/Library/Logs/CrashReporter/CoreCapture/com.apple.driver.AirPort.Brcm4360.0/[2017-07-01_09,21,52.911845]=AuthFail:sts:5_rsn:0/DriverLogs//[2017-07-01_09,21,53.914960]-AirPortBrcm4360_Logs-001.txt
Jul  1 09:21:53 authorMacBook-Pro corecaptured[31174]: CCFile::copyFile fileName is [2017-07-01_09,21,53.989844]-AirPortBrcm4360_Logs-002.txt, source path:/var/log/CoreCapture/com.apple.driver.AirPort.Brcm4360.0/DriverLogs//[2017-07-01_09,21,53.989844]-AirPortBrcm4360_Logs-002.txt, dest path:/Library/Logs/CrashReporter/CoreCapture/com.apple.driver.AirPort.Brcm4360.0/[2017-07-01_09,21,52.911845]=AuthFail:sts:5_rsn:0/DriverLogs//[2017-07-01_09,21,53.989844]-AirPortBrcm4360_Logs-002.txt
Jul  1 09:21:53 authorMacBook-Pro corecaptured[31174]: CCFile::captureLogRun Skipping current file Dir file [2017-07-01_09,21,53.993014]-AirPortBrcm4360_Logs-003.txt, Current File [2017-07-01_09,21,53.993014]-AirPortBrcm4360_Logs-003.txt
Jul  1 09:21:53 authorMacBook-Pro corecaptured[31174]: CCFile::captureLogRun() Exiting CCFile::captureLogRun 
Jul  1 09:21:55 authorMacBook-Pro corecaptured[31174]: doSaveChannels@286: Will write to: /Library/Logs/CrashReporter/CoreCapture/IOReporters/[2017-07-01_09,21,52.911845] - AuthFail:sts:5_rsn:0.xml
Jul  1 09:21:55 authorMacBook-Pro com.apple.cts[43]: com.apple.CacheDelete.daily: scheduler_evaluate_activity told me to run this job; however, but the start time isn't for 13308 seconds.  Ignoring.
Jul  1 09:21:55 authorMacBook-Pro networkd[195]: -[NETClientConnection effectiveBundleID] using process name apsd as bundle ID (this is expected for daemons without bundle ID
Jul  1 09:21:57 --- last message repeated 1 time ---
Jul  1 09:21:57 authorMacBook-Pro kernel[0]: AppleCamIn::handleWakeEvent_gated
Jul  1 09:21:57 authorMacBook-Pro kernel[0]: ARPT: 621004.371770: wlc_dump_aggfifo:
Jul  1 09:21:57 authorMacBook-Pro kernel[0]: ARPT: 621004.371800: framerdy 0x0 bmccmd 7 framecnt 1024 
Jul  1 09:21:57 authorMacBook-Pro kernel[0]: ARPT: 621004.371859: AQM agg params 0xfc0 maxlen hi/lo 0x0 0xffff minlen 0x0 adjlen 0x0
Jul  1 09:21:57 authorMacBook-Pro kernel[0]: ARPT: 621004.371903: AQM agg results 0x8001 len hi/lo: 0x0 0x26 BAbitmap(0-3) 0 0 0 0
Jul  1 09:21:57 authorMacBook-Pro corecaptured[31174]: Received Capture Event
Jul  1 09:21:57 --- last message repeated 1 time ---
Jul  1 09:21:57 authorMacBook-Pro corecaptured[31174]: CCFile::captureLog
Jul  1 09:21:57 --- last message repeated 1 time ---
Jul  1 09:21:57 authorMacBook-Pro corecaptured[31174]: CCFile::captureLog Received Capture notice id: 1498926117.380965, reason = AuthFail:sts:5_rsn:0
Jul  1 09:21:57 --- last message repeated 1 time ---
Jul  1 09:21:57 authorMacBook-Pro corecaptured[31174]: CCIOReporterFormatter::refreshSubscriptionsFromStreamRegistry clearing out any previous subscriptions
Jul  1 09:21:57 authorMacBook-Pro corecaptured[31174]: CCFile::copyFile fileName is [2017-07-01_09,21,53.926232]-io80211Family-002.pcapng, source path:/var/log/CoreCapture/com.apple.iokit.IO80211Family/IO80211AWDLPeerManager//[2017-07-01_09,21,53.926232]-io80211Family-002.pcapng, dest path:/Library/Logs/CrashReporter/CoreCapture/com.apple.iokit.IO80211Family/[2017-07-01_09,21,57.380965]=AuthFail:sts:5_rsn:0/IO80211AWDLPeerManager//[2017-07-01_09,21,53.926232]-io80211Family-002.pcapng
Jul  1 09:21:57 authorMacBook-Pro corecaptured[31174]: CCIOReporterFormatter::addRegistryChildToChannelDictionary streams 7
Jul  1 09:21:57 authorMacBook-Pro corecaptured[31174]: CCFile::captureLogRun Skipping current file Dir file [2017-07-01_09,21,57.382578]-io80211Family-003.pcapng, Current File [2017-07-01_09,21,57.382578]-io80211Family-003.pcapng
Jul  1 09:21:57 authorMacBook-Pro kernel[0]: AirPort: Link Up on en0
Jul  1 09:21:57 authorMacBook-Pro corecaptured[31174]: CCFile::copyFile fileName is [2017-07-01_09,21,53.932245]-CCIOReporter-002.xml, source path:/var/log/CoreCapture/com.apple.iokit.IO80211Family/OneStats//[2017-07-01_09,21,53.932245]-CCIOReporter-002.xml, dest path:/Library/Logs/CrashReporter/CoreCapture/com.apple.iokit.IO80211Family/[2017-07-01_09,21,57.380965]=AuthFail:sts:5_rsn:0/OneStats//[2017-07-01_09,21,53.932245]-CCIOReporter-002.xml
Jul  1 09:21:57 authorMacBook-Pro kernel[0]: en0: BSSID changed to 5c:50:15:4c:18:1c
Jul  1 09:21:57 authorMacBook-Pro kernel[0]: en0: channel changed to 132,+1
Jul  1 09:21:57 authorMacBook-Pro kernel[0]: en0::IO80211Interface::postMessage bssid changed
Jul  1 09:21:57 authorMacBook-Pro corecaptured[31174]: CCFile::captureLogRun() Exiting CCFile::captureLogRun 
Jul  1 09:21:57 authorMacBook-Pro corecaptured[31174]: CCFile::captureLogRun Skipping current file Dir file [2017-07-01_09,21,57.390529]-CCIOReporter-003.xml, Current File [2017-07-01_09,21,57.390529]-CCIOReporter-003.xml
Jul  1 09:21:57 authorMacBook-Pro corecaptured[31174]: CCFile::captureLogRun() Exiting CCFile::captureLogRun 
Jul  1 09:21:57 authorMacBook-Pro kernel[0]: en0: 802.11d country code set to 'US'.
Jul  1 09:21:57 authorMacBook-Pro kernel[0]: en0: Supported channels 1 2 3 4 5 6 7 8 9 10 11 12 13 36 40 44 48 52 56 60 64 100 104 108 112 116 120 124 128 132 136 140 144 149 153 157 161 165
Jul  1 09:21:57 authorMacBook-Pro corecaptured[31174]: Received Capture Event
Jul  1 09:21:57 authorMacBook-Pro corecaptured[31174]: CCFile::captureLog
Jul  1 09:21:57 authorMacBook-Pro corecaptured[31174]: CCFile::captureLog Received Capture notice id: 1498926117.380965, reason = AuthFail:sts:5_rsn:0
Jul  1 09:21:57 authorMacBook-Pro kernel[0]: Unexpected payload found for message 9, dataLen 0
Jul  1 09:21:57 authorMacBook-Pro corecaptured[31174]: CCFile::copyFile fileName is [2017-07-01_09,21,53.993014]-AirPortBrcm4360_Logs-003.txt, source path:/var/log/CoreCapture/com.apple.driver.AirPort.Brcm4360.0/DriverLogs//[2017-07-01_09,21,53.993014]-AirPortBrcm4360_Logs-003.txt, dest path:/Library/Logs/CrashReporter/CoreCapture/com.apple.driver.AirPort.Brcm4360.0/[2017-07-01_09,21,57.380965]=AuthFail:sts:5_rsn:0/DriverLogs//[2017-07-01_09,21,53.993014]-AirPortBrcm4360_Logs-003.txt
Jul  1 09:21:57 authorMacBook-Pro corecaptured[31174]: CCFile::captureLogRun Skipping current file Dir file [2017-07-01_09,21,57.409136]-AirPortBrcm4360_Logs-004.txt, Current File [2017-07-01_09,21,57.409136]-AirPortBrcm4360_Logs-004.txt
Jul  1 09:21:57 authorMacBook-Pro corecaptured[31174]: CCFile::captureLogRun() Exiting CCFile::captureLogRun 
Jul  1 09:21:57 authorMacBook-Pro symptomsd[215]: -[NetworkAnalyticsEngine _writeJournalRecord:fromCellFingerprint:key:atLOI:ofKind:lqm:isFaulty:] Hashing of the primary key failed. Dropping the journal record.
Jul  1 09:21:57 authorMacBook-Pro kernel[0]: AppleCamIn::handleWakeEvent_gated
Jul  1 09:21:58 authorMacBook-Pro corecaptured[31174]: doSaveChannels@286: Will write to: /Library/Logs/CrashReporter/CoreCapture/IOReporters/[2017-07-01_09,21,57.380965] - AuthFail:sts:5_rsn:0.xml
Jul  1 09:21:58 authorMacBook-Pro kernel[0]: IO80211AWDLPeerManager::setAwdlOperatingMode Setting the AWDL operation mode from SUSPENDED to AUTO
Jul  1 09:21:58 authorMacBook-Pro kernel[0]: IO80211AWDLPeerManager::setAwdlAutoMode Resuming AWDL
Jul  1 09:21:58 authorMacBook-Pro UserEventAgent[43]: Captive: [CNInfoNetworkActive:1748] en0: SSID 'CalVisitor' making interface primary (cache indicates network not captive)
Jul  1 09:21:58 authorMacBook-Pro UserEventAgent[43]: Captive: CNPluginHandler en0: Evaluating
Jul  1 09:21:58 authorMacBook-Pro configd[53]: network changed: DNS* Proxy
Jul  1 09:21:58 authorMacBook-Pro UserEventAgent[43]: Captive: en0: Not probing 'CalVisitor' (cache indicates not captive)
Jul  1 09:21:58 authorMacBook-Pro UserEventAgent[43]: Captive: CNPluginHandler en0: Authenticated
Jul  1 09:21:58 authorMacBook-Pro configd[53]: network changed: v4(en0!:10.105.160.95) DNS+ Proxy+ SMB
Jul  1 09:21:58 calvisitor-10-105-160-95 configd[53]: setting hostname to "calvisitor-10-105-160-95.calvisitor.1918.berkeley.edu"
Jul  1 09:21:58 calvisitor-10-105-160-95 cdpd[11807]: Saw change in network reachability (isReachable=2)
Jul  1 09:21:58 calvisitor-10-105-160-95 com.apple.WebKit.WebContent[25654]: [09:21:58.929] <<<< CRABS >>>> crabsFlumeHostAvailable: [0x7f961cf08cf0] Byte flume reports host available again.
Jul  1 09:21:58 calvisitor-10-105-160-95 symptomsd[215]: __73-[NetworkAnalyticsEngine observeValueForKeyPath:ofObject:change:context:]_block_invoke unexpected switch value 2
Jul  1 09:21:59 calvisitor-10-105-160-95 sandboxd[129] ([10018]): QQ(10018) deny mach-lookup com.apple.networking.captivenetworksupport
Jul  1 09:22:02 calvisitor-10-105-160-95 com.apple.cts[258]: com.apple.Safari.SafeBrowsing.Update: scheduler_evaluate_activity told me to run this job; however, but the start time isn't for 2450 seconds.  Ignoring.
Jul  1 09:22:02 calvisitor-10-105-160-95 com.apple.cts[258]: com.apple.icloud.fmfd.heartbeat: scheduler_evaluate_activity told me to run this job; however, but the start time isn't for 438865 seconds.  Ignoring.
Jul  1 09:22:02 calvisitor-10-105-160-95 com.apple.cts[258]: com.apple.EscrowSecurityAlert.daily: scheduler_evaluate_activity told me to run this job; however, but the start time isn't for 13389 seconds.  Ignoring.
Jul  1 09:22:02 calvisitor-10-105-160-95 com.apple.cts[258]: com.apple.Safari.SafeBrowsing.Update: scheduler_evaluate_activity told me to run this job; however, but the start time isn't for 2450 seconds.  Ignoring.
Jul  1 09:22:02 calvisitor-10-105-160-95 com.apple.cts[258]: com.apple.icloud.fmfd.heartbeat: scheduler_evaluate_activity told me to run this job; however, but the start time isn't for 438865 seconds.  Ignoring.
Jul  1 09:22:02 calvisitor-10-105-160-95 com.apple.cts[258]: com.apple.EscrowSecurityAlert.daily: scheduler_evaluate_activity told me to run this job; however, but the start time isn't for 13389 seconds.  Ignoring.
Jul  1 09:22:02 calvisitor-10-105-160-95 com.apple.cts[258]: com.apple.Safari.SafeBrowsing.Update: scheduler_evaluate_activity told me to run this job; however, but the start time isn't for 2450 seconds.  Ignoring.
Jul  1 09:22:02 calvisitor-10-105-160-95 com.apple.cts[258]: com.apple.icloud.fmfd.heartbeat: scheduler_evaluate_activity told me to run this job; however, but the start time isn't for 438865 seconds.  Ignoring.
Jul  1 09:22:02 calvisitor-10-105-160-95 com.apple.cts[258]: com.apple.EscrowSecurityAlert.daily: scheduler_evaluate_activity told me to run this job; however, but the start time isn't for 13389 seconds.  Ignoring.
Jul  1 09:22:02 calvisitor-10-105-160-95 com.apple.cts[258]: com.apple.Safari.SafeBrowsing.Update: scheduler_evaluate_activity told me to run this job; however, but the start time isn't for 2450 seconds.  Ignoring.
Jul  1 09:22:02 calvisitor-10-105-160-95 com.apple.CDScheduler[258]: Thermal pressure state: 1 Memory pressure state: 0
Jul  1 09:22:02 calvisitor-10-105-160-95 com.apple.cts[258]: com.apple.icloud.fmfd.heartbeat: scheduler_evaluate_activity told me to run this job; however, but the start time isn't for 438865 seconds.  Ignoring.
Jul  1 09:22:02 calvisitor-10-105-160-95 com.apple.cts[258]: com.apple.EscrowSecurityAlert.daily: scheduler_evaluate_activity told me to run this job; however, but the start time isn't for 13389 seconds.  Ignoring.
Jul  1 09:22:02 calvisitor-10-105-160-95 com.apple.cts[43]: com.apple.CacheDelete.daily: scheduler_evaluate_activity told me to run this job; however, but the start time isn't for 13301 seconds.  Ignoring.
Jul  1 09:22:02 calvisitor-10-105-160-95 com.apple.CDScheduler[43]: Thermal pressure state: 1 Memory pressure state: 0
Jul  1 09:22:02 calvisitor-10-105-160-95 com.apple.cts[258]: com.apple.Safari.SafeBrowsing.Update: scheduler_evaluate_activity told me to run this job; however, but the start time isn't for 2450 seconds.  Ignoring.
Jul  1 09:22:02 calvisitor-10-105-160-95 com.apple.cts[43]: com.apple.CacheDelete.daily: scheduler_evaluate_activity told me to run this job; however, but the start time isn't for 13301 seconds.  Ignoring.
Jul  1 09:22:02 calvisitor-10-105-160-95 com.apple.cts[258]: com.apple.icloud.fmfd.heartbeat: scheduler_evaluate_activity told me to run this job; however, but the start time isn't for 438865 seconds.  Ignoring.
Jul  1 09:22:02 calvisitor-10-105-160-95 com.apple.cts[258]: com.apple.EscrowSecurityAlert.daily: scheduler_evaluate_activity told me to run this job; however, but the start time isn't for 13389 seconds.  Ignoring.
Jul  1 09:22:03 calvisitor-10-105-160-95 com.apple.cts[258]: com.apple.Safari.SafeBrowsing.Update: scheduler_evaluate_activity told me to run this job; however, but the start time isn't for 2449 seconds.  Ignoring.
Jul  1 09:22:03 calvisitor-10-105-160-95 com.apple.cts[258]: com.apple.icloud.fmfd.heartbeat: scheduler_evaluate_activity told me to run this job; however, but the start time isn't for 438864 seconds.  Ignoring.
Jul  1 09:22:03 calvisitor-10-105-160-95 com.apple.cts[258]: com.apple.EscrowSecurityAlert.daily: scheduler_evaluate_activity told me to run this job; however, but the start time isn't for 13388 seconds.  Ignoring.
Jul  1 09:22:03 calvisitor-10-105-160-95 QQ[10018]: ############################## _getSysMsgList
Jul  1 09:22:04 --- last message repeated 1 time ---
Jul  1 09:22:04 calvisitor-10-105-160-95 QQ[10018]: FA||Url||taskID[2019353003] dealloc
Jul  1 09:22:12 calvisitor-10-105-160-95 com.apple.cts[258]: com.apple.Safari.SafeBrowsing.Update: scheduler_evaluate_activity told me to run this job; however, but the start time isn't for 2440 seconds.  Ignoring.
Jul  1 09:22:12 calvisitor-10-105-160-95 com.apple.CDScheduler[258]: Thermal pressure state: 0 Memory pressure state: 0
Jul  1 09:22:12 calvisitor-10-105-160-95 com.apple.cts[258]: com.apple.icloud.fmfd.heartbeat: scheduler_evaluate_activity told me to run this job; however, but the start time isn't for 438855 seconds.  Ignoring.
Jul  1 09:22:12 calvisitor-10-105-160-95 com.apple.cts[258]: com.apple.EscrowSecurityAlert.daily: scheduler_evaluate_activity told me to run this job; however, but the start time isn't for 13379 seconds.  Ignoring.
Jul  1 09:22:12 calvisitor-10-105-160-95 com.apple.cts[43]: com.apple.CacheDelete.daily: scheduler_evaluate_activity told me to run this job; however, but the start time isn't for 13291 seconds.  Ignoring.
Jul  1 09:22:12 calvisitor-10-105-160-95 com.apple.CDScheduler[43]: Thermal pressure state: 0 Memory pressure state: 0
Jul  1 09:22:12 calvisitor-10-105-160-95 com.apple.cts[258]: com.apple.Safari.SafeBrowsing.Update: scheduler_evaluate_activity told me to run this job; however, but the start time isn't for 2440 seconds.  Ignoring.
Jul  1 09:22:12 calvisitor-10-105-160-95 com.apple.cts[258]: com.apple.icloud.fmfd.heartbeat: scheduler_evaluate_activity told me to run this job; however, but the start time isn't for 438855 seconds.  Ignoring.
Jul  1 09:22:12 calvisitor-10-105-160-95 com.apple.cts[43]: com.apple.CacheDelete.daily: scheduler_evaluate_activity told me to run this job; however, but the start time isn't for 13291 seconds.  Ignoring.
Jul  1 09:22:12 calvisitor-10-105-160-95 com.apple.cts[258]: com.apple.EscrowSecurityAlert.daily: scheduler_evaluate_activity told me to run this job; however, but the start time isn't for 13379 seconds.  Ignoring.
Jul  1 09:22:21 calvisitor-10-105-160-95 kernel[0]: IO80211AWDLPeerManager::setAwdlOperatingMode Setting the AWDL operation mode from AUTO to SUSPENDED
Jul  1 09:22:21 calvisitor-10-105-160-95 kernel[0]: IO80211AWDLPeerManager::setAwdlSuspendedMode() Suspending AWDL, enterQuietMode(true)
Jul  1 09:22:21 calvisitor-10-105-160-95 syslogd[44]: ASL Sender Statistics
Jul  1 09:22:25 calvisitor-10-105-160-95 com.apple.cts[43]: com.apple.CacheDelete.daily: scheduler_evaluate_activity told me to run this job; however, but the start time isn't for 13278 seconds.  Ignoring.
Jul  1 09:22:25 calvisitor-10-105-160-95 kernel[0]: ARPT: 621032.589893: wl0: Roamed or switched channel, reason #8, bssid 5c:50:15:36:bc:03, last RSSI -73
Jul  1 09:22:25 calvisitor-10-105-160-95 kernel[0]: en0: BSSID changed to 5c:50:15:36:bc:03
Jul  1 09:22:25 calvisitor-10-105-160-95 kernel[0]: en0: channel changed to 6
Jul  1 09:22:25 calvisitor-10-105-160-95 kernel[0]: en0::IO80211Interface::postMessage bssid changed
Jul  1 09:22:25 calvisitor-10-105-160-95 kernel[0]: IO80211AWDLPeerManager::setAwdlOperatingMode Setting the AWDL operation mode from SUSPENDED to AUTO
Jul  1 09:22:25 calvisitor-10-105-160-95 kernel[0]: IO80211AWDLPeerManager::setAwdlAutoMode Resuming AWDL
Jul  1 09:22:25 calvisitor-10-105-160-95 symptomsd[215]: -[NetworkAnalyticsEngine _writeJournalRecord:fromCellFingerprint:key:atLOI:ofKind:lqm:isFaulty:] Hashing of the primary key failed. Dropping the journal record.
Jul  1 09:22:25 calvisitor-10-105-160-95 kernel[0]: Setting BTCoex Config: enable_2G:1, profile_2g:0, enable_5G:1, profile_5G:0
Jul  1 09:22:25 calvisitor-10-105-160-95 symptomsd[215]: -[NetworkAnalyticsEngine _writeJournalRecord:fromCellFingerprint:key:atLOI:ofKind:lqm:isFaulty:] Hashing of the primary key failed. Dropping the journal record.
Jul  1 09:22:27 calvisitor-10-105-160-95 configd[53]: network changed: v4(en0:10.105.160.95) v6(en0+:2607:f140:6000:8:c6b3:1ff:fecd:467f) DNS! Proxy SMB
Jul  1 09:22:31 calvisitor-10-105-160-95 com.apple.cts[258]: com.apple.Safari.SafeBrowsing.Update: scheduler_evaluate_activity told me to run this job; however, but the start time isn't for 2421 seconds.  Ignoring.
Jul  1 09:22:31 calvisitor-10-105-160-95 com.apple.cts[258]: com.apple.icloud.fmfd.heartbeat: scheduler_evaluate_activity told me to run this job; however, but the start time isn't for 438836 seconds.  Ignoring.
Jul  1 09:22:31 calvisitor-10-105-160-95 com.apple.cts[258]: com.apple.EscrowSecurityAlert.daily: scheduler_evaluate_activity told me to run this job; however, but the start time isn't for 13360 seconds.  Ignoring.
Jul  1 09:22:31 calvisitor-10-105-160-95 com.apple.cts[258]: com.apple.Safari.SafeBrowsing.Update: scheduler_evaluate_activity told me to run this job; however, but the start time isn't for 2421 seconds.  Ignoring.
Jul  1 09:22:31 calvisitor-10-105-160-95 com.apple.cts[258]: com.apple.icloud.fmfd.heartbeat: scheduler_evaluate_activity told me to run this job; however, but the start time isn't for 438836 seconds.  Ignoring.
Jul  1 09:22:31 calvisitor-10-105-160-95 com.apple.cts[258]: com.apple.EscrowSecurityAlert.daily: scheduler_evaluate_activity told me to run this job; however, but the start time isn't for 13360 seconds.  Ignoring.
Jul  1 09:22:31 calvisitor-10-105-160-95 com.apple.cts[258]: com.apple.Safari.SafeBrowsing.Update: scheduler_evaluate_activity told me to run this job; however, but the start time isn't for 2421 seconds.  Ignoring.
Jul  1 09:22:31 calvisitor-10-105-160-95 com.apple.cts[258]: com.apple.icloud.fmfd.heartbeat: scheduler_evaluate_activity told me to run this job; however, but the start time isn't for 438836 seconds.  Ignoring.
Jul  1 09:22:31 calvisitor-10-105-160-95 com.apple.cts[258]: com.apple.EscrowSecurityAlert.daily: scheduler_evaluate_activity told me to run this job; however, but the start time isn't for 13360 seconds.  Ignoring.
Jul  1 09:22:32 calvisitor-10-105-160-95 locationd[82]: Location icon should now be in state 'Active'
Jul  1 09:22:34 calvisitor-10-105-160-95 locationd[82]: NETWORK: requery, 0, 0, 0, 0, 255, items, fQueryRetries, 0, fLastRetryTimestamp, 520618667.9
Jul  1 09:22:37 calvisitor-10-105-160-95 kernel[0]: ARPT: 621044.564977: wl0: setup_keepalive: interval 900, retry_interval 30, retry_count 10
Jul  1 09:22:37 calvisitor-10-105-160-95 kernel[0]: ARPT: 621044.564993: wl0: setup_keepalive: Local IP: 10.105.160.95
Jul  1 09:22:37 calvisitor-10-105-160-95 kernel[0]: ARPT: 621044.565001: wl0: setup_keepalive: Remote IP: 17.249.28.26
Jul  1 09:22:37 calvisitor-10-105-160-95 kernel[0]: ARPT: 621044.565009: wl0: setup_keepalive: Local port: 61712, Remote port: 443
Jul  1 09:22:37 calvisitor-10-105-160-95 kernel[0]: ARPT: 621044.565018: wl0: setup_keepalive: Seq: 1814265432, Ack: 3054376300, Win size: 4096
Jul  1 09:22:37 calvisitor-10-105-160-95 kernel[0]: ARPT: 621044.565046: wl0: MDNS: IPV4 Addr: 10.105.160.95
Jul  1 09:22:37 calvisitor-10-105-160-95 kernel[0]: ARPT: 621044.565054: wl0: MDNS: IPV6 Addr: fe80:0:0:0:c6b3:1ff:fecd:467f
Jul  1 09:22:37 calvisitor-10-105-160-95 kernel[0]: ARPT: 621044.565063: wl0: MDNS: IPV6 Addr: 2607:f140:6000:8:c6b3:1ff:fecd:467f
Jul  1 09:22:37 calvisitor-10-105-160-95 kernel[0]: ARPT: 621044.565072: wl0: MDNS: IPV6 Addr: 2607:f140:6000:8:e835:57d:a8e4:c957
Jul  1 09:22:37 calvisitor-10-105-160-95 kernel[0]: ARPT: 621044.565079: wl0: MDNS: 0 SRV Recs, 0 TXT Recs
Jul  1 09:22:37 calvisitor-10-105-160-95 mDNSResponder[91]: mDNS_DeregisterInterface: Frequent transitions for interface awdl0 (FE80:0000:0000:0000:D8A5:90FF:FEF5:7FFF)
Jul  1 09:22:39 calvisitor-10-105-160-95 kernel[0]: PM response took 1979 ms (54, powerd)
Jul  1 09:22:39 calvisitor-10-105-160-95 kernel[0]: ARPT: 621046.543130: AirPort_Brcm43xx::powerChange: System Sleep 
Jul  1 09:22:39 calvisitor-10-105-160-95 kernel[0]: ARPT: 621046.543156: IOPMPowerSource Information: onSleep,  SleepType: Normal Sleep,  'ExternalConnected': Yes, 'TimeRemaining': 0, 
Jul  1 09:22:39 calvisitor-10-105-160-95 kernel[0]: AppleCamIn::systemWakeCall - messageType = 0xE0000340
Jul  1 09:23:26 calvisitor-10-105-160-95 kernel[0]: AppleThunderboltNHIType2::prePCIWake - power up complete - took 3 us
Jul  1 09:23:26 calvisitor-10-105-160-95 kernel[0]: AppleThunderboltGenericHAL::earlyWake - complete - took 0 milliseconds
Jul  1 09:23:26 calvisitor-10-105-160-95 kernel[0]: AirPort: Link Down on awdl0. Reason 1 (Unspecified).
Jul  1 09:23:26 calvisitor-10-105-160-95 kernel[0]: ARPT: 621047.078024: wl0: wl_update_tcpkeep_seq: Original Seq: 1814265432, Ack: 3054376300, Win size: 4096
Jul  1 09:23:26 calvisitor-10-105-160-95 kernel[0]: Bluetooth -- LE is supported - Disable LE meta event
Jul  1 09:23:26 calvisitor-10-105-160-95 kernel[0]: ARPT: 621047.078051: wl0: wl_update_tcpkeep_seq: Updated seq/ack/win from UserClient Seq 1814265432, Ack 3054376300, Win size 278
Jul  1 09:23:26 calvisitor-10-105-160-95 kernel[0]: ARPT: 621047.078079: wl0: leaveModulePoweredForOffloads: Wi-Fi will stay on.
Jul  1 09:23:26 calvisitor-10-105-160-95 kernel[0]: ARPT: 621047.114556: AirPort_Brcm43xx::platformWoWEnable: WWEN[enable]
Jul  1 09:23:26 calvisitor-10-105-160-95 kernel[0]: ARPT: 621047.115565: AirPort_Brcm43xx::syncPowerState: WWEN[enabled]
Jul  1 09:23:26 calvisitor-10-105-160-95 kernel[0]: IOThunderboltSwitch<0>(0x0)::listenerCallback - Thunderbolt HPD packet for route = 0x0 port = 11 unplug = 0
Jul  1 09:23:26 calvisitor-10-105-160-95 kernel[0]: IOThunderboltSwitch<0>(0x0)::listenerCallback - Thunderbolt HPD packet for route = 0x0 port = 12 unplug = 0
Jul  1 09:23:26 calvisitor-10-105-160-95 kernel[0]: AppleCamIn::systemWakeCall - messageType = 0xE0000340
Jul  1 09:22:41 calvisitor-10-105-160-95 kernel[0]: AppleThunderboltNHIType2::waitForOk2Go2Sx - intel_rp = 1 dlla_reporting_supported = 0
Jul  1 09:23:26 calvisitor-10-105-160-95 kernel[0]: AppleThunderboltNHIType2::waitForOk2Go2Sx - retries = 4
Jul  1 09:23:26 calvisitor-10-105-160-95 kernel[0]: Wake reason: ?
Jul  1 09:23:26 calvisitor-10-105-160-95 kernel[0]: AppleCamIn::systemWakeCall - messageType = 0xE0000340
Jul  1 09:23:26 calvisitor-10-105-160-95 kernel[0]: AppleCamIn::wakeEventHandlerThread
Jul  1 09:23:26 calvisitor-10-105-160-95 kernel[0]: RTC: PowerByCalendarDate setting ignored
Jul  1 09:23:26 calvisitor-10-105-160-95 kernel[0]: Previous sleep cause: 5
Jul  1 09:23:26 calvisitor-10-105-160-95 kernel[0]: AppleThunderboltNHIType2::prePCIWake - power up complete - took 1 us
Jul  1 09:23:26 calvisitor-10-105-160-95 locationd[82]: wifi scan failed with error: Error Domain=com.apple.wifi.apple80211API.error Code=-3903 "(null)"
Jul  1 09:23:26 calvisitor-10-105-160-95 kernel[0]: in6_unlink_ifa: IPv6 address 0x77c911453a6db3ab has no prefix
Jul  1 09:23:26 calvisitor-10-105-160-95 kernel[0]: AppleThunderboltGenericHAL::earlyWake - complete - took 2 milliseconds
Jul  1 09:23:26 calvisitor-10-105-160-95 kernel[0]: IOThunderboltSwitch<0>(0x0)::listenerCallback - Thunderbolt HPD packet for route = 0x0 port = 11 unplug = 0
Jul  1 09:23:26 calvisitor-10-105-160-95 kernel[0]: IOThunderboltSwitch<0>(0x0)::listenerCallback - Thunderbolt HPD packet for route = 0x0 port = 12 unplug = 0
Jul  1 09:23:26 calvisitor-10-105-160-95 mDNSResponder[91]: mDNS_RegisterInterface: Frequent transitions for interface en0 (FE80:0000:0000:0000:C6B3:01FF:FECD:467F)
Jul  1 09:23:26 calvisitor-10-105-160-95 Dock[307]: -[UABestAppSuggestionManager notifyBestAppChanged:type:options:bundleIdentifier:activityType:dynamicIdentifier:when:confidence:deviceName:deviceIdentifier:deviceType:] (null) UASuggestedActionType=0 (null)/(null) opts=(null) when=2017-07-01 16:23:26 +0000 confidence=1 from=(null)/(null) (UABestAppSuggestionManager.m #319)
Jul  1 09:23:26 calvisitor-10-105-160-95 kernel[0]: TBT W (2): 0x0040 [x]
Jul  1 09:23:26 calvisitor-10-105-160-95 kernel[0]: en0: channel changed to 1
Jul  1 09:23:26 calvisitor-10-105-160-95 mDNSResponder[91]: mDNS_RegisterInterface: Frequent transitions for interface en0 (10.105.160.95)
Jul  1 09:23:26 calvisitor-10-105-160-95 kernel[0]: AirPort: Link Down on en0. Reason 8 (Disassociated because station leaving).
Jul  1 09:23:26 calvisitor-10-105-160-95 kernel[0]: en0: channel changed to 1
Jul  1 09:23:26 calvisitor-10-105-160-95 kernel[0]: en0::IO80211Interface::postMessage bssid changed
Jul  1 09:23:26 calvisitor-10-105-160-95 symptomsd[215]: -[NetworkAnalyticsEngine _writeJournalRecord:fromCellFingerprint:key:atLOI:ofKind:lqm:isFaulty:] Hashing of the primary key failed. Dropping the journal record.
Jul  1 09:23:26 calvisitor-10-105-160-95 kernel[0]: AirPort: Link Up on awdl0
Jul  1 09:23:26 calvisitor-10-105-160-95 kernel[0]: en0: 802.11d country code set to 'X3'.
Jul  1 09:23:26 calvisitor-10-105-160-95 kernel[0]: en0: Supported channels 1 2 3 4 5 6 7 8 9 10 11 12 13 36 40 44 48 52 56 60 64 100 104 108 112 116 120 124 128 132 136 140 144 149 153 157 161
Jul  1 09:23:26 calvisitor-10-105-160-95 kernel[0]: ARPT: 621048.922391: ARPT: Wake Reason: Wake on Scan offload
Jul  1 09:23:26 calvisitor-10-105-160-95 configd[53]: network changed: v4(en0-:10.105.160.95) v6(en0:2607:f140:6000:8:c6b3:1ff:fecd:467f) DNS! Proxy SMB
Jul  1 09:23:26 calvisitor-10-105-160-95 configd[53]: setting hostname to "authorMacBook-Pro.local"
Jul  1 09:23:26 authorMacBook-Pro kernel[0]: USBMSC Identifier (non-unique): 000000000820 0x5ac 0x8406 0x820, 3
Jul  1 09:23:26 authorMacBook-Pro sharingd[30299]: 09:23:26.531 : BTLE scanner Powered On
Jul  1 09:23:26 --- last message repeated 1 time ---
Jul  1 09:23:26 authorMacBook-Pro mDNSResponder[91]: mDNS_DeregisterInterface: Frequent transitions for interface en0 (2607:F140:6000:0008:C6B3:01FF:FECD:467F)
Jul  1 09:23:26 authorMacBook-Pro sharingd[30299]: 09:23:26.531 : BTLE scanner Powered On
Jul  1 09:23:26 authorMacBook-Pro mDNSResponder[91]: mDNS_RegisterInterface: Frequent transitions for interface awdl0 (FE80:0000:0000:0000:D8A5:90FF:FEF5:7FFF)
Jul  1 09:23:26 authorMacBook-Pro kernel[0]: IO80211AWDLPeerManager::setAwdlOperatingMode Setting the AWDL operation mode from AUTO to SUSPENDED
Jul  1 09:23:26 authorMacBook-Pro kernel[0]: IO80211AWDLPeerManager::setAwdlSuspendedMode() Suspending AWDL, enterQuietMode(true)
Jul  1 09:23:26 authorMacBook-Pro kernel[0]: ARPT: 621049.018887: AirPort_Brcm43xx::powerChange: System Wake - Full Wake/ Dark Wake / Maintenance wake
Jul  1 09:23:26 authorMacBook-Pro kernel[0]: ARPT: 621049.018915: IOPMPowerSource Information: onWake,  SleepType: Normal Sleep,  'ExternalConnected': Yes, 'TimeRemaining': 0, 
Jul  1 09:23:26 authorMacBook-Pro kernel[0]: ARPT: 621049.018929: ARPT: Wake Reason: Wake on Scan offload
Jul  1 09:23:26 authorMacBook-Pro kernel[0]: ARPT: 621049.018994: AirPort_Brcm43xx::platformWoWEnable: WWEN[disable]
Jul  1 09:23:26 authorMacBook-Pro kernel[0]: AppleCamIn::systemWakeCall - messageType = 0xE0000340
Jul  1 09:23:26 authorMacBook-Pro kernel[0]: AppleCamIn::wakeEventHandlerThread
Jul  1 09:23:26 authorMacBook-Pro kernel[0]: [HID] [ATC] AppleDeviceManagementHIDEventService::processWakeReason Wake reason: Host (0x01)
Jul  1 09:23:26 authorMacBook-Pro com.apple.cts[43]: com.apple.CacheDelete.daily: scheduler_evaluate_activity told me to run this job; however, but the start time isn't for 13217 seconds.  Ignoring.
Jul  1 09:23:26 authorMacBook-Pro com.apple.cts[258]: com.apple.Safari.SafeBrowsing.Update: scheduler_evaluate_activity told me to run this job; however, but the start time isn't for 2366 seconds.  Ignoring.
Jul  1 09:23:26 authorMacBook-Pro com.apple.cts[258]: com.apple.icloud.fmfd.heartbeat: scheduler_evaluate_activity told me to run this job; however, but the start time isn't for 438781 seconds.  Ignoring.
Jul  1 09:23:26 authorMacBook-Pro com.apple.cts[258]: com.apple.EscrowSecurityAlert.daily: scheduler_evaluate_activity told me to run this job; however, but the start time isn't for 13305 seconds.  Ignoring.
Jul  1 09:23:26 authorMacBook-Pro kernel[0]: in6_unlink_ifa: IPv6 address 0x77c911453a6dbb8b has no prefix
Jul  1 09:23:26 authorMacBook-Pro networkd[195]: nw_nat64_post_new_ifstate successfully changed NAT64 ifstate from 0x8000000000000000 to 0x4
Jul  1 09:23:26 authorMacBook-Pro UserEventAgent[43]: Captive: CNPluginHandler en0: Inactive
Jul  1 09:23:26 authorMacBook-Pro cdpd[11807]: Saw change in network reachability (isReachable=0)
Jul  1 09:23:26 authorMacBook-Pro netbiosd[31175]: network_reachability_changed : network is not reachable, netbiosd is shutting down
Jul  1 09:23:26 authorMacBook-Pro networkd[195]: -[NETClientConnection evaluateCrazyIvan46] CI46 - Perform CrazyIvan46! QQ.10018 tc18838 119.81.102.227:80
Jul  1 09:23:26 authorMacBook-Pro networkd[195]: __42-[NETClientConnection evaluateCrazyIvan46]_block_invoke CI46 - Hit by torpedo! QQ.10018 tc18838 119.81.102.227:80
Jul  1 09:23:26 authorMacBook-Pro com.apple.geod[30311]: PBRequester failed with Error Error Domain=NSURLErrorDomain Code=-1009 "The Internet connection appears to be offline." UserInfo={NSUnderlyingError=0x7fe13500b040 {Error Domain=kCFErrorDomainCFNetwork Code=-1009 "The Internet connection appears to be offline." UserInfo={NSErrorFailingURLStringKey=https://gsp-ssl.ls.apple.com/dispatcher.arpc, NSErrorFailingURLKey=https://gsp-ssl.ls.apple.com/dispatcher.arpc, _kCFStreamErrorCodeKey=57, _kCFStreamErrorDomainKey=1, NSLocalizedDescription=The Internet connection appears to be offline.}}, NSErrorFailingURLStringKey=https://gsp-ssl.ls.apple.com/dispatcher.arpc, NSErrorFailingURLKey=https://gsp-ssl.ls.apple.com/dispatcher.arpc, _kCFStreamErrorDomainKey=1, _kCFStreamErrorCodeKey=57, NSLocalizedDescription=The Internet connection appears to be offline.}
Jul  1 09:23:26 authorMacBook-Pro com.apple.WebKit.WebContent[25654]: [09:23:26.755] <<<< CRABS >>>> crabsFlumeHostUnavailable: [0x7f961cf08cf0] Byte flume reports host unavailable.
Jul  1 09:23:26 authorMacBook-Pro symptomsd[215]: __73-[NetworkAnalyticsEngine observeValueForKeyPath:ofObject:change:context:]_block_invoke unexpected switch value 2
Jul  1 09:23:26 authorMacBook-Pro locationd[82]: PBRequester failed with Error Error Domain=NSURLErrorDomain Code=-1009 "The Internet connection appears to be offline." UserInfo={NSUnderlyingError=0x7fb7eb633df0 {Error Domain=kCFErrorDomainCFNetwork Code=-1009 "The Internet connection appears to be offline." UserInfo={NSErrorFailingURLStringKey=https://gs-loc.apple.com/clls/wloc, NSErrorFailingURLKey=https://gs-loc.apple.com/clls/wloc, _kCFStreamErrorCodeKey=57, _kCFStreamErrorDomainKey=1, NSLocalizedDescription=The Internet connection appears to be offline.}}, NSErrorFailingURLStringKey=https://gs-loc.apple.com/clls/wloc, NSErrorFailingURLKey=https://gs-loc.apple.com/clls/wloc, _kCFStreamErrorDomainKey=1, _kCFStreamErrorCodeKey=57, NSLocalizedDescription=The Internet connection appears to be offline.}
Jul  1 09:23:26 authorMacBook-Pro locationd[82]: NETWORK: no response from server, reachability, 2, queryRetries, 0
Jul  1 09:23:26 authorMacBook-Pro networkd[195]: nw_nat64_post_new_ifstate successfully changed NAT64 ifstate from 0x4 to 0x8000000000000000
Jul  1 09:23:27 authorMacBook-Pro kernel[0]: Setting BTCoex Config: enable_2G:1, profile_2g:0, enable_5G:1, profile_5G:0
Jul  1 09:23:27 authorMacBook-Pro kernel[0]: AirPort: Link Up on en0
Jul  1 09:23:27 authorMacBook-Pro kernel[0]: en0: BSSID changed to 5c:50:15:4c:18:13
Jul  1 09:23:27 authorMacBook-Pro kernel[0]: en0: channel changed to 1
Jul  1 09:23:27 authorMacBook-Pro kernel[0]: en0::IO80211Interface::postMessage bssid changed
Jul  1 09:23:27 authorMacBook-Pro symptomsd[215]: -[NetworkAnalyticsEngine _writeJournalRecord:fromCellFingerprint:key:atLOI:ofKind:lqm:isFaulty:] Hashing of the primary key failed. Dropping the journal record.
Jul  1 09:23:27 --- last message repeated 1 time ---
Jul  1 09:23:27 authorMacBook-Pro configd[53]: network changed: v6(en0-:2607:f140:6000:8:c6b3:1ff:fecd:467f) DNS- Proxy-
Jul  1 09:23:27 authorMacBook-Pro symptomsd[215]: __73-[NetworkAnalyticsEngine observeValueForKeyPath:ofObject:change:context:]_block_invoke unexpected switch value 2
Jul  1 09:23:27 authorMacBook-Pro networkd[195]: -[NETClientConnection effectiveBundleID] using process name CalendarAgent as bundle ID (this is expected for daemons without bundle ID
Jul  1 09:23:27 authorMacBook-Pro networkd[195]: -[NETClientConnection effectiveBundleID] using process name apsd as bundle ID (this is expected for daemons without bundle ID
Jul  1 09:23:27 authorMacBook-Pro CalendarAgent[279]: [com.apple.calendar.store.log.persistent.operation] [CalOperationQueue (x-coredata://DB05755C-483D-44B7-B93B-ED06E57FF420/ExchangePrincipal/p13): <CalExchangeSyncAccountOperation: 0x7fa11ac841d0> failed with error Error Domain=NSURLErrorDomain Code=-1009 "似乎已断开与互联网的连接。" UserInfo={NSUnderlyingError=0x7fa11af7f030 {Error Domain=kCFErrorDomainCFNetwork Code=-1009 "(null)" UserInfo={_kCFStreamErrorCodeKey=8, _kCFStreamErrorDomainKey=12}}, NSErrorFailingURLStringKey=https://1155092212%40link.cuhk.edu.hk@outlook.office365.com/EWS/Exchange.asmx, NSErrorFailingURLKey=https://1155092212%40link.cuhk.edu.hk@outlook.office365.com/EWS/Exchange.asmx, _kCFStreamErrorDomainKey=12, _kCFStreamErrorCodeKey=8, NSLocalizedDescription=似乎已断开与互联网的连接。}.]
Jul  1 09:23:27 authorMacBook-Pro networkd[195]: -[NETClientConnection effectiveBundleID] using process name apsd as bundle ID (this is expected for daemons without bundle ID
Jul  1 09:23:27 authorMacBook-Pro kernel[0]: en0: 802.11d country code set to 'US'.
Jul  1 09:23:27 authorMacBook-Pro kernel[0]: en0: Supported channels 1 2 3 4 5 6 7 8 9 10 11 12 13 36 40 44 48 52 56 60 64 100 104 108 112 116 120 124 128 132 136 140 144 149 153 157 161 165
Jul  1 09:23:27 authorMacBook-Pro kernel[0]: Unexpected payload found for message 9, dataLen 0
Jul  1 09:23:27 authorMacBook-Pro Dropbox[24019]: [0701/092327:WARNING:dns_config_service_posix.cc(306)] Failed to read DnsConfig.
Jul  1 09:23:27 authorMacBook-Pro kernel[0]: Setting BTCoex Config: enable_2G:1, profile_2g:0, enable_5G:1, profile_5G:0
Jul  1 09:23:27 authorMacBook-Pro locationd[82]: Location icon should now be in state 'Inactive'
Jul  1 09:23:28 authorMacBook-Pro configd[53]: network changed: DNS* Proxy
Jul  1 09:23:28 authorMacBook-Pro UserEventAgent[43]: Captive: [CNInfoNetworkActive:1748] en0: SSID 'CalVisitor' making interface primary (cache indicates network not captive)
Jul  1 09:23:28 authorMacBook-Pro UserEventAgent[43]: Captive: CNPluginHandler en0: Evaluating
Jul  1 09:23:28 authorMacBook-Pro kernel[0]: IO80211AWDLPeerManager::setAwdlOperatingMode Setting the AWDL operation mode from SUSPENDED to AUTO
Jul  1 09:23:28 authorMacBook-Pro kernel[0]: IO80211AWDLPeerManager::setAwdlAutoMode Resuming AWDL
Jul  1 09:23:28 authorMacBook-Pro UserEventAgent[43]: Captive: en0: Not probing 'CalVisitor' (cache indicates not captive)
Jul  1 09:23:28 authorMacBook-Pro UserEventAgent[43]: Captive: CNPluginHandler en0: Authenticated
Jul  1 09:23:28 authorMacBook-Pro configd[53]: network changed: v4(en0!:10.105.160.95) DNS+ Proxy+ SMB
Jul  1 09:23:28 authorMacBook-Pro symptomsd[215]: -[NetworkAnalyticsEngine _writeJournalRecord:fromCellFingerprint:key:atLOI:ofKind:lqm:isFaulty:] Hashing of the primary key failed. Dropping the journal record.
Jul  1 09:23:28 authorMacBook-Pro cdpd[11807]: Saw change in network reachability (isReachable=2)
Jul  1 09:23:28 authorMacBook-Pro com.apple.WebKit.WebContent[25654]: [09:23:28.678] <<<< CRABS >>>> crabsFlumeHostAvailable: [0x7f961cf08cf0] Byte flume reports host available again.
Jul  1 09:23:28 authorMacBook-Pro symptomsd[215]: __73-[NetworkAnalyticsEngine observeValueForKeyPath:ofObject:change:context:]_block_invoke unexpected switch value 2
Jul  1 09:23:28 authorMacBook-Pro sandboxd[129] ([10018]): QQ(10018) deny mach-lookup com.apple.networking.captivenetworksupport
Jul  1 09:23:29 authorMacBook-Pro configd[53]: network changed: v4(en0:10.105.160.95) v6(en0+:2607:f140:6000:8:c6b3:1ff:fecd:467f) DNS! Proxy SMB
Jul  1 09:23:30 calvisitor-10-105-160-95 configd[53]: setting hostname to "calvisitor-10-105-160-95.calvisitor.1918.berkeley.edu"
Jul  1 09:23:30 calvisitor-10-105-160-95 mDNSResponder[91]:  43: Could not write data to client PID[53](configd) because of error - aborting connection
Jul  1 09:23:30 calvisitor-10-105-160-95 mDNSResponder[91]:  43: DNSServiceCreateConnection: 0 registered records, 1 kDNSServiceFlagsShareConnection operation PID[53](configd)
Jul  1 09:23:30 calvisitor-10-105-160-95 mDNSResponder[91]:  ->  DNSServiceQueryRecord      0x0000D000  0 95.160.105.10.in-addr.arpa. (PTR) PID[53]()
Jul  1 09:23:31 calvisitor-10-105-160-95 kernel[0]: AppleCamIn::handleWakeEvent_gated
Jul  1 09:23:33 --- last message repeated 1 time ---
Jul  1 09:23:33 calvisitor-10-105-160-95 com.apple.cts[258]: com.apple.Safari.SafeBrowsing.Update: scheduler_evaluate_activity told me to run this job; however, but the start time isn't for 2359 seconds.  Ignoring.
Jul  1 09:23:33 calvisitor-10-105-160-95 com.apple.cts[258]: com.apple.icloud.fmfd.heartbeat: scheduler_evaluate_activity told me to run this job; however, but the start time isn't for 438774 seconds.  Ignoring.
Jul  1 09:23:33 calvisitor-10-105-160-95 com.apple.cts[258]: com.apple.EscrowSecurityAlert.daily: scheduler_evaluate_activity told me to run this job; however, but the start time isn't for 13298 seconds.  Ignoring.
Jul  1 09:23:33 calvisitor-10-105-160-95 com.apple.cts[258]: com.apple.Safari.SafeBrowsing.Update: scheduler_evaluate_activity told me to run this job; however, but the start time isn't for 2359 seconds.  Ignoring.
Jul  1 09:23:33 calvisitor-10-105-160-95 com.apple.cts[258]: com.apple.icloud.fmfd.heartbeat: scheduler_evaluate_activity told me to run this job; however, but the start time isn't for 438774 seconds.  Ignoring.
Jul  1 09:23:33 calvisitor-10-105-160-95 com.apple.cts[258]: com.apple.EscrowSecurityAlert.daily: scheduler_evaluate_activity told me to run this job; however, but the start time isn't for 13298 seconds.  Ignoring.
Jul  1 09:23:33 calvisitor-10-105-160-95 com.apple.cts[258]: com.apple.Safari.SafeBrowsing.Update: scheduler_evaluate_activity told me to run this job; however, but the start time isn't for 2359 seconds.  Ignoring.
Jul  1 09:23:33 calvisitor-10-105-160-95 com.apple.cts[258]: com.apple.icloud.fmfd.heartbeat: scheduler_evaluate_activity told me to run this job; however, but the start time isn't for 438774 seconds.  Ignoring.
Jul  1 09:23:33 calvisitor-10-105-160-95 com.apple.cts[258]: com.apple.EscrowSecurityAlert.daily: scheduler_evaluate_activity told me to run this job; however, but the start time isn't for 13298 seconds.  Ignoring.
Jul  1 09:23:36 calvisitor-10-105-160-95 com.apple.cts[258]: com.apple.Safari.SafeBrowsing.Update: scheduler_evaluate_activity told me to run this job; however, but the start time isn't for 2356 seconds.  Ignoring.
Jul  1 09:23:36 calvisitor-10-105-160-95 com.apple.CDScheduler[258]: Thermal pressure state: 1 Memory pressure state: 0
Jul  1 09:23:36 calvisitor-10-105-160-95 com.apple.cts[258]: com.apple.icloud.fmfd.heartbeat: scheduler_evaluate_activity told me to run this job; however, but the start time isn't for 438771 seconds.  Ignoring.
Jul  1 09:23:36 calvisitor-10-105-160-95 com.apple.cts[258]: com.apple.EscrowSecurityAlert.daily: scheduler_evaluate_activity told me to run this job; however, but the start time isn't for 13295 seconds.  Ignoring.
Jul  1 09:23:36 calvisitor-10-105-160-95 com.apple.cts[43]: com.apple.CacheDelete.daily: scheduler_evaluate_activity told me to run this job; however, but the start time isn't for 13207 seconds.  Ignoring.
Jul  1 09:23:36 calvisitor-10-105-160-95 com.apple.CDScheduler[43]: Thermal pressure state: 1 Memory pressure state: 0
Jul  1 09:23:36 calvisitor-10-105-160-95 com.apple.cts[258]: com.apple.Safari.SafeBrowsing.Update: scheduler_evaluate_activity told me to run this job; however, but the start time isn't for 2356 seconds.  Ignoring.
Jul  1 09:23:36 calvisitor-10-105-160-95 com.apple.cts[43]: com.apple.CacheDelete.daily: scheduler_evaluate_activity told me to run this job; however, but the start time isn't for 13207 seconds.  Ignoring.
Jul  1 09:23:36 calvisitor-10-105-160-95 com.apple.cts[258]: com.apple.icloud.fmfd.heartbeat: scheduler_evaluate_activity told me to run this job; however, but the start time isn't for 438771 seconds.  Ignoring.
Jul  1 09:23:36 calvisitor-10-105-160-95 com.apple.cts[258]: com.apple.EscrowSecurityAlert.daily: scheduler_evaluate_activity told me to run this job; however, but the start time isn't for 13295 seconds.  Ignoring.
Jul  1 09:23:37 calvisitor-10-105-160-95 corecaptured[31174]: CCProfileMonitor::freeResources done
Jul  1 09:23:37 calvisitor-10-105-160-95 corecaptured[31174]: Got an XPC error: Connection invalid
Jul  1 09:23:37 calvisitor-10-105-160-95 corecaptured[31174]: CCDataTap::profileRemoved, Owner: com.apple.iokit.IO80211Family, Name: AssociationEventHistory
Jul  1 09:23:37 calvisitor-10-105-160-95 corecaptured[31174]: CCLogTap::profileRemoved, Owner: com.apple.driver.AirPort.Brcm4360.0, Name: DriverLogs
Jul  1 09:23:37 calvisitor-10-105-160-95 corecaptured[31174]: CCLogTap::profileRemoved, Owner: com.apple.iokit.IO80211Family, Name: OneStats
Jul  1 09:23:37 calvisitor-10-105-160-95 corecaptured[31174]: CCLogTap::profileRemoved, Owner: com.apple.iokit.IO80211Family, Name: IO80211AWDLPeerManager
Jul  1 09:23:37 calvisitor-10-105-160-95 corecaptured[31174]: CCDataTap::profileRemoved, Owner: com.apple.driver.AirPort.Brcm4360.0, Name: StateSnapshots
Jul  1 09:23:38 calvisitor-10-105-160-95 locationd[82]: NETWORK: requery, 0, 0, 0, 0, 255, items, fQueryRetries, 1, fLastRetryTimestamp, 520618954.1
Jul  1 09:23:42 calvisitor-10-105-160-95 locationd[82]: NETWORK: requery, 0, 0, 0, 0, 255, items, fQueryRetries, 0, fLastRetryTimestamp, 520619018.2
Jul  1 09:23:45 calvisitor-10-105-160-95 QQ[10018]: ############################## _getSysMsgList
Jul  1 09:23:46 --- last message repeated 1 time ---
Jul  1 09:23:46 calvisitor-10-105-160-95 com.apple.cts[258]: com.apple.Safari.SafeBrowsing.Update: scheduler_evaluate_activity told me to run this job; however, but the start time isn't for 2346 seconds.  Ignoring.
Jul  1 09:23:46 calvisitor-10-105-160-95 com.apple.CDScheduler[258]: Thermal pressure state: 0 Memory pressure state: 0
Jul  1 09:23:46 calvisitor-10-105-160-95 com.apple.cts[258]: com.apple.icloud.fmfd.heartbeat: scheduler_evaluate_activity told me to run this job; however, but the start time isn't for 438761 seconds.  Ignoring.
Jul  1 09:23:46 calvisitor-10-105-160-95 com.apple.cts[258]: com.apple.EscrowSecurityAlert.daily: scheduler_evaluate_activity told me to run this job; however, but the start time isn't for 13285 seconds.  Ignoring.
Jul  1 09:23:46 calvisitor-10-105-160-95 com.apple.cts[43]: com.apple.CacheDelete.daily: scheduler_evaluate_activity told me to run this job; however, but the start time isn't for 13197 seconds.  Ignoring.
Jul  1 09:23:46 calvisitor-10-105-160-95 com.apple.CDScheduler[43]: Thermal pressure state: 0 Memory pressure state: 0
Jul  1 09:23:46 calvisitor-10-105-160-95 com.apple.cts[43]: com.apple.CacheDelete.daily: scheduler_evaluate_activity told me to run this job; however, but the start time isn't for 13197 seconds.  Ignoring.
Jul  1 09:23:46 calvisitor-10-105-160-95 com.apple.cts[258]: com.apple.Safari.SafeBrowsing.Update: scheduler_evaluate_activity told me to run this job; however, but the start time isn't for 2346 seconds.  Ignoring.
Jul  1 09:23:46 calvisitor-10-105-160-95 com.apple.cts[258]: com.apple.icloud.fmfd.heartbeat: scheduler_evaluate_activity told me to run this job; however, but the start time isn't for 438761 seconds.  Ignoring.
Jul  1 09:23:46 calvisitor-10-105-160-95 com.apple.cts[258]: com.apple.EscrowSecurityAlert.daily: scheduler_evaluate_activity told me to run this job; however, but the start time isn't for 13285 seconds.  Ignoring.
Jul  1 09:23:46 calvisitor-10-105-160-95 QQ[10018]: FA||Url||taskID[2019353004] dealloc
Jul  1 09:23:51 calvisitor-10-105-160-95 kernel[0]: IO80211AWDLPeerManager::setAwdlOperatingMode Setting the AWDL operation mode from AUTO to SUSPENDED
Jul  1 09:23:51 calvisitor-10-105-160-95 kernel[0]: IO80211AWDLPeerManager::setAwdlSuspendedMode() Suspending AWDL, enterQuietMode(true)
Jul  1 09:23:55 calvisitor-10-105-160-95 kernel[0]: IO80211AWDLPeerManager::setAwdlOperatingMode Setting the AWDL operation mode from SUSPENDED to AUTO
Jul  1 09:23:55 calvisitor-10-105-160-95 kernel[0]: IO80211AWDLPeerManager::setAwdlAutoMode Resuming AWDL
Jul  1 09:23:57 calvisitor-10-105-160-95 com.apple.cts[43]: com.apple.CacheDelete.daily: scheduler_evaluate_activity told me to run this job; however, but the start time isn't for 13186 seconds.  Ignoring.
Jul  1 09:24:11 calvisitor-10-105-160-95 kernel[0]: ARPT: 621094.068454: wl0: setup_keepalive: interval 900, retry_interval 30, retry_count 10
Jul  1 09:24:11 calvisitor-10-105-160-95 kernel[0]: ARPT: 621094.068469: wl0: setup_keepalive: Local IP: 10.105.160.95
Jul  1 09:24:11 calvisitor-10-105-160-95 kernel[0]: ARPT: 621094.068476: wl0: setup_keepalive: Remote IP: 17.249.28.33
Jul  1 09:24:11 calvisitor-10-105-160-95 kernel[0]: ARPT: 621094.068485: wl0: setup_keepalive: Local port: 61787, Remote port: 443
Jul  1 09:24:11 calvisitor-10-105-160-95 kernel[0]: ARPT: 621094.068494: wl0: setup_keepalive: Seq: 2662206062, Ack: 4205848284, Win size: 4096
Jul  1 09:24:11 calvisitor-10-105-160-95 kernel[0]: ARPT: 621094.068524: wl0: MDNS: IPV4 Addr: 10.105.160.95
Jul  1 09:24:11 calvisitor-10-105-160-95 kernel[0]: ARPT: 621094.068532: wl0: MDNS: IPV6 Addr: fe80:0:0:0:c6b3:1ff:fecd:467f
Jul  1 09:24:11 calvisitor-10-105-160-95 kernel[0]: ARPT: 621094.068541: wl0: MDNS: IPV6 Addr: 2607:f140:6000:8:c6b3:1ff:fecd:467f
Jul  1 09:24:11 calvisitor-10-105-160-95 kernel[0]: ARPT: 621094.068550: wl0: MDNS: IPV6 Addr: 2607:f140:6000:8:b928:5bd:f07b:df66
Jul  1 09:24:11 calvisitor-10-105-160-95 kernel[0]: ARPT: 621094.068558: wl0: MDNS: 0 SRV Recs, 0 TXT Recs
Jul  1 09:24:11 calvisitor-10-105-160-95 mDNSResponder[91]: mDNS_DeregisterInterface: Frequent transitions for interface awdl0 (FE80:0000:0000:0000:D8A5:90FF:FEF5:7FFF)
Jul  1 09:24:13 calvisitor-10-105-160-95 kernel[0]: PM response took 2010 ms (54, powerd)
Jul  1 09:24:13 calvisitor-10-105-160-95 kernel[0]: ARPT: 621096.076672: AirPort_Brcm43xx::powerChange: System Sleep 
Jul  1 09:24:13 calvisitor-10-105-160-95 kernel[0]: ARPT: 621096.076695: IOPMPowerSource Information: onSleep,  SleepType: Normal Sleep,  'ExternalConnected': Yes, 'TimeRemaining': 0, 
Jul  1 09:24:13 calvisitor-10-105-160-95 kernel[0]: AppleCamIn::systemWakeCall - messageType = 0xE0000340
Jul  1 09:25:12 calvisitor-10-105-160-95 kernel[0]: AppleThunderboltNHIType2::prePCIWake - power up complete - took 2 us
Jul  1 09:25:12 calvisitor-10-105-160-95 kernel[0]: AppleThunderboltGenericHAL::earlyWake - complete - took 0 milliseconds
Jul  1 09:25:12 calvisitor-10-105-160-95 kernel[0]: AirPort: Link Down on awdl0. Reason 1 (Unspecified).
Jul  1 09:25:12 calvisitor-10-105-160-95 kernel[0]: ARPT: 621096.604744: wl0: wl_update_tcpkeep_seq: Original Seq: 2662206062, Ack: 4205848284, Win size: 4096
Jul  1 09:25:12 calvisitor-10-105-160-95 kernel[0]: Bluetooth -- LE is supported - Disable LE meta event
Jul  1 09:25:12 calvisitor-10-105-160-95 kernel[0]: ARPT: 621096.604771: wl0: wl_update_tcpkeep_seq: Updated seq/ack/win from UserClient Seq 2662206062, Ack 4205848284, Win size 278
Jul  1 09:25:12 calvisitor-10-105-160-95 kernel[0]: ARPT: 621096.604799: wl0: leaveModulePoweredForOffloads: Wi-Fi will stay on.
Jul  1 09:25:12 calvisitor-10-105-160-95 kernel[0]: ARPT: 621096.631734: AirPort_Brcm43xx::platformWoWEnable: WWEN[enable]
Jul  1 09:25:12 calvisitor-10-105-160-95 kernel[0]: ARPT: 621096.632771: AirPort_Brcm43xx::syncPowerState: WWEN[enabled]
Jul  1 09:25:12 calvisitor-10-105-160-95 kernel[0]: IOThunderboltSwitch<0>(0x0)::listenerCallback - Thunderbolt HPD packet for route = 0x0 port = 11 unplug = 0
Jul  1 09:25:12 calvisitor-10-105-160-95 kernel[0]: AppleCamIn::systemWakeCall - messageType = 0xE0000340
Jul  1 09:24:15 calvisitor-10-105-160-95 kernel[0]: AppleThunderboltNHIType2::waitForOk2Go2Sx - intel_rp = 1 dlla_reporting_supported = 0
Jul  1 09:25:12 calvisitor-10-105-160-95 kernel[0]: AppleThunderboltNHIType2::waitForOk2Go2Sx - retries = 5
Jul  1 09:25:12 calvisitor-10-105-160-95 kernel[0]: Wake reason: ?
Jul  1 09:25:12 calvisitor-10-105-160-95 kernel[0]: AppleCamIn::systemWakeCall - messageType = 0xE0000340
Jul  1 09:25:12 calvisitor-10-105-160-95 kernel[0]: AppleCamIn::wakeEventHandlerThread
Jul  1 09:25:12 calvisitor-10-105-160-95 kernel[0]: RTC: PowerByCalendarDate setting ignored
Jul  1 09:25:12 calvisitor-10-105-160-95 kernel[0]: Previous sleep cause: 5
Jul  1 09:25:12 calvisitor-10-105-160-95 kernel[0]: AppleThunderboltNHIType2::prePCIWake - power up complete - took 1 us
Jul  1 09:25:12 calvisitor-10-105-160-95 kernel[0]: in6_unlink_ifa: IPv6 address 0x77c911453a6dbe2b has no prefix
Jul  1 09:25:12 calvisitor-10-105-160-95 kernel[0]: AppleThunderboltGenericHAL::earlyWake - complete - took 1 milliseconds
Jul  1 09:25:12 calvisitor-10-105-160-95 kernel[0]: IOThunderboltSwitch<0>(0x0)::listenerCallback - Thunderbolt HPD packet for route = 0x0 port = 11 unplug = 0
Jul  1 09:25:12 calvisitor-10-105-160-95 kernel[0]: IOThunderboltSwitch<0>(0x0)::listenerCallback - Thunderbolt HPD packet for route = 0x0 port = 12 unplug = 0
Jul  1 09:25:12 calvisitor-10-105-160-95 kernel[0]: TBT W (2): 0x0040 [x]
Jul  1 09:25:12 calvisitor-10-105-160-95 kernel[0]: en0: channel changed to 1
Jul  1 09:25:12 calvisitor-10-105-160-95 kernel[0]: ARPT: 621098.436148: ARPT: Wake Reason: Wake on Scan offload
Jul  1 09:25:12 calvisitor-10-105-160-95 kernel[0]: AirPort: Link Down on en0. Reason 8 (Disassociated because station leaving).
Jul  1 09:25:12 calvisitor-10-105-160-95 kernel[0]: en0: channel changed to 1
Jul  1 09:25:12 calvisitor-10-105-160-95 kernel[0]: en0::IO80211Interface::postMessage bssid changed
Jul  1 09:25:12 calvisitor-10-105-160-95 symptomsd[215]: -[NetworkAnalyticsEngine _writeJournalRecord:fromCellFingerprint:key:atLOI:ofKind:lqm:isFaulty:] Hashing of the primary key failed. Dropping the journal record.
Jul  1 09:25:12 calvisitor-10-105-160-95 kernel[0]: AirPort: Link Up on awdl0
Jul  1 09:25:12 calvisitor-10-105-160-95 kernel[0]: en0: 802.11d country code set to 'X3'.
Jul  1 09:25:12 calvisitor-10-105-160-95 kernel[0]: en0: Supported channels 1 2 3 4 5 6 7 8 9 10 11 12 13 36 40 44 48 52 56 60 64 100 104 108 112 116 120 124 128 132 136 140 144 149 153 157 161
Jul  1 09:25:12 calvisitor-10-105-160-95 configd[53]: setting hostname to "authorMacBook-Pro.local"
Jul  1 09:25:12 authorMacBook-Pro kernel[0]: Setting BTCoex Config: enable_2G:1, profile_2g:0, enable_5G:1, profile_5G:0
Jul  1 09:25:12 authorMacBook-Pro configd[53]: network changed: v4(en0-:10.105.160.95) v6(en0:2607:f140:6000:8:c6b3:1ff:fecd:467f) DNS! Proxy SMB
Jul  1 09:25:12 authorMacBook-Pro kernel[0]: USBMSC Identifier (non-unique): 000000000820 0x5ac 0x8406 0x820, 3
Jul  1 09:25:12 authorMacBook-Pro sharingd[30299]: 09:25:12.527 : BTLE scanner Powered On
Jul  1 09:25:12 authorMacBook-Pro sharingd[30299]: 09:25:12.528 : BTLE scanner Powered On
Jul  1 09:25:12 --- last message repeated 1 time ---
Jul  1 09:25:12 authorMacBook-Pro kernel[0]: IO80211AWDLPeerManager::setAwdlOperatingMode Setting the AWDL operation mode from AUTO to SUSPENDED
Jul  1 09:25:12 authorMacBook-Pro kernel[0]: IO80211AWDLPeerManager::setAwdlSuspendedMode() Suspending AWDL, enterQuietMode(true)
Jul  1 09:25:12 authorMacBook-Pro kernel[0]: ARPT: 621098.524891: AirPort_Brcm43xx::powerChange: System Wake - Full Wake/ Dark Wake / Maintenance wake
Jul  1 09:25:12 authorMacBook-Pro kernel[0]: ARPT: 621098.527123: IOPMPowerSource Information: onWake,  SleepType: Normal Sleep,  'ExternalConnected': Yes, 'TimeRemaining': 0, 
Jul  1 09:25:12 authorMacBook-Pro kernel[0]: ARPT: 621098.528938: ARPT: Wake Reason: Wake on Scan offload
Jul  1 09:25:12 authorMacBook-Pro kernel[0]: ARPT: 621098.531346: AirPort_Brcm43xx::platformWoWEnable: WWEN[disable]
Jul  1 09:25:12 authorMacBook-Pro kernel[0]: AppleCamIn::systemWakeCall - messageType = 0xE0000340
Jul  1 09:25:12 authorMacBook-Pro kernel[0]: AppleCamIn::wakeEventHandlerThread
Jul  1 09:25:12 authorMacBook-Pro kernel[0]: [HID] [ATC] AppleDeviceManagementHIDEventService::processWakeReason Wake reason: Host (0x01)
Jul  1 09:25:12 authorMacBook-Pro com.apple.cts[43]: com.apple.CacheDelete.daily: scheduler_evaluate_activity told me to run this job; however, but the start time isn't for 13111 seconds.  Ignoring.
Jul  1 09:25:12 authorMacBook-Pro com.apple.cts[258]: com.apple.Safari.SafeBrowsing.Update: scheduler_evaluate_activity told me to run this job; however, but the start time isn't for 2260 seconds.  Ignoring.
Jul  1 09:25:12 authorMacBook-Pro com.apple.cts[258]: com.apple.icloud.fmfd.heartbeat: scheduler_evaluate_activity told me to run this job; however, but the start time isn't for 438675 seconds.  Ignoring.
Jul  1 09:25:12 authorMacBook-Pro com.apple.cts[258]: com.apple.EscrowSecurityAlert.daily: scheduler_evaluate_activity told me to run this job; however, but the start time isn't for 13199 seconds.  Ignoring.
Jul  1 09:25:12 authorMacBook-Pro Dock[307]: -[UABestAppSuggestionManager notifyBestAppChanged:type:options:bundleIdentifier:activityType:dynamicIdentifier:when:confidence:deviceName:deviceIdentifier:deviceType:] (null) UASuggestedActionType=0 (null)/(null) opts=(null) when=2017-07-01 16:25:12 +0000 confidence=1 from=(null)/(null) (UABestAppSuggestionManager.m #319)
Jul  1 09:25:12 authorMacBook-Pro kernel[0]: in6_unlink_ifa: IPv6 address 0x77c911453a6dba3b has no prefix
Jul  1 09:25:12 authorMacBook-Pro UserEventAgent[43]: Captive: CNPluginHandler en0: Inactive
Jul  1 09:25:12 authorMacBook-Pro cdpd[11807]: Saw change in network reachability (isReachable=0)
Jul  1 09:25:12 authorMacBook-Pro com.apple.WebKit.WebContent[25654]: [09:25:12.734] <<<< CRABS >>>> crabsFlumeHostUnavailable: [0x7f961cf08cf0] Byte flume reports host unavailable.
Jul  1 09:25:12 authorMacBook-Pro netbiosd[31181]: network_reachability_changed : network is not reachable, netbiosd is shutting down
Jul  1 09:25:12 authorMacBook-Pro symptomsd[215]: __73-[NetworkAnalyticsEngine observeValueForKeyPath:ofObject:change:context:]_block_invoke unexpected switch value 2
Jul  1 09:25:13 authorMacBook-Pro configd[53]: network changed: v6(en0-:2607:f140:6000:8:c6b3:1ff:fecd:467f) DNS- Proxy-
Jul  1 09:25:13 authorMacBook-Pro networkd[195]: -[NETClientConnection effectiveBundleID] using process name apsd as bundle ID (this is expected for daemons without bundle ID
Jul  1 09:25:13 --- last message repeated 1 time ---
Jul  1 09:25:13 authorMacBook-Pro Dropbox[24019]: [0701/092513:WARNING:dns_config_service_posix.cc(306)] Failed to read DnsConfig.
Jul  1 09:25:16 authorMacBook-Pro networkd[195]: -[NETClientConnection effectiveBundleID] using process name apsd as bundle ID (this is expected for daemons without bundle ID
Jul  1 09:25:16 --- last message repeated 1 time ---
Jul  1 09:25:16 authorMacBook-Pro kernel[0]: AirPort: Link Up on en0
Jul  1 09:25:16 authorMacBook-Pro kernel[0]: en0: BSSID changed to 5c:50:15:36:bc:03
Jul  1 09:25:16 authorMacBook-Pro kernel[0]: en0: channel changed to 6
Jul  1 09:25:16 authorMacBook-Pro kernel[0]: en0::IO80211Interface::postMessage bssid changed
Jul  1 09:25:17 authorMacBook-Pro kernel[0]: AppleCamIn::handleWakeEvent_gated
Jul  1 09:25:17 authorMacBook-Pro UserEventAgent[43]: Captive: [CNInfoNetworkActive:1748] en0: SSID 'CalVisitor' making interface primary (cache indicates network not captive)
Jul  1 09:25:17 authorMacBook-Pro UserEventAgent[43]: Captive: CNPluginHandler en0: Evaluating
Jul  1 09:25:17 authorMacBook-Pro configd[53]: network changed: DNS* Proxy
Jul  1 09:25:17 authorMacBook-Pro symptomsd[215]: -[NetworkAnalyticsEngine _writeJournalRecord:fromCellFingerprint:key:atLOI:ofKind:lqm:isFaulty:] Hashing of the primary key failed. Dropping the journal record.
Jul  1 09:25:17 authorMacBook-Pro UserEventAgent[43]: Captive: en0: Not probing 'CalVisitor' (cache indicates not captive)
Jul  1 09:25:17 authorMacBook-Pro UserEventAgent[43]: Captive: CNPluginHandler en0: Authenticated
Jul  1 09:25:17 authorMacBook-Pro configd[53]: network changed: v4(en0!:10.105.160.95) DNS+ Proxy+ SMB
Jul  1 09:25:17 calvisitor-10-105-160-95 configd[53]: setting hostname to "calvisitor-10-105-160-95.calvisitor.1918.berkeley.edu"
Jul  1 09:25:17 calvisitor-10-105-160-95 configd[53]: network changed: v4(en0:10.105.160.95) v6(en0+:2607:f140:6000:8:c6b3:1ff:fecd:467f) DNS! Proxy SMB
Jul  1 09:25:17 calvisitor-10-105-160-95 kernel[0]: en0: 802.11d country code set to 'US'.
Jul  1 09:25:17 calvisitor-10-105-160-95 kernel[0]: en0: Supported channels 1 2 3 4 5 6 7 8 9 10 11 12 13 36 40 44 48 52 56 60 64 100 104 108 112 116 120 124 128 132 136 140 144 149 153 157 161 165
Jul  1 09:25:17 calvisitor-10-105-160-95 kernel[0]: Unexpected payload found for message 9, dataLen 0
Jul  1 09:25:17 calvisitor-10-105-160-95 kernel[0]: Setting BTCoex Config: enable_2G:1, profile_2g:0, enable_5G:1, profile_5G:0
Jul  1 09:25:17 calvisitor-10-105-160-95 kernel[0]: IO80211AWDLPeerManager::setAwdlOperatingMode Setting the AWDL operation mode from SUSPENDED to AUTO
Jul  1 09:25:17 calvisitor-10-105-160-95 kernel[0]: IO80211AWDLPeerManager::setAwdlAutoMode Resuming AWDL
Jul  1 09:25:17 calvisitor-10-105-160-95 cdpd[11807]: Saw change in network reachability (isReachable=2)
Jul  1 09:25:17 calvisitor-10-105-160-95 com.apple.WebKit.WebContent[25654]: [09:25:17.370] <<<< CRABS >>>> crabsFlumeHostAvailable: [0x7f961cf08cf0] Byte flume reports host available again.
Jul  1 09:25:17 calvisitor-10-105-160-95 symptomsd[215]: __73-[NetworkAnalyticsEngine observeValueForKeyPath:ofObject:change:context:]_block_invoke unexpected switch value 2
Jul  1 09:25:17 calvisitor-10-105-160-95 sandboxd[129] ([10018]): QQ(10018) deny mach-lookup com.apple.networking.captivenetworksupport
Jul  1 09:25:17 calvisitor-10-105-160-95 kernel[0]: AppleCamIn::handleWakeEvent_gated
Jul  1 09:25:21 calvisitor-10-105-160-95 com.apple.cts[258]: com.apple.Safari.SafeBrowsing.Update: scheduler_evaluate_activity told me to run this job; however, but the start time isn't for 2251 seconds.  Ignoring.
Jul  1 09:25:21 calvisitor-10-105-160-95 com.apple.cts[258]: com.apple.icloud.fmfd.heartbeat: scheduler_evaluate_activity told me to run this job; however, but the start time isn't for 438666 seconds.  Ignoring.
Jul  1 09:25:21 calvisitor-10-105-160-95 com.apple.cts[258]: com.apple.EscrowSecurityAlert.daily: scheduler_evaluate_activity told me to run this job; however, but the start time isn't for 13190 seconds.  Ignoring.
Jul  1 09:25:21 calvisitor-10-105-160-95 com.apple.cts[258]: com.apple.Safari.SafeBrowsing.Update: scheduler_evaluate_activity told me to run this job; however, but the start time isn't for 2251 seconds.  Ignoring.
Jul  1 09:25:21 calvisitor-10-105-160-95 com.apple.cts[258]: com.apple.icloud.fmfd.heartbeat: scheduler_evaluate_activity told me to run this job; however, but the start time isn't for 438666 seconds.  Ignoring.
Jul  1 09:25:21 calvisitor-10-105-160-95 com.apple.cts[258]: com.apple.EscrowSecurityAlert.daily: scheduler_evaluate_activity told me to run this job; however, but the start time isn't for 13190 seconds.  Ignoring.
Jul  1 09:25:21 calvisitor-10-105-160-95 QQ[10018]: ############################## _getSysMsgList
Jul  1 09:25:21 --- last message repeated 1 time ---
Jul  1 09:25:21 calvisitor-10-105-160-95 com.apple.cts[258]: com.apple.Safari.SafeBrowsing.Update: scheduler_evaluate_activity told me to run this job; however, but the start time isn't for 2251 seconds.  Ignoring.
Jul  1 09:25:21 calvisitor-10-105-160-95 com.apple.cts[258]: com.apple.icloud.fmfd.heartbeat: scheduler_evaluate_activity told me to run this job; however, but the start time isn't for 438666 seconds.  Ignoring.
Jul  1 09:25:21 calvisitor-10-105-160-95 com.apple.cts[258]: com.apple.EscrowSecurityAlert.daily: scheduler_evaluate_activity told me to run this job; however, but the start time isn't for 13190 seconds.  Ignoring.
Jul  1 09:25:22 calvisitor-10-105-160-95 QQ[10018]: FA||Url||taskID[2019353005] dealloc
Jul  1 09:25:22 calvisitor-10-105-160-95 com.apple.cts[258]: com.apple.Safari.SafeBrowsing.Update: scheduler_evaluate_activity told me to run this job; however, but the start time isn't for 2250 seconds.  Ignoring.
Jul  1 09:25:22 calvisitor-10-105-160-95 com.apple.CDScheduler[258]: Thermal pressure state: 1 Memory pressure state: 0
Jul  1 09:25:22 calvisitor-10-105-160-95 com.apple.cts[258]: com.apple.icloud.fmfd.heartbeat: scheduler_evaluate_activity told me to run this job; however, but the start time isn't for 438665 seconds.  Ignoring.
Jul  1 09:25:22 calvisitor-10-105-160-95 com.apple.cts[258]: com.apple.EscrowSecurityAlert.daily: scheduler_evaluate_activity told me to run this job; however, but the start time isn't for 13189 seconds.  Ignoring.
Jul  1 09:25:22 calvisitor-10-105-160-95 com.apple.cts[43]: com.apple.CacheDelete.daily: scheduler_evaluate_activity told me to run this job; however, but the start time isn't for 13101 seconds.  Ignoring.
Jul  1 09:25:22 calvisitor-10-105-160-95 com.apple.CDScheduler[43]: Thermal pressure state: 1 Memory pressure state: 0
Jul  1 09:25:22 calvisitor-10-105-160-95 com.apple.cts[258]: com.apple.Safari.SafeBrowsing.Update: scheduler_evaluate_activity told me to run this job; however, but the start time isn't for 2250 seconds.  Ignoring.
Jul  1 09:25:22 calvisitor-10-105-160-95 com.apple.cts[43]: com.apple.CacheDelete.daily: scheduler_evaluate_activity told me to run this job; however, but the start time isn't for 13101 seconds.  Ignoring.
Jul  1 09:25:22 calvisitor-10-105-160-95 com.apple.cts[258]: com.apple.icloud.fmfd.heartbeat: scheduler_evaluate_activity told me to run this job; however, but the start time isn't for 438665 seconds.  Ignoring.
Jul  1 09:25:22 calvisitor-10-105-160-95 com.apple.cts[258]: com.apple.EscrowSecurityAlert.daily: scheduler_evaluate_activity told me to run this job; however, but the start time isn't for 13189 seconds.  Ignoring.
Jul  1 09:25:30 calvisitor-10-105-160-95 secd[276]:  SOSAccountThisDeviceCanSyncWithCircle sync with device failure: Error Domain=com.apple.security.sos.error Code=1035 "Account identity not set" UserInfo={NSDescription=Account identity not set}
Jul  1 09:25:31 calvisitor-10-105-160-95 com.apple.AddressBook.InternetAccountsBridge[31190]: dnssd_clientstub ConnectToServer: connect()-> No of tries: 1
Jul  1 09:25:31 calvisitor-10-105-160-95 sandboxd[129] ([31190]): com.apple.Addres(31190) deny network-outbound /private/var/run/mDNSResponder
Jul  1 09:25:32 calvisitor-10-105-160-95 com.apple.cts[258]: com.apple.Safari.SafeBrowsing.Update: scheduler_evaluate_activity told me to run this job; however, but the start time isn't for 2240 seconds.  Ignoring.
Jul  1 09:25:32 calvisitor-10-105-160-95 com.apple.CDScheduler[258]: Thermal pressure state: 0 Memory pressure state: 0
Jul  1 09:25:32 calvisitor-10-105-160-95 com.apple.cts[258]: com.apple.icloud.fmfd.heartbeat: scheduler_evaluate_activity told me to run this job; however, but the start time isn't for 438655 seconds.  Ignoring.
Jul  1 09:25:32 calvisitor-10-105-160-95 com.apple.cts[258]: com.apple.EscrowSecurityAlert.daily: scheduler_evaluate_activity told me to run this job; however, but the start time isn't for 13179 seconds.  Ignoring.
Jul  1 09:25:32 calvisitor-10-105-160-95 com.apple.cts[43]: com.apple.CacheDelete.daily: scheduler_evaluate_activity told me to run this job; however, but the start time isn't for 13091 seconds.  Ignoring.
Jul  1 09:25:32 calvisitor-10-105-160-95 com.apple.CDScheduler[43]: Thermal pressure state: 0 Memory pressure state: 0
Jul  1 09:25:32 calvisitor-10-105-160-95 com.apple.cts[258]: com.apple.Safari.SafeBrowsing.Update: scheduler_evaluate_activity told me to run this job; however, but the start time isn't for 2240 seconds.  Ignoring.
Jul  1 09:25:32 calvisitor-10-105-160-95 com.apple.cts[43]: com.apple.CacheDelete.daily: scheduler_evaluate_activity told me to run this job; however, but the start time isn't for 13091 seconds.  Ignoring.
Jul  1 09:25:32 calvisitor-10-105-160-95 com.apple.cts[258]: com.apple.icloud.fmfd.heartbeat: scheduler_evaluate_activity told me to run this job; however, but the start time isn't for 438655 seconds.  Ignoring.
Jul  1 09:25:32 calvisitor-10-105-160-95 com.apple.cts[258]: com.apple.EscrowSecurityAlert.daily: scheduler_evaluate_activity told me to run this job; however, but the start time isn't for 13179 seconds.  Ignoring.
Jul  1 09:25:32 calvisitor-10-105-160-95 com.apple.AddressBook.InternetAccountsBridge[31190]: dnssd_clientstub ConnectToServer: connect()-> No of tries: 2
Jul  1 09:25:32 calvisitor-10-105-160-95 sandboxd[129] ([31190]): com.apple.Addres(31190) deny network-outbound /private/var/run/mDNSResponder
Jul  1 09:25:33 calvisitor-10-105-160-95 com.apple.AddressBook.InternetAccountsBridge[31190]: dnssd_clientstub ConnectToServer: connect()-> No of tries: 3
Jul  1 09:25:33 calvisitor-10-105-160-95 sandboxd[129] ([31190]): com.apple.Addres(31190) deny network-outbound /private/var/run/mDNSResponder
Jul  1 09:25:34 calvisitor-10-105-160-95 com.apple.AddressBook.InternetAccountsBridge[31190]: dnssd_clientstub ConnectToServer: connect() failed path:/var/run/mDNSResponder Socket:4 Err:-1 Errno:1 Operation not permitted
Jul  1 09:25:34 calvisitor-10-105-160-95 com.apple.AddressBook.InternetAccountsBridge[31190]: dnssd_clientstub ConnectToServer: connect()-> No of tries: 1
Jul  1 09:25:34 calvisitor-10-105-160-95 sandboxd[129] ([31190]): com.apple.Addres(31190) deny network-outbound /private/var/run/mDNSResponder
Jul  1 09:25:36 --- last message repeated 1 time ---
Jul  1 09:25:36 calvisitor-10-105-160-95 com.apple.AddressBook.InternetAccountsBridge[31190]: dnssd_clientstub ConnectToServer: connect()-> No of tries: 2
Jul  1 09:25:36 calvisitor-10-105-160-95 sandboxd[129] ([31190]): com.apple.Addres(31190) deny network-outbound /private/var/run/mDNSResponder
Jul  1 09:25:37 calvisitor-10-105-160-95 com.apple.AddressBook.InternetAccountsBridge[31190]: dnssd_clientstub ConnectToServer: connect()-> No of tries: 3
Jul  1 09:25:37 calvisitor-10-105-160-95 sandboxd[129] ([31190]): com.apple.Addres(31190) deny network-outbound /private/var/run/mDNSResponder
Jul  1 09:25:38 calvisitor-10-105-160-95 kernel[0]: Sandbox: com.apple.Addres(31190) deny(1) network-outbound /private/var/run/mDNSResponder
Jul  1 09:25:38 calvisitor-10-105-160-95 com.apple.AddressBook.InternetAccountsBridge[31190]: dnssd_clientstub ConnectToServer: connect() failed path:/var/run/mDNSResponder Socket:4 Err:-1 Errno:1 Operation not permitted
Jul  1 09:25:38 calvisitor-10-105-160-95 com.apple.cts[43]: com.apple.CacheDelete.daily: scheduler_evaluate_activity told me to run this job; however, but the start time isn't for 13085 seconds.  Ignoring.
Jul  1 09:25:41 calvisitor-10-105-160-95 kernel[0]: IO80211AWDLPeerManager::setAwdlOperatingMode Setting the AWDL operation mode from AUTO to SUSPENDED
Jul  1 09:25:41 calvisitor-10-105-160-95 kernel[0]: IO80211AWDLPeerManager::setAwdlSuspendedMode() Suspending AWDL, enterQuietMode(true)
Jul  1 09:25:45 calvisitor-10-105-160-95 kernel[0]: ARPT: 621131.293163: wl0: Roamed or switched channel, reason #8, bssid 5c:50:15:4c:18:13, last RSSI -64
Jul  1 09:25:45 calvisitor-10-105-160-95 kernel[0]: en0: BSSID changed to 5c:50:15:4c:18:13
Jul  1 09:25:45 calvisitor-10-105-160-95 kernel[0]: en0: channel changed to 1
Jul  1 09:25:45 calvisitor-10-105-160-95 kernel[0]: en0::IO80211Interface::postMessage bssid changed
Jul  1 09:25:45 calvisitor-10-105-160-95 symptomsd[215]: -[NetworkAnalyticsEngine _writeJournalRecord:fromCellFingerprint:key:atLOI:ofKind:lqm:isFaulty:] Hashing of the primary key failed. Dropping the journal record.
Jul  1 09:25:45 calvisitor-10-105-160-95 kernel[0]: IO80211AWDLPeerManager::setAwdlOperatingMode Setting the AWDL operation mode from SUSPENDED to AUTO
Jul  1 09:25:45 calvisitor-10-105-160-95 kernel[0]: IO80211AWDLPeerManager::setAwdlAutoMode Resuming AWDL
Jul  1 09:25:45 calvisitor-10-105-160-95 symptomsd[215]: -[NetworkAnalyticsEngine _writeJournalRecord:fromCellFingerprint:key:atLOI:ofKind:lqm:isFaulty:] Hashing of the primary key failed. Dropping the journal record.
Jul  1 09:25:45 calvisitor-10-105-160-95 mDNSResponder[91]: mDNS_RegisterInterface: Frequent transitions for interface en0 (FE80:0000:0000:0000:C6B3:01FF:FECD:467F)
Jul  1 09:25:45 calvisitor-10-105-160-95 mDNSResponder[91]: mDNS_RegisterInterface: Frequent transitions for interface en0 (10.105.160.95)
Jul  1 09:25:51 calvisitor-10-105-160-95 AddressBookSourceSync[31188]: Unrecognized attribute value: t:AbchPersonItemType
Jul  1 09:25:51 calvisitor-10-105-160-95 AddressBookSourceSync[31188]: -[SOAPParser:0x7fb83ad79280 parser:didStartElement:namespaceURI:qualifiedName:attributes:] Type not found in EWSItemType for ExchangePersonIdGuid (t:ExchangePersonIdGuid)
Jul  1 09:25:57 calvisitor-10-105-160-95 kernel[0]: ARPT: 621143.583734: wl0: setup_keepalive: interval 900, retry_interval 30, retry_count 10
Jul  1 09:25:57 calvisitor-10-105-160-95 kernel[0]: ARPT: 621143.583751: wl0: setup_keepalive: Local IP: 10.105.160.95
Jul  1 09:25:57 calvisitor-10-105-160-95 kernel[0]: ARPT: 621143.583759: wl0: setup_keepalive: Remote IP: 17.249.28.74
Jul  1 09:25:57 calvisitor-10-105-160-95 kernel[0]: ARPT: 621143.583767: wl0: setup_keepalive: Local port: 61848, Remote port: 443
Jul  1 09:25:57 calvisitor-10-105-160-95 kernel[0]: ARPT: 621143.583775: wl0: setup_keepalive: Seq: 3014995849, Ack: 2590995288, Win size: 4096
Jul  1 09:25:57 calvisitor-10-105-160-95 kernel[0]: ARPT: 621143.583804: wl0: MDNS: IPV4 Addr: 10.105.160.95
Jul  1 09:25:57 calvisitor-10-105-160-95 kernel[0]: ARPT: 621143.583812: wl0: MDNS: IPV6 Addr: fe80:0:0:0:c6b3:1ff:fecd:467f
Jul  1 09:25:57 calvisitor-10-105-160-95 kernel[0]: ARPT: 621143.583821: wl0: MDNS: IPV6 Addr: 2607:f140:6000:8:c6b3:1ff:fecd:467f
Jul  1 09:25:57 calvisitor-10-105-160-95 kernel[0]: ARPT: 621143.583831: wl0: MDNS: IPV6 Addr: 2607:f140:6000:8:15a8:f0fb:905:9ec4
Jul  1 09:25:57 calvisitor-10-105-160-95 kernel[0]: ARPT: 621143.583838: wl0: MDNS: 0 SRV Recs, 0 TXT Recs
Jul  1 09:25:57 calvisitor-10-105-160-95 mDNSResponder[91]: mDNS_DeregisterInterface: Frequent transitions for interface en0 (2607:F140:6000:0008:C6B3:01FF:FECD:467F)
Jul  1 09:25:59 calvisitor-10-105-160-95 kernel[0]: PM response took 1973 ms (54, powerd)
Jul  1 09:25:59 calvisitor-10-105-160-95 kernel[0]: ARPT: 621145.554533: AirPort_Brcm43xx::powerChange: System Sleep 
Jul  1 09:25:59 calvisitor-10-105-160-95 kernel[0]: ARPT: 621145.554555: IOPMPowerSource Information: onSleep,  SleepType: Normal Sleep,  'ExternalConnected': Yes, 'TimeRemaining': 0, 
Jul  1 09:25:59 calvisitor-10-105-160-95 kernel[0]: AppleCamIn::systemWakeCall - messageType = 0xE0000340
Jul  1 09:26:41 calvisitor-10-105-160-95 kernel[0]: AppleThunderboltNHIType2::prePCIWake - power up complete - took 2 us
Jul  1 09:26:41 calvisitor-10-105-160-95 kernel[0]: AppleThunderboltGenericHAL::earlyWake - complete - took 0 milliseconds
Jul  1 09:26:41 calvisitor-10-105-160-95 kernel[0]: AirPort: Link Down on awdl0. Reason 1 (Unspecified).
Jul  1 09:26:41 calvisitor-10-105-160-95 kernel[0]: ARPT: 621146.080894: wl0: wl_update_tcpkeep_seq: Original Seq: 3014995849, Ack: 2590995288, Win size: 4096
Jul  1 09:26:41 calvisitor-10-105-160-95 kernel[0]: ARPT: 621146.080922: wl0: wl_update_tcpkeep_seq: Updated seq/ack/win from UserClient Seq 3014995849, Ack 2590995288, Win size 278
Jul  1 09:26:41 calvisitor-10-105-160-95 kernel[0]: ARPT: 621146.080949: wl0: leaveModulePoweredForOffloads: Wi-Fi will stay on.
Jul  1 09:26:41 calvisitor-10-105-160-95 kernel[0]: Bluetooth -- LE is supported - Disable LE meta event
Jul  1 09:26:41 calvisitor-10-105-160-95 kernel[0]: ARPT: 621146.110611: AirPort_Brcm43xx::platformWoWEnable: WWEN[enable]
Jul  1 09:26:41 calvisitor-10-105-160-95 kernel[0]: ARPT: 621146.111484: AirPort_Brcm43xx::syncPowerState: WWEN[enabled]
Jul  1 09:26:41 calvisitor-10-105-160-95 kernel[0]: IOThunderboltSwitch<0>(0x0)::listenerCallback - Thunderbolt HPD packet for route = 0x0 port = 11 unplug = 0
Jul  1 09:26:41 calvisitor-10-105-160-95 kernel[0]: IOThunderboltSwitch<0>(0x0)::listenerCallback - Thunderbolt HPD packet for route = 0x0 port = 12 unplug = 0
Jul  1 09:26:41 calvisitor-10-105-160-95 kernel[0]: AppleCamIn::systemWakeCall - messageType = 0xE0000340
Jul  1 09:26:01 calvisitor-10-105-160-95 kernel[0]: AppleThunderboltNHIType2::waitForOk2Go2Sx - intel_rp = 1 dlla_reporting_supported = 0
Jul  1 09:26:41 calvisitor-10-105-160-95 kernel[0]: AppleThunderboltNHIType2::waitForOk2Go2Sx - retries = 9
Jul  1 09:26:41 calvisitor-10-105-160-95 kernel[0]: Wake reason: ?
Jul  1 09:26:41 calvisitor-10-105-160-95 kernel[0]: AppleCamIn::systemWakeCall - messageType = 0xE0000340
Jul  1 09:26:41 calvisitor-10-105-160-95 kernel[0]: AppleCamIn::wakeEventHandlerThread
Jul  1 09:26:41 calvisitor-10-105-160-95 kernel[0]: RTC: PowerByCalendarDate setting ignored
Jul  1 09:26:41 calvisitor-10-105-160-95 kernel[0]: Previous sleep cause: 5
Jul  1 09:26:41 calvisitor-10-105-160-95 kernel[0]: AppleThunderboltNHIType2::prePCIWake - power up complete - took 1 us
Jul  1 09:26:41 calvisitor-10-105-160-95 kernel[0]: in6_unlink_ifa: IPv6 address 0x77c911455cd9b4fb has no prefix
Jul  1 09:26:41 calvisitor-10-105-160-95 kernel[0]: AppleThunderboltGenericHAL::earlyWake - complete - took 1 milliseconds
Jul  1 09:26:41 calvisitor-10-105-160-95 kernel[0]: IOThunderboltSwitch<0>(0x0)::listenerCallback - Thunderbolt HPD packet for route = 0x0 port = 11 unplug = 0
Jul  1 09:26:41 calvisitor-10-105-160-95 kernel[0]: IOThunderboltSwitch<0>(0x0)::listenerCallback - Thunderbolt HPD packet for route = 0x0 port = 12 unplug = 0
Jul  1 09:26:41 calvisitor-10-105-160-95 kernel[0]: TBT W (2): 0x0040 [x]
Jul  1 09:26:41 calvisitor-10-105-160-95 mDNSResponder[91]: mDNS_RegisterInterface: Frequent transitions for interface en0 (FE80:0000:0000:0000:C6B3:01FF:FECD:467F)
Jul  1 09:26:41 calvisitor-10-105-160-95 mDNSResponder[91]: mDNS_RegisterInterface: Frequent transitions for interface en0 (10.105.160.95)
Jul  1 09:26:41 calvisitor-10-105-160-95 kernel[0]: en0: channel changed to 1
Jul  1 09:26:41 calvisitor-10-105-160-95 kernel[0]: ARPT: 621147.849436: ARPT: Wake Reason: Wake on Scan offload
Jul  1 09:26:41 calvisitor-10-105-160-95 kernel[0]: AirPort: Link Down on en0. Reason 8 (Disassociated because station leaving).
Jul  1 09:26:41 calvisitor-10-105-160-95 kernel[0]: en0: channel changed to 1
Jul  1 09:26:41 calvisitor-10-105-160-95 kernel[0]: en0::IO80211Interface::postMessage bssid changed
Jul  1 09:26:41 calvisitor-10-105-160-95 symptomsd[215]: -[NetworkAnalyticsEngine _writeJournalRecord:fromCellFingerprint:key:atLOI:ofKind:lqm:isFaulty:] Hashing of the primary key failed. Dropping the journal record.
Jul  1 09:26:41 calvisitor-10-105-160-95 kernel[0]: AirPort: Link Up on awdl0
Jul  1 09:26:41 calvisitor-10-105-160-95 kernel[0]: en0: 802.11d country code set to 'X3'.
Jul  1 09:26:41 calvisitor-10-105-160-95 kernel[0]: en0: Supported channels 1 2 3 4 5 6 7 8 9 10 11 12 13 36 40 44 48 52 56 60 64 100 104 108 112 116 120 124 128 132 136 140 144 149 153 157 161
Jul  1 09:26:41 authorMacBook-Pro configd[53]: setting hostname to "authorMacBook-Pro.local"
Jul  1 09:26:41 authorMacBook-Pro kernel[0]: Setting BTCoex Config: enable_2G:1, profile_2g:0, enable_5G:1, profile_5G:0
Jul  1 09:26:41 authorMacBook-Pro configd[53]: network changed: v4(en0-:10.105.160.95) v6(en0:2607:f140:6000:8:c6b3:1ff:fecd:467f) DNS! Proxy SMB
Jul  1 09:26:41 authorMacBook-Pro sharingd[30299]: 09:26:41.467 : BTLE scanner Powered On
Jul  1 09:26:41 authorMacBook-Pro sharingd[30299]: 09:26:41.468 : BTLE scanner Powered On
Jul  1 09:26:41 --- last message repeated 1 time ---
Jul  1 09:26:41 authorMacBook-Pro mDNSResponder[91]: mDNS_RegisterInterface: Frequent transitions for interface awdl0 (FE80:0000:0000:0000:D8A5:90FF:FEF5:7FFF)
Jul  1 09:26:41 authorMacBook-Pro kernel[0]: USBMSC Identifier (non-unique): 000000000820 0x5ac 0x8406 0x820, 3
Jul  1 09:26:41 authorMacBook-Pro kernel[0]: ARPT: 621147.953747: AirPort_Brcm43xx::powerChange: System Wake - Full Wake/ Dark Wake / Maintenance wake
Jul  1 09:26:41 authorMacBook-Pro kernel[0]: ARPT: 621147.953767: IOPMPowerSource Information: onWake,  SleepType: Normal Sleep,  'ExternalConnected': Yes, 'TimeRemaining': 0, 
Jul  1 09:26:41 authorMacBook-Pro kernel[0]: ARPT: 621147.953783: ARPT: Wake Reason: Wake on Scan offload
Jul  1 09:26:41 authorMacBook-Pro kernel[0]: ARPT: 621147.953828: AirPort_Brcm43xx::platformWoWEnable: WWEN[disable]
Jul  1 09:26:41 authorMacBook-Pro kernel[0]: AppleCamIn::systemWakeCall - messageType = 0xE0000340
Jul  1 09:26:41 authorMacBook-Pro kernel[0]: AppleCamIn::wakeEventHandlerThread
Jul  1 09:26:41 authorMacBook-Pro kernel[0]: [HID] [ATC] AppleDeviceManagementHIDEventService::processWakeReason Wake reason: Host (0x01)
Jul  1 09:26:41 authorMacBook-Pro com.apple.cts[43]: com.apple.CacheDelete.daily: scheduler_evaluate_activity told me to run this job; however, but the start time isn't for 13022 seconds.  Ignoring.
Jul  1 09:26:41 authorMacBook-Pro com.apple.cts[258]: com.apple.Safari.SafeBrowsing.Update: scheduler_evaluate_activity told me to run this job; however, but the start time isn't for 2171 seconds.  Ignoring.
Jul  1 09:26:41 authorMacBook-Pro com.apple.cts[258]: com.apple.icloud.fmfd.heartbeat: scheduler_evaluate_activity told me to run this job; however, but the start time isn't for 438586 seconds.  Ignoring.
Jul  1 09:26:41 authorMacBook-Pro com.apple.cts[258]: com.apple.EscrowSecurityAlert.daily: scheduler_evaluate_activity told me to run this job; however, but the start time isn't for 13110 seconds.  Ignoring.
Jul  1 09:26:41 authorMacBook-Pro Dock[307]: -[UABestAppSuggestionManager notifyBestAppChanged:type:options:bundleIdentifier:activityType:dynamicIdentifier:when:confidence:deviceName:deviceIdentifier:deviceType:] (null) UASuggestedActionType=0 (null)/(null) opts=(null) when=2017-07-01 16:26:41 +0000 confidence=1 from=(null)/(null) (UABestAppSuggestionManager.m #319)
Jul  1 09:26:41 authorMacBook-Pro kernel[0]: in6_unlink_ifa: IPv6 address 0x77c911455cd9b25b has no prefix
Jul  1 09:26:41 authorMacBook-Pro networkd[195]: nw_nat64_post_new_ifstate successfully changed NAT64 ifstate from 0x8000000000000000 to 0x4
Jul  1 09:26:41 authorMacBook-Pro UserEventAgent[43]: Captive: CNPluginHandler en0: Inactive
Jul  1 09:26:41 authorMacBook-Pro cdpd[11807]: Saw change in network reachability (isReachable=0)
Jul  1 09:26:41 authorMacBook-Pro networkd[195]: -[NETClientConnection evaluateCrazyIvan46] CI46 - Perform CrazyIvan46! QQ.10018 tc18853 119.81.102.227:80
Jul  1 09:26:41 authorMacBook-Pro networkd[195]: __42-[NETClientConnection evaluateCrazyIvan46]_block_invoke CI46 - Hit by torpedo! QQ.10018 tc18853 119.81.102.227:80
Jul  1 09:26:41 authorMacBook-Pro com.apple.WebKit.WebContent[25654]: [09:26:41.690] <<<< CRABS >>>> crabsFlumeHostUnavailable: [0x7f961cf08cf0] Byte flume reports host unavailable.
Jul  1 09:26:41 authorMacBook-Pro symptomsd[215]: __73-[NetworkAnalyticsEngine observeValueForKeyPath:ofObject:change:context:]_block_invoke unexpected switch value 2
Jul  1 09:26:41 authorMacBook-Pro netbiosd[31187]: network_reachability_changed : network is not reachable, netbiosd is shutting down
Jul  1 09:26:41 authorMacBook-Pro mDNSResponder[91]: mDNS_DeregisterInterface: Frequent transitions for interface en0 (2607:F140:6000:0008:C6B3:01FF:FECD:467F)
Jul  1 09:26:41 authorMacBook-Pro kernel[0]: IO80211AWDLPeerManager::setAwdlOperatingMode Setting the AWDL operation mode from AUTO to SUSPENDED
Jul  1 09:26:41 authorMacBook-Pro kernel[0]: IO80211AWDLPeerManager::setAwdlSuspendedMode() Suspending AWDL, enterQuietMode(true)
Jul  1 09:26:41 authorMacBook-Pro networkd[195]: nw_nat64_post_new_ifstate successfully changed NAT64 ifstate from 0x4 to 0x8000000000000000
Jul  1 09:26:42 authorMacBook-Pro symptomsd[215]: __73-[NetworkAnalyticsEngine observeValueForKeyPath:ofObject:change:context:]_block_invoke unexpected switch value 2
Jul  1 09:26:42 authorMacBook-Pro configd[53]: network changed: v6(en0-:2607:f140:6000:8:c6b3:1ff:fecd:467f) DNS- Proxy-
Jul  1 09:26:42 authorMacBook-Pro networkd[195]: -[NETClientConnection effectiveBundleID] using process name apsd as bundle ID (this is expected for daemons without bundle ID
Jul  1 09:26:42 --- last message repeated 1 time ---
Jul  1 09:26:42 authorMacBook-Pro Dropbox[24019]: [0701/092642:WARNING:dns_config_service_posix.cc(306)] Failed to read DnsConfig.
Jul  1 09:26:42 authorMacBook-Pro kernel[0]: AirPort: Link Up on en0
Jul  1 09:26:42 authorMacBook-Pro kernel[0]: en0: BSSID changed to 5c:50:15:36:bc:03
Jul  1 09:26:42 authorMacBook-Pro kernel[0]: en0: channel changed to 6
Jul  1 09:26:42 authorMacBook-Pro kernel[0]: en0::IO80211Interface::postMessage bssid changed
Jul  1 09:26:42 authorMacBook-Pro symptomsd[215]: -[NetworkAnalyticsEngine _writeJournalRecord:fromCellFingerprint:key:atLOI:ofKind:lqm:isFaulty:] Hashing of the primary key failed. Dropping the journal record.
Jul  1 09:26:42 authorMacBook-Pro mDNSResponder[91]: mDNS_RegisterInterface: Frequent transitions for interface en0 (FE80:0000:0000:0000:C6B3:01FF:FECD:467F)
Jul  1 09:26:42 authorMacBook-Pro kernel[0]: en0: 802.11d country code set to 'US'.
Jul  1 09:26:42 authorMacBook-Pro kernel[0]: en0: Supported channels 1 2 3 4 5 6 7 8 9 10 11 12 13 36 40 44 48 52 56 60 64 100 104 108 112 116 120 124 128 132 136 140 144 149 153 157 161 165
Jul  1 09:26:42 authorMacBook-Pro kernel[0]: Unexpected payload found for message 9, dataLen 0
Jul  1 09:26:42 authorMacBook-Pro kernel[0]: Setting BTCoex Config: enable_2G:1, profile_2g:0, enable_5G:1, profile_5G:0
Jul  1 09:26:42 authorMacBook-Pro kernel[0]: IO80211AWDLPeerManager::setAwdlOperatingMode Setting the AWDL operation mode from SUSPENDED to AUTO
Jul  1 09:26:42 authorMacBook-Pro kernel[0]: IO80211AWDLPeerManager::setAwdlAutoMode Resuming AWDL
Jul  1 09:26:42 authorMacBook-Pro UserEventAgent[43]: Captive: [CNInfoNetworkActive:1748] en0: SSID 'CalVisitor' making interface primary (cache indicates network not captive)
Jul  1 09:26:42 authorMacBook-Pro configd[53]: network changed: DNS* Proxy
Jul  1 09:26:42 authorMacBook-Pro UserEventAgent[43]: Captive: CNPluginHandler en0: Evaluating
Jul  1 09:26:42 authorMacBook-Pro UserEventAgent[43]: Captive: en0: Not probing 'CalVisitor' (cache indicates not captive)
Jul  1 09:26:42 authorMacBook-Pro UserEventAgent[43]: Captive: CNPluginHandler en0: Authenticated
Jul  1 09:26:42 authorMacBook-Pro configd[53]: network changed: v6(en0!:2607:f140:6000:8:c6b3:1ff:fecd:467f) DNS+ Proxy+ SMB
Jul  1 09:26:43 authorMacBook-Pro networkd[195]: nw_nat64_post_new_ifstate successfully changed NAT64 ifstate from 0x8000000000000000 to 0x4
Jul  1 09:26:43 authorMacBook-Pro configd[53]: network changed: v4(en0+:10.105.160.95) v6(en0:2607:f140:6000:8:c6b3:1ff:fecd:467f) DNS! Proxy SMB
Jul  1 09:26:43 authorMacBook-Pro mDNSResponder[91]: mDNS_RegisterInterface: Frequent transitions for interface en0 (10.105.160.95)
Jul  1 09:26:43 authorMacBook-Pro cdpd[11807]: Saw change in network reachability (isReachable=2)
Jul  1 09:26:43 calvisitor-10-105-160-95 configd[53]: setting hostname to "calvisitor-10-105-160-95.calvisitor.1918.berkeley.edu"
Jul  1 09:26:43 calvisitor-10-105-160-95 com.apple.WebKit.WebContent[25654]: [09:26:43.394] <<<< CRABS >>>> crabsFlumeHostAvailable: [0x7f961cf08cf0] Byte flume reports host available again.
Jul  1 09:26:43 calvisitor-10-105-160-95 symptomsd[215]: __73-[NetworkAnalyticsEngine observeValueForKeyPath:ofObject:change:context:]_block_invoke unexpected switch value 2
Jul  1 09:26:43 calvisitor-10-105-160-95 kernel[0]: Sandbox: QQ(10018) deny(1) mach-lookup com.apple.networking.captivenetworksupport
Jul  1 09:26:43 calvisitor-10-105-160-95 networkd[195]: -[NETClientConnection evaluateCrazyIvan46] CI46 - Perform CrazyIvan46! NeteaseMusic.17988 tc7502 103.251.128.144:80
Jul  1 09:26:43 calvisitor-10-105-160-95 networkd[195]: nw_nat64_post_new_ifstate successfully changed NAT64 ifstate from 0x4 to 0x8000000000000000
Jul  1 09:26:43 calvisitor-10-105-160-95 networkd[195]: __42-[NETClientConnection evaluateCrazyIvan46]_block_invoke CI46 - Hit by torpedo! NeteaseMusic.17988 tc7502 103.251.128.144:80
Jul  1 09:26:43 calvisitor-10-105-160-95 symptomsd[215]: __73-[NetworkAnalyticsEngine observeValueForKeyPath:ofObject:change:context:]_block_invoke unexpected switch value 2
Jul  1 09:26:46 calvisitor-10-105-160-95 kernel[0]: AppleCamIn::handleWakeEvent_gated
Jul  1 09:26:47 --- last message repeated 1 time ---
Jul  1 09:26:47 calvisitor-10-105-160-95 com.apple.cts[258]: com.apple.Safari.SafeBrowsing.Update: scheduler_evaluate_activity told me to run this job; however, but the start time isn't for 2165 seconds.  Ignoring.
Jul  1 09:26:47 calvisitor-10-105-160-95 com.apple.cts[258]: com.apple.icloud.fmfd.heartbeat: scheduler_evaluate_activity told me to run this job; however, but the start time isn't for 438580 seconds.  Ignoring.
Jul  1 09:26:47 calvisitor-10-105-160-95 com.apple.cts[258]: com.apple.EscrowSecurityAlert.daily: scheduler_evaluate_activity told me to run this job; however, but the start time isn't for 13104 seconds.  Ignoring.
Jul  1 09:26:47 calvisitor-10-105-160-95 com.apple.cts[258]: com.apple.Safari.SafeBrowsing.Update: scheduler_evaluate_activity told me to run this job; however, but the start time isn't for 2165 seconds.  Ignoring.
Jul  1 09:26:47 calvisitor-10-105-160-95 com.apple.cts[258]: com.apple.icloud.fmfd.heartbeat: scheduler_evaluate_activity told me to run this job; however, but the start time isn't for 438580 seconds.  Ignoring.
Jul  1 09:26:47 calvisitor-10-105-160-95 com.apple.cts[258]: com.apple.EscrowSecurityAlert.daily: scheduler_evaluate_activity told me to run this job; however, but the start time isn't for 13104 seconds.  Ignoring.
Jul  1 09:26:47 calvisitor-10-105-160-95 QQ[10018]: ############################## _getSysMsgList
Jul  1 09:26:47 --- last message repeated 1 time ---
Jul  1 09:26:47 calvisitor-10-105-160-95 com.apple.cts[258]: com.apple.Safari.SafeBrowsing.Update: scheduler_evaluate_activity told me to run this job; however, but the start time isn't for 2165 seconds.  Ignoring.
Jul  1 09:26:47 calvisitor-10-105-160-95 com.apple.cts[258]: com.apple.icloud.fmfd.heartbeat: scheduler_evaluate_activity told me to run this job; however, but the start time isn't for 438580 seconds.  Ignoring.
Jul  1 09:26:47 calvisitor-10-105-160-95 com.apple.cts[258]: com.apple.EscrowSecurityAlert.daily: scheduler_evaluate_activity told me to run this job; however, but the start time isn't for 13104 seconds.  Ignoring.
Jul  1 09:26:48 calvisitor-10-105-160-95 QQ[10018]: FA||Url||taskID[2019353006] dealloc
Jul  1 09:26:51 calvisitor-10-105-160-95 com.apple.cts[258]: com.apple.Safari.SafeBrowsing.Update: scheduler_evaluate_activity told me to run this job; however, but the start time isn't for 2161 seconds.  Ignoring.
Jul  1 09:26:51 calvisitor-10-105-160-95 com.apple.CDScheduler[258]: Thermal pressure state: 1 Memory pressure state: 0
Jul  1 09:26:51 calvisitor-10-105-160-95 com.apple.cts[258]: com.apple.icloud.fmfd.heartbeat: scheduler_evaluate_activity told me to run this job; however, but the start time isn't for 438576 seconds.  Ignoring.
Jul  1 09:26:51 calvisitor-10-105-160-95 com.apple.cts[258]: com.apple.EscrowSecurityAlert.daily: scheduler_evaluate_activity told me to run this job; however, but the start time isn't for 13100 seconds.  Ignoring.
Jul  1 09:26:51 calvisitor-10-105-160-95 com.apple.cts[43]: com.apple.CacheDelete.daily: scheduler_evaluate_activity told me to run this job; however, but the start time isn't for 13012 seconds.  Ignoring.
Jul  1 09:26:51 calvisitor-10-105-160-95 com.apple.CDScheduler[43]: Thermal pressure state: 1 Memory pressure state: 0
Jul  1 09:26:51 calvisitor-10-105-160-95 com.apple.cts[258]: com.apple.Safari.SafeBrowsing.Update: scheduler_evaluate_activity told me to run this job; however, but the start time isn't for 2161 seconds.  Ignoring.
Jul  1 09:26:51 calvisitor-10-105-160-95 com.apple.cts[43]: com.apple.CacheDelete.daily: scheduler_evaluate_activity told me to run this job; however, but the start time isn't for 13012 seconds.  Ignoring.
Jul  1 09:26:51 calvisitor-10-105-160-95 com.apple.cts[258]: com.apple.icloud.fmfd.heartbeat: scheduler_evaluate_activity told me to run this job; however, but the start time isn't for 438576 seconds.  Ignoring.
Jul  1 09:26:51 calvisitor-10-105-160-95 com.apple.cts[258]: com.apple.EscrowSecurityAlert.daily: scheduler_evaluate_activity told me to run this job; however, but the start time isn't for 13100 seconds.  Ignoring.
Jul  1 09:26:57 calvisitor-10-105-160-95 com.apple.cts[43]: com.apple.CacheDelete.daily: scheduler_evaluate_activity told me to run this job; however, but the start time isn't for 13006 seconds.  Ignoring.
Jul  1 09:27:01 calvisitor-10-105-160-95 com.apple.cts[258]: com.apple.Safari.SafeBrowsing.Update: scheduler_evaluate_activity told me to run this job; however, but the start time isn't for 2151 seconds.  Ignoring.
Jul  1 09:27:01 calvisitor-10-105-160-95 com.apple.CDScheduler[258]: Thermal pressure state: 0 Memory pressure state: 0
Jul  1 09:27:01 calvisitor-10-105-160-95 com.apple.cts[258]: com.apple.icloud.fmfd.heartbeat: scheduler_evaluate_activity told me to run this job; however, but the start time isn't for 438566 seconds.  Ignoring.
Jul  1 09:27:01 calvisitor-10-105-160-95 com.apple.cts[258]: com.apple.EscrowSecurityAlert.daily: scheduler_evaluate_activity told me to run this job; however, but the start time isn't for 13090 seconds.  Ignoring.
Jul  1 09:27:01 calvisitor-10-105-160-95 com.apple.cts[43]: com.apple.CacheDelete.daily: scheduler_evaluate_activity told me to run this job; however, but the start time isn't for 13002 seconds.  Ignoring.
Jul  1 09:27:01 calvisitor-10-105-160-95 com.apple.CDScheduler[43]: Thermal pressure state: 0 Memory pressure state: 0
Jul  1 09:27:01 calvisitor-10-105-160-95 com.apple.cts[43]: com.apple.CacheDelete.daily: scheduler_evaluate_activity told me to run this job; however, but the start time isn't for 13002 seconds.  Ignoring.
Jul  1 09:27:01 calvisitor-10-105-160-95 com.apple.cts[258]: com.apple.Safari.SafeBrowsing.Update: scheduler_evaluate_activity told me to run this job; however, but the start time isn't for 2151 seconds.  Ignoring.
Jul  1 09:27:01 calvisitor-10-105-160-95 com.apple.cts[258]: com.apple.icloud.fmfd.heartbeat: scheduler_evaluate_activity told me to run this job; however, but the start time isn't for 438566 seconds.  Ignoring.
Jul  1 09:27:01 calvisitor-10-105-160-95 com.apple.cts[258]: com.apple.EscrowSecurityAlert.daily: scheduler_evaluate_activity told me to run this job; however, but the start time isn't for 13090 seconds.  Ignoring.
Jul  1 09:27:01 calvisitor-10-105-160-95 secd[276]:  SOSAccountThisDeviceCanSyncWithCircle sync with device failure: Error Domain=com.apple.security.sos.error Code=1035 "Account identity not set" UserInfo={NSDescription=Account identity not set}
Jul  1 09:27:01 calvisitor-10-105-160-95 com.apple.AddressBook.InternetAccountsBridge[31201]: dnssd_clientstub ConnectToServer: connect()-> No of tries: 1
Jul  1 09:27:01 calvisitor-10-105-160-95 sandboxd[129] ([31201]): com.apple.Addres(31201) deny network-outbound /private/var/run/mDNSResponder
Jul  1 09:27:02 calvisitor-10-105-160-95 kernel[0]: Sandbox: com.apple.Addres(31201) deny(1) network-outbound /private/var/run/mDNSResponder
Jul  1 09:27:02 calvisitor-10-105-160-95 com.apple.AddressBook.InternetAccountsBridge[31201]: dnssd_clientstub ConnectToServer: connect()-> No of tries: 2
Jul  1 09:27:03 calvisitor-10-105-160-95 kernel[0]: Sandbox: com.apple.Addres(31201) deny(1) network-outbound /private/var/run/mDNSResponder
Jul  1 09:27:03 calvisitor-10-105-160-95 com.apple.AddressBook.InternetAccountsBridge[31201]: dnssd_clientstub ConnectToServer: connect()-> No of tries: 3
Jul  1 09:27:04 calvisitor-10-105-160-95 kernel[0]: Sandbox: com.apple.Addres(31201) deny(1) network-outbound /private/var/run/mDNSResponder
Jul  1 09:27:04 calvisitor-10-105-160-95 com.apple.AddressBook.InternetAccountsBridge[31201]: dnssd_clientstub ConnectToServer: connect() failed path:/var/run/mDNSResponder Socket:4 Err:-1 Errno:1 Operation not permitted
Jul  1 09:27:04 calvisitor-10-105-160-95 kernel[0]: Sandbox: com.apple.Addres(31201) deny(1) network-outbound /private/var/run/mDNSResponder
Jul  1 09:27:04 calvisitor-10-105-160-95 com.apple.AddressBook.InternetAccountsBridge[31201]: dnssd_clientstub ConnectToServer: connect()-> No of tries: 1
Jul  1 09:27:05 calvisitor-10-105-160-95 kernel[0]: Sandbox: com.apple.Addres(31201) deny(1) network-outbound /private/var/run/mDNSResponder
Jul  1 09:27:05 calvisitor-10-105-160-95 com.apple.AddressBook.InternetAccountsBridge[31201]: dnssd_clientstub ConnectToServer: connect()-> No of tries: 2
Jul  1 09:27:06 calvisitor-10-105-160-95 kernel[0]: IO80211AWDLPeerManager::setAwdlOperatingMode Setting the AWDL operation mode from AUTO to SUSPENDED
Jul  1 09:27:06 calvisitor-10-105-160-95 kernel[0]: IO80211AWDLPeerManager::setAwdlSuspendedMode() Suspending AWDL, enterQuietMode(true)
Jul  1 09:27:07 calvisitor-10-105-160-95 kernel[0]: Sandbox: com.apple.Addres(31201) deny(1) network-outbound /private/var/run/mDNSResponder
Jul  1 09:27:07 calvisitor-10-105-160-95 com.apple.AddressBook.InternetAccountsBridge[31201]: dnssd_clientstub ConnectToServer: connect()-> No of tries: 3
Jul  1 09:27:08 calvisitor-10-105-160-95 kernel[0]: Sandbox: com.apple.Addres(31201) deny(1) network-outbound /private/var/run/mDNSResponder
Jul  1 09:27:08 calvisitor-10-105-160-95 com.apple.AddressBook.InternetAccountsBridge[31201]: dnssd_clientstub ConnectToServer: connect() failed path:/var/run/mDNSResponder Socket:4 Err:-1 Errno:1 Operation not permitted
Jul  1 09:27:10 calvisitor-10-105-160-95 kernel[0]: ARPT: 621176.932749: wl0: Roamed or switched channel, reason #8, bssid 5c:50:15:4c:18:13, last RSSI -67
Jul  1 09:27:10 calvisitor-10-105-160-95 kernel[0]: en0: BSSID changed to 5c:50:15:4c:18:13
Jul  1 09:27:10 calvisitor-10-105-160-95 kernel[0]: en0: channel changed to 1
Jul  1 09:27:10 calvisitor-10-105-160-95 kernel[0]: en0::IO80211Interface::postMessage bssid changed
Jul  1 09:27:10 calvisitor-10-105-160-95 symptomsd[215]: -[NetworkAnalyticsEngine _writeJournalRecord:fromCellFingerprint:key:atLOI:ofKind:lqm:isFaulty:] Hashing of the primary key failed. Dropping the journal record.
Jul  1 09:27:10 calvisitor-10-105-160-95 kernel[0]: IO80211AWDLPeerManager::setAwdlOperatingMode Setting the AWDL operation mode from SUSPENDED to AUTO
Jul  1 09:27:10 calvisitor-10-105-160-95 kernel[0]: IO80211AWDLPeerManager::setAwdlAutoMode Resuming AWDL
Jul  1 09:27:10 calvisitor-10-105-160-95 symptomsd[215]: -[NetworkAnalyticsEngine _writeJournalRecord:fromCellFingerprint:key:atLOI:ofKind:lqm:isFaulty:] Hashing of the primary key failed. Dropping the journal record.
Jul  1 09:27:10 calvisitor-10-105-160-95 mDNSResponder[91]: mDNS_DeregisterInterface: Frequent transitions for interface en0 (2607:F140:6000:0008:C6B3:01FF:FECD:467F)
Jul  1 09:27:10 calvisitor-10-105-160-95 mDNSResponder[91]: mDNS_RegisterInterface: Frequent transitions for interface en0 (FE80:0000:0000:0000:C6B3:01FF:FECD:467F)
Jul  1 09:27:10 calvisitor-10-105-160-95 mDNSResponder[91]: mDNS_RegisterInterface: Frequent transitions for interface en0 (10.105.160.95)
Jul  1 09:27:16 calvisitor-10-105-160-95 AddressBookSourceSync[31199]: Unrecognized attribute value: t:AbchPersonItemType
Jul  1 09:27:16 calvisitor-10-105-160-95 AddressBookSourceSync[31199]: -[SOAPParser:0x7fd493691c20 parser:didStartElement:namespaceURI:qualifiedName:attributes:] Type not found in EWSItemType for ExchangePersonIdGuid (t:ExchangePersonIdGuid)
Jul  1 09:27:25 calvisitor-10-105-160-95 kernel[0]: ARPT: 621192.137405: wl0: setup_keepalive: interval 900, retry_interval 30, retry_count 10
Jul  1 09:27:25 calvisitor-10-105-160-95 kernel[0]: ARPT: 621192.137421: wl0: setup_keepalive: Local IP: 10.105.160.95
Jul  1 09:27:25 calvisitor-10-105-160-95 kernel[0]: ARPT: 621192.137429: wl0: setup_keepalive: Remote IP: 17.249.12.134
Jul  1 09:27:25 calvisitor-10-105-160-95 kernel[0]: ARPT: 621192.137438: wl0: setup_keepalive: Local port: 61908, Remote port: 443
Jul  1 09:27:25 calvisitor-10-105-160-95 kernel[0]: ARPT: 621192.137447: wl0: setup_keepalive: Seq: 3599606422, Ack: 2814352500, Win size: 4096
Jul  1 09:27:25 calvisitor-10-105-160-95 kernel[0]: ARPT: 621192.137476: wl0: MDNS: IPV4 Addr: 10.105.160.95
Jul  1 09:27:25 calvisitor-10-105-160-95 kernel[0]: ARPT: 621192.137485: wl0: MDNS: IPV6 Addr: fe80:0:0:0:c6b3:1ff:fecd:467f
Jul  1 09:27:25 calvisitor-10-105-160-95 kernel[0]: ARPT: 621192.137494: wl0: MDNS: IPV6 Addr: 2607:f140:6000:8:c6b3:1ff:fecd:467f
Jul  1 09:27:25 calvisitor-10-105-160-95 kernel[0]: ARPT: 621192.137504: wl0: MDNS: IPV6 Addr: 2607:f140:6000:8:bc99:fcd6:6da3:b2ab
Jul  1 09:27:25 calvisitor-10-105-160-95 kernel[0]: ARPT: 621192.137512: wl0: MDNS: 0 SRV Recs, 0 TXT Recs
Jul  1 09:27:25 calvisitor-10-105-160-95 mDNSResponder[91]: mDNS_DeregisterInterface: Frequent transitions for interface awdl0 (FE80:0000:0000:0000:D8A5:90FF:FEF5:7FFF)
Jul  1 09:27:25 calvisitor-10-105-160-95 mDNSResponder[91]: mDNS_DeregisterInterface: Frequent transitions for interface en0 (2607:F140:6000:0008:C6B3:01FF:FECD:467F)
Jul  1 09:27:27 calvisitor-10-105-160-95 kernel[0]: PM response took 1963 ms (54, powerd)
Jul  1 09:27:27 calvisitor-10-105-160-95 kernel[0]: ARPT: 621194.098159: AirPort_Brcm43xx::powerChange: System Sleep 
Jul  1 09:27:27 calvisitor-10-105-160-95 kernel[0]: ARPT: 621194.098182: IOPMPowerSource Information: onSleep,  SleepType: Normal Sleep,  'ExternalConnected': Yes, 'TimeRemaining': 0, 
Jul  1 09:27:27 calvisitor-10-105-160-95 kernel[0]: AppleCamIn::systemWakeCall - messageType = 0xE0000340
Jul  1 09:28:40 calvisitor-10-105-160-95 kernel[0]: AppleThunderboltNHIType2::prePCIWake - power up complete - took 3 us
Jul  1 09:28:40 calvisitor-10-105-160-95 kernel[0]: AppleThunderboltGenericHAL::earlyWake - complete - took 0 milliseconds
Jul  1 09:28:40 calvisitor-10-105-160-95 kernel[0]: Bluetooth -- LE is supported - Disable LE meta event
Jul  1 09:28:40 calvisitor-10-105-160-95 kernel[0]: AirPort: Link Down on awdl0. Reason 1 (Unspecified).
Jul  1 09:28:40 calvisitor-10-105-160-95 kernel[0]: ARPT: 621194.627374: wl0: wl_update_tcpkeep_seq: Original Seq: 3599606422, Ack: 2814352500, Win size: 4096
Jul  1 09:28:40 calvisitor-10-105-160-95 kernel[0]: ARPT: 621194.627402: wl0: wl_update_tcpkeep_seq: Updated seq/ack/win from UserClient Seq 3599606422, Ack 2814352500, Win size 278
Jul  1 09:28:40 calvisitor-10-105-160-95 kernel[0]: ARPT: 621194.627430: wl0: leaveModulePoweredForOffloads: Wi-Fi will stay on.
Jul  1 09:28:40 calvisitor-10-105-160-95 kernel[0]: ARPT: 621194.657320: AirPort_Brcm43xx::platformWoWEnable: WWEN[enable]
Jul  1 09:28:40 calvisitor-10-105-160-95 kernel[0]: ARPT: 621194.658197: AirPort_Brcm43xx::syncPowerState: WWEN[enabled]
Jul  1 09:28:40 calvisitor-10-105-160-95 kernel[0]: IOThunderboltSwitch<0>(0x0)::listenerCallback - Thunderbolt HPD packet for route = 0x0 port = 11 unplug = 0
Jul  1 09:28:40 calvisitor-10-105-160-95 kernel[0]: IOThunderboltSwitch<0>(0x0)::listenerCallback - Thunderbolt HPD packet for route = 0x0 port = 12 unplug = 0
Jul  1 09:28:40 calvisitor-10-105-160-95 kernel[0]: AppleCamIn::systemWakeCall - messageType = 0xE0000340
Jul  1 09:27:29 calvisitor-10-105-160-95 kernel[0]: AppleThunderboltNHIType2::waitForOk2Go2Sx - intel_rp = 1 dlla_reporting_supported = 0
Jul  1 09:28:40 calvisitor-10-105-160-95 kernel[0]: AppleThunderboltNHIType2::waitForOk2Go2Sx - retries = 9
Jul  1 09:28:40 calvisitor-10-105-160-95 kernel[0]: Wake reason: ?
Jul  1 09:28:40 calvisitor-10-105-160-95 kernel[0]: AppleCamIn::systemWakeCall - messageType = 0xE0000340
Jul  1 09:28:40 calvisitor-10-105-160-95 kernel[0]: AppleCamIn::wakeEventHandlerThread
Jul  1 09:28:40 calvisitor-10-105-160-95 kernel[0]: Previous sleep cause: 5
Jul  1 09:28:40 calvisitor-10-105-160-95 kernel[0]: AppleThunderboltNHIType2::prePCIWake - power up complete - took 1 us
Jul  1 09:28:40 calvisitor-10-105-160-95 kernel[0]: AppleThunderboltGenericHAL::earlyWake - complete - took 1 milliseconds
Jul  1 09:28:40 calvisitor-10-105-160-95 Mail[11203]: tcp_connection_destination_perform_socket_connect 35677 connectx to 2607:f8b0:400e:c05::6c.143@0 failed: [50] Network is down
Jul  1 09:28:40 calvisitor-10-105-160-95 Mail[11203]: tcp_connection_destination_perform_socket_connect 35677 connectx to 74.125.135.108:143@0 failed: [50] Network is down
Jul  1 09:28:40 calvisitor-10-105-160-95 Mail[11203]: tcp_connection_destination_perform_socket_connect 35677 connectx to 74.125.135.109:143@0 failed: [50] Network is down
Jul  1 09:28:40 calvisitor-10-105-160-95 Mail[11203]: tcp_connection_destination_perform_socket_connect 35678 connectx to 2607:f8b0:400e:c05::6c.585@0 failed: [50] Network is down
Jul  1 09:28:40 calvisitor-10-105-160-95 Mail[11203]: tcp_connection_destination_perform_socket_connect 35678 connectx to 74.125.135.108:585@0 failed: [50] Network is down
Jul  1 09:28:40 calvisitor-10-105-160-95 Mail[11203]: tcp_connection_destination_perform_socket_connect 35678 connectx to 74.125.135.109:585@0 failed: [50] Network is down
Jul  1 09:28:40 calvisitor-10-105-160-95 Mail[11203]: tcp_connection_destination_perform_socket_connect 35676 connectx to 123.125.50.30:143@0 failed: [50] Network is down
Jul  1 09:28:40 calvisitor-10-105-160-95 kernel[0]: IOThunderboltSwitch<0>(0x0)::listenerCallback - Thunderbolt HPD packet for route = 0x0 port = 11 unplug = 0
Jul  1 09:28:40 calvisitor-10-105-160-95 kernel[0]: IOThunderboltSwitch<0>(0x0)::listenerCallback - Thunderbolt HPD packet for route = 0x0 port = 12 unplug = 0
Jul  1 09:28:40 calvisitor-10-105-160-95 kernel[0]: TBT W (2): 0x0040 [x]
Jul  1 09:28:40 calvisitor-10-105-160-95 kernel[0]: en0: channel changed to 1
Jul  1 09:28:40 calvisitor-10-105-160-95 kernel[0]: ARPT: 621196.415840: ARPT: Wake Reason: Wake on Scan offload; Disconnect reason: Class 3 frame received from nonassociated STA
Jul  1 09:28:40 calvisitor-10-105-160-95 kernel[0]: AirPort: Link Down on en0. Reason 8 (Disassociated because station leaving).
Jul  1 09:28:40 calvisitor-10-105-160-95 kernel[0]: en0: channel changed to 1
Jul  1 09:28:40 calvisitor-10-105-160-95 kernel[0]: en0::IO80211Interface::postMessage bssid changed
Jul  1 09:28:40 calvisitor-10-105-160-95 symptomsd[215]: -[NetworkAnalyticsEngine _writeJournalRecord:fromCellFingerprint:key:atLOI:ofKind:lqm:isFaulty:] Hashing of the primary key failed. Dropping the journal record.
Jul  1 09:28:40 calvisitor-10-105-160-95 kernel[0]: AirPort: Link Up on awdl0
Jul  1 09:28:40 calvisitor-10-105-160-95 kernel[0]: en0: 802.11d country code set to 'X3'.
Jul  1 09:28:40 calvisitor-10-105-160-95 kernel[0]: en0: Supported channels 1 2 3 4 5 6 7 8 9 10 11 12 13 36 40 44 48 52 56 60 64 100 104 108 112 116 120 124 128 132 136 140 144 149 153 157 161
Jul  1 09:28:40 calvisitor-10-105-160-95 kernel[0]: in6_unlink_ifa: IPv6 address 0x77c911455cd9b79b has no prefix
Jul  1 09:28:40 calvisitor-10-105-160-95 kernel[0]: Setting BTCoex Config: enable_2G:1, profile_2g:0, enable_5G:1, profile_5G:0
Jul  1 09:28:40 authorMacBook-Pro configd[53]: setting hostname to "authorMacBook-Pro.local"
Jul  1 09:28:40 authorMacBook-Pro configd[53]: network changed: v4(en0-:10.105.160.95) v6(en0:2607:f140:6000:8:c6b3:1ff:fecd:467f) DNS! Proxy SMB
Jul  1 09:28:40 authorMacBook-Pro kernel[0]: USBMSC Identifier (non-unique): 000000000820 0x5ac 0x8406 0x820, 3
Jul  1 09:28:40 authorMacBook-Pro sharingd[30299]: 09:28:40.523 : BTLE scanner Powered On
Jul  1 09:28:40 --- last message repeated 2 times ---
Jul  1 09:28:40 authorMacBook-Pro kernel[0]: IO80211AWDLPeerManager::setAwdlOperatingMode Setting the AWDL operation mode from AUTO to SUSPENDED
Jul  1 09:28:40 authorMacBook-Pro kernel[0]: IO80211AWDLPeerManager::setAwdlSuspendedMode() Suspending AWDL, enterQuietMode(true)
Jul  1 09:28:40 authorMacBook-Pro kernel[0]: ARPT: 621196.503537: AirPort_Brcm43xx::powerChange: System Wake - Full Wake/ Dark Wake / Maintenance wake
Jul  1 09:28:40 authorMacBook-Pro kernel[0]: ARPT: 621196.503565: IOPMPowerSource Information: onWake,  SleepType: Normal Sleep,  'ExternalConnected': Yes, 'TimeRemaining': 0, 
Jul  1 09:28:40 authorMacBook-Pro kernel[0]: ARPT: 621196.503594: ARPT: Wake Reason: Wake on Scan offload
Jul  1 09:28:40 authorMacBook-Pro kernel[0]: ARPT: 621196.503648: AirPort_Brcm43xx::platformWoWEnable: WWEN[disable]
Jul  1 09:28:40 authorMacBook-Pro kernel[0]: AppleCamIn::systemWakeCall - messageType = 0xE0000340
Jul  1 09:28:40 authorMacBook-Pro kernel[0]: AppleCamIn::wakeEventHandlerThread
Jul  1 09:28:40 authorMacBook-Pro Dock[307]: -[UABestAppSuggestionManager notifyBestAppChanged:type:options:bundleIdentifier:activityType:dynamicIdentifier:when:confidence:deviceName:deviceIdentifier:deviceType:] (null) UASuggestedActionType=0 (null)/(null) opts=(null) when=2017-07-01 16:28:40 +0000 confidence=1 from=(null)/(null) (UABestAppSuggestionManager.m #319)
Jul  1 09:28:40 authorMacBook-Pro kernel[0]: [HID] [ATC] AppleDeviceManagementHIDEventService::processWakeReason Wake reason: Host (0x01)
Jul  1 09:28:40 authorMacBook-Pro com.apple.cts[258]: com.apple.Safari.SafeBrowsing.Update: scheduler_evaluate_activity told me to run this job; however, but the start time isn't for 2052 seconds.  Ignoring.
Jul  1 09:28:40 authorMacBook-Pro com.apple.cts[43]: com.apple.CacheDelete.daily: scheduler_evaluate_activity told me to run this job; however, but the start time isn't for 12903 seconds.  Ignoring.
Jul  1 09:28:40 authorMacBook-Pro com.apple.cts[258]: com.apple.icloud.fmfd.heartbeat: scheduler_evaluate_activity told me to run this job; however, but the start time isn't for 438467 seconds.  Ignoring.
Jul  1 09:28:40 authorMacBook-Pro com.apple.cts[258]: com.apple.EscrowSecurityAlert.daily: scheduler_evaluate_activity told me to run this job; however, but the start time isn't for 12991 seconds.  Ignoring.
Jul  1 09:28:40 authorMacBook-Pro kernel[0]: in6_unlink_ifa: IPv6 address 0x77c911455cd9bb8b has no prefix
Jul  1 09:28:40 authorMacBook-Pro UserEventAgent[43]: Captive: CNPluginHandler en0: Inactive
Jul  1 09:28:41 authorMacBook-Pro cdpd[11807]: Saw change in network reachability (isReachable=0)
Jul  1 09:28:41 authorMacBook-Pro com.apple.WebKit.WebContent[25654]: [09:28:41.064] <<<< CRABS >>>> crabsFlumeHostUnavailable: [0x7f961cf08cf0] Byte flume reports host unavailable.
Jul  1 09:28:41 authorMacBook-Pro symptomsd[215]: __73-[NetworkAnalyticsEngine observeValueForKeyPath:ofObject:change:context:]_block_invoke unexpected switch value 2
Jul  1 09:28:41 authorMacBook-Pro netbiosd[31198]: network_reachability_changed : network is not reachable, netbiosd is shutting down
Jul  1 09:28:41 authorMacBook-Pro QQ[10018]: tcp_connection_handle_connect_conditions_bad 18864 failed: 3 - No network route
Jul  1 09:28:41 authorMacBook-Pro configd[53]: network changed: v6(en0-:2607:f140:6000:8:c6b3:1ff:fecd:467f) DNS- Proxy-
Jul  1 09:28:41 authorMacBook-Pro networkd[195]: -[NETClientConnection effectiveBundleID] using process name apsd as bundle ID (this is expected for daemons without bundle ID
Jul  1 09:28:41 --- last message repeated 1 time ---
Jul  1 09:28:41 authorMacBook-Pro Dropbox[24019]: [0701/092841:WARNING:dns_config_service_posix.cc(306)] Failed to read DnsConfig.
Jul  1 09:28:41 authorMacBook-Pro kernel[0]: ARPT: 621197.355501: wlc_dump_aggfifo:
Jul  1 09:28:41 authorMacBook-Pro kernel[0]: ARPT: 621197.355525: framerdy 0x0 bmccmd 7 framecnt 1024 
